item_idx,exposure,click,convert,ctr_smooth,cvr_smooth,discoverability,quality,clean_title,genres
0,1750,1396,692,0.7918238012906696,0.49236072740026227,0.5196938,1.307104782567088,Toy Story,Animation|Children's|Comedy
1,566,229,37,0.419290328446762,0.20413480939347395,0.5333367,-1.0185412972093062,Jumanji,Adventure|Children's|Fantasy
2,382,124,34,0.3548213942666791,0.31007822885505304,0.5094879,-1.0829159786060216,Grumpier Old Men,Comedy|Romance
3,134,31,3,0.3276241430608987,0.28337792371332376,0.5780611,-0.7475239411744921,Waiting to Exhale,Comedy|Drama
4,237,75,11,0.3633548513003671,0.2476288945662338,0.5344767,-1.0731671508482727,Father of the Bride Part II,Comedy
5,787,540,215,0.6801467650217508,0.3982264607131851,0.5562894,0.8355164728389657,Heat,Action|Crime|Thriller
6,356,168,52,0.48591833084533337,0.33006243954485887,0.524941,-0.390307433425339,Sabrina,Comedy|Romance
7,52,16,2,0.4439494345412291,0.3326304821330186,0.5070364,-0.6815073622615144,Tom and Huck,Adventure|Children's
8,80,21,1,0.3867910947938874,0.29512129325041164,0.56076074,-0.6139977418348185,Sudden Death,Action
9,720,388,84,0.5419257692509161,0.2373370132894503,0.53052986,-0.4542774808038625,GoldenEye,Action|Adventure|Thriller
10,830,563,163,0.6730486844581879,0.2984561367386284,0.53637666,0.30681070427089735,The American President,Comedy|Drama|Romance
11,124,23,8,0.30047610530577795,0.38292618932574285,0.5493974,-0.7282944316504365,Dracula: Dead and Loving It,Comedy|Horror
12,76,36,8,0.5181177962159156,0.3250419979160375,0.5102319,-0.39842410402622325,Balto,Animation|Children's
13,108,49,12,0.4954610273620592,0.32276375576544675,0.5393909,-0.2668284622732674,Nixon,Drama
14,112,25,5,0.33507927360003315,0.33271482427705634,0.508823,-1.0851598818281258,Cutthroat Island,Action|Adventure|Romance
15,548,340,124,0.6175298366608786,0.3691118251814852,0.57437915,0.6344969646463625,Casino,Drama|Thriller
16,665,504,223,0.7458501291233641,0.4385444256692766,0.543182,1.1260213423853775,Sense and Sensibility,Drama|Romance
17,112,56,16,0.5264372982913911,0.33918501717716254,0.53996027,-0.08644426710881208,Four Rooms,Thriller
18,312,61,21,0.24940011691493194,0.36895145784485794,0.5266947,-1.1492143060511253,Ace Ventura: When Nature Calls,Comedy
19,123,16,0,0.2617505336601466,0.30232745182998827,0.5271375,-1.3299675829411841,Money Train,Action
20,1142,664,198,0.5816131227543669,0.3052571594128561,0.5767134,0.29282080772269903,Get Shorty,Action|Comedy|Drama
21,313,143,32,0.47460838105566217,0.26918969855326025,0.546066,-0.48124195141959214,Copycat,Crime|Drama|Thriller
22,104,28,4,0.3719665085922426,0.3070975874458875,0.543656,-0.7621069800241667,Assassins,Thriller
23,516,208,50,0.41922763661343704,0.2711380303130978,0.5452696,-0.6931945499190553,Powder,Drama|Sci-Fi
24,817,505,190,0.6162431860705945,0.3782947960734761,0.54530036,0.43563589010273457,Leaving Las Vegas,Drama|Romance
25,76,44,9,0.5816098597079791,0.30801714702956623,0.55729645,0.15159825590399773,Othello,Drama
26,38,10,2,0.44639593549097006,0.36589353034632044,0.5814782,0.021668408116893134,Now and Then,Drama
27,140,109,51,0.7278044332800282,0.44624913094829705,0.5252334,0.9441476156087936,Persuasion,Romance
28,316,242,129,0.741209951702747,0.5101151089752713,0.51608413,1.1465400494437714,The City of Lost Children,Adventure|Sci-Fi
29,52,29,13,0.5714004149333859,0.4171343268453067,0.5220587,0.21803893813935693,Shanghai Triad (Yao a yao yao dao waipo qiao),Drama
30,104,30,7,0.3849535215792556,0.33692014775974033,0.57984895,-0.3275026410731622,Dangerous Minds,Drama
31,1256,894,403,0.706954703157125,0.44804408031862203,0.5503217,1.0652214750237525,Twelve Monkeys,Drama|Sci-Fi
32,3,0,0,0.5525064589284031,0.39907223641558454,0.50579435,0.0,Wings of Courage,Adventure|Romance
33,1495,1054,474,0.7011539432512657,0.4474217498376623,0.5518097,1.0523530370264127,Babe,Children's|Comedy|Drama
34,48,23,4,0.5334983910531159,0.32813166877779765,0.5245227,-0.21766521290225804,Carrington,Drama|Romance
35,759,538,221,0.7012148854427755,0.40978505411697147,0.5528377,0.9297426484066933,Dead Man Walking,Drama
36,6,3,2,0.5764793272000958,0.4142190909580986,0.524284,0.24468006985627463,Across the Sea of Time,Documentary
37,21,10,5,0.5532794693409206,0.41589353034632043,0.53352547,0.2332392011652826,It Takes Two,Comedy
38,1137,686,192,0.6025971712916642,0.28798045084345003,0.55856395,0.17233814757477486,Clueless,Comedy|Romance
39,20,14,3,0.6183263189029338,0.3586501846996754,0.5194789,0.17479870677204246,"Cry, the Beloved Country",Drama
40,201,157,52,0.7421627184191448,0.3476019894723634,0.5254066,0.6576911532230623,Richard III,Drama|War
41,175,47,7,0.3390348547698016,0.277872286812157,0.54803413,-0.956078226313246,Dead Presidents,Action|Crime|Drama
42,123,59,14,0.5103054469549443,0.31150102587870854,0.5562946,-0.11772414935250769,Restoration,Drama
43,243,60,9,0.3047195983727145,0.2632146529161748,0.49533352,-1.5480301850871292,Mortal Kombat,Action|Adventure
44,434,215,61,0.504716616370259,0.305485327625582,0.5730789,-0.029727057464047635,To Die For,Comedy|Drama
45,128,45,9,0.41731933889441214,0.3047748612713603,0.46946102,-1.1723704826112786,How to Make an American Quilt,Drama|Romance
46,870,691,348,0.7829161329600058,0.496563578705505,0.5591894,1.5942758167048345,Seven (Se7en),Crime|Thriller
47,302,97,24,0.3587580747818334,0.2990041620461172,0.48149657,-1.323700530966524,Pocahontas,Animation|Children's|Musical|Romance
48,24,13,6,0.5713897611243969,0.41196209239332104,0.5600637,0.49518942450066816,When Night Is Falling,Drama|Romance
49,1466,1323,943,0.8920071519282358,0.7013500450260591,0.54541695,2.6178348888610214,The Usual Suspects,Crime|Thriller
50,335,195,58,0.5825528372031308,0.31817800743175195,0.5262726,-0.050413425744293354,Mighty Aphrodite,Comedy
51,8,8,6,0.6428076262621615,0.4474760658755039,0.56099147,0.8999316875028004,Lamerica,Drama
52,28,7,2,0.46516464516929956,0.38515108457507413,0.5129008,-0.3719746957664927,The Big Green,Children's|Comedy
53,37,16,2,0.5204924404966134,0.3326304821330186,0.5532091,-0.02914462193003131,Georgia,Drama
54,7,1,0,0.5312779354948309,0.39124729060351426,0.5150427,-0.0804191632500472,Kids of the Round Table,Adventure|Children's|Fantasy
55,77,37,10,0.5219121442772076,0.3442943887445888,0.5555531,0.0350532471607832,Home for the Holidays,Drama
56,401,305,156,0.7412036415148678,0.4956439769599415,0.5014875,0.982846316950152,"Postino, Il (The Postman)",Drama|Romance
57,7,1,0,0.5312779354948309,0.39124729060351426,0.5396104,0.11038864372945464,"Confessional, The (Le Confessionnal)",Drama|Mystery
58,294,121,23,0.4368687276837365,0.25119071240221774,0.5015006,-1.0347676056212478,The Indian in the Cupboard,Adventure|Children's|Fantasy
59,53,17,2,0.44934798372044044,0.32766584807133176,0.57601625,-0.1423056910407603,Eye for an Eye,Drama|Thriller
60,423,268,92,0.6285049520575167,0.3520553830842114,0.5454197,0.39241038352177277,Mr. Holland's Opus,Drama
61,89,27,6,0.40491253469931915,0.3370598937763536,0.47130746,-1.0934191847443744,Don't Be a Menace to South Central While Drinking Your Juice in the Hood,Comedy
62,63,4,0,0.2945384276389855,0.3695113300144301,0.53209597,-0.9320870066703587,Two if by Sea,Comedy|Romance
63,100,14,2,0.2885522821547024,0.3430251846996754,0.50197244,-1.2810868634890253,Bio-Dome,Comedy
64,81,4,0,0.2540674986504226,0.3695113300144301,0.48597628,-1.4456004688055795,Lawnmower Man 2: Beyond Cyberspace,Sci-Fi|Thriller
65,2,0,0,0.5631315831385647,0.39907223641558454,0.59469736,0.0,Two Bits,Drama
66,47,25,5,0.5596169311670656,0.33271482427705634,0.53076285,-0.05303140386968245,French Twist (Gazon maudit),Comedy|Romance
67,255,160,55,0.6205994830269028,0.3569219610513297,0.5237121,0.21039272281258975,Friday,Comedy
68,776,322,102,0.42528189143245204,0.32783228984080437,0.5622986,-0.34062771905535594,From Dusk Till Dawn,Action|Comedy|Crime|Horror|Thriller
69,66,9,1,0.33002450278625317,0.35514596306405466,0.52709854,-0.8846471097383627,Fair Game,Action
70,69,40,13,0.5822087590185324,0.36615124245310254,0.5705825,0.4591635823011696,Kicking and Screaming,Comedy|Drama
71,172,111,46,0.6319046951495737,0.4096497628619828,0.53495604,0.5243936177067188,"Misérables, Les",Drama|Musical
72,97,33,8,0.4236928049197644,0.33679050386480996,0.52692723,-0.5903028701965665,Bed of Roses,Drama|Romance
73,8,1,0,0.5221179710897477,0.39124729060351426,0.53819937,0.06427570111917956,Big Bully,Comedy|Drama
74,149,35,8,0.3230293584080671,0.3288660214209321,0.5225697,-1.038018017088015,Screamers,Sci-Fi|Thriller
75,29,18,5,0.5985169914329793,0.36696487971734154,0.4609631,-0.3267932103432128,Nico Icon,Documentary
76,35,16,4,0.5327393214494749,0.3629335124360489,0.5463026,0.06955207116668884,The Crossing Guard,Drama
77,94,19,2,0.3352975161333706,0.31816828725766994,0.5457361,-0.8481971724177062,The Juror,Drama|Thriller
78,41,28,9,0.6294817837714876,0.3712001515484516,0.53363955,0.37121617629355497,"White Balloon, The (Badkonake Sefid )",Drama
79,136,60,12,0.48001528130755566,0.2904873801889021,0.4779825,-0.9152377164581881,Things to Do in Denver when You're Dead,Crime|Drama|Romance
80,67,41,23,0.6007080540444902,0.4720177123162553,0.541206,0.6700047194708211,Antonia's Line (Antonia),Drama
81,24,12,5,0.5578762476108833,0.40247761001256815,0.5552117,0.3726748088640466,Once Upon a Time... When We Were Colored,Drama
82,16,4,2,0.5042854897455359,0.40654836705146713,0.5309826,-0.007023671077609515,Last Summer in the Hamptons,Comedy|Drama
83,151,76,17,0.5237952354388327,0.29328263349824785,0.5472487,-0.19953787816628815,Angels and Insects,Drama|Romance
84,200,96,19,0.5011313692928214,0.2668055604162961,0.5541001,-0.32534168849976225,White Squall,Adventure|Drama
85,62,4,2,0.29716823502861933,0.40654836705146713,0.5045189,-1.0074309567475734,Dunston Checks In,Children's|Comedy
86,146,47,11,0.38919817511839466,0.31910940021421885,0.5285808,-0.771304733801181,Black Sheep,Comedy
87,186,60,6,0.3783171284881583,0.23594192564344751,0.56449986,-0.8231913089857372,Nick of Time,Action|Thriller
88,5,3,1,0.5869607695128248,0.39535116642979673,0.54621726,0.3896665540239367,The Journey of August King,Drama
89,70,7,1,0.3023570193600447,0.3676072249259513,0.52878404,-0.9344222099112063,Mary Reilly,Drama|Thriller
90,66,6,0,0.30416243382073593,0.35631449679962907,0.5297364,-0.9593512404274506,Vampire in Brooklyn,Comedy|Romance
91,121,70,35,0.5806014170947682,0.45794676517316024,0.52782106,0.43997195009714624,Beautiful Girls,Drama
92,529,148,24,0.3061879832870559,0.22198793848878398,0.5431036,-1.3146903646172612,Broken Arrow,Action|Thriller
93,9,8,3,0.6319125817492435,0.3957519279444694,0.53410697,0.4695194293218756,In the Bleak Midwinter,Comedy
94,36,27,13,0.6544516549209927,0.42796898468544453,0.5136215,0.508906166344627,"Hate (Haine, La)",Drama
95,3,0,0,0.5525064589284031,0.39907223641558454,0.5396579,0.0,Shopping,Action|Thriller
96,43,23,5,0.5621811002495201,0.34183029891478395,0.42370328,-0.8429958914347011,Heidi Fleiss: Hollywood Madam,Documentary
97,100,31,6,0.40188561548803575,0.3204149607503608,0.5599244,-0.47464042665678263,City Hall,Drama|Thriller
98,177,122,52,0.6664442393092747,0.41833495244639085,0.5256316,0.6147204510909309,Bottle Rocket,Comedy
99,46,5,0,0.3571129408667226,0.36279294219598596,0.51511997,-0.8471386803050169,Mr. Wrong,Comedy
100,28,12,4,0.5292672092718637,0.38634857775450365,0.521297,-0.05658981184908703,Unforgettable,Thriller
101,533,315,115,0.5905366077584998,0.3697359227966554,0.52749217,0.16891832532753903,Happy Gilmore,Comedy
102,317,135,41,0.4476371725427939,0.32947898281502286,0.4899126,-0.8113034850707093,The Bridges of Madison County,Drama|Romance
103,11,7,4,0.5948006938230388,0.42023880387331974,0.5252488,0.3434121716153169,Nobody Loves Me (Keiner liebt mich),Comedy|Drama
104,200,83,19,0.44913136929282144,0.2928842994043551,0.48212883,-0.9932289303176294,Muppet Treasure Island,Adventure|Children's|Comedy|Musical
105,7,3,1,0.5663656547930765,0.39535116642979673,0.49782982,-0.06518033430791337,Catwalk,Documentary
106,2081,1684,1039,0.8039806862145497,0.6106998914768047,0.53902626,1.9152654930054744,Braveheart,Action|Drama|War
107,1039,854,462,0.8110953556686918,0.5331345263504195,0.55083656,1.764672483652882,Taxi Driver,Drama|Thriller
108,466,244,53,0.5296179114790802,0.24814153680537154,0.5362061,-0.4198696295493025,Rumble in the Bronx,Action|Adventure|Crime
109,39,10,2,0.4413802508225322,0.36589353034632044,0.5814892,0.0025048749472943443,Before and After,Drama|Mystery
110,7,2,1,0.5488217951439538,0.40295407347652357,0.517937,0.050083172307340273,Margaret's Museum,Drama
111,34,29,15,0.6938433609905401,0.4424507825415092,0.4430278,0.16214862545302533,Anne Frank Remembered,Documentary
112,56,31,6,0.5687060596528808,0.3204149607503608,0.50482553,-0.2623499633810241,The Young Poisoner's Handbook,Crime
113,55,20,5,0.46936040307814636,0.35648016886827466,0.51650685,-0.4275281744398507,If Lucy Fell,Comedy|Romance
114,10,0,0,0.48804737205342275,0.39907223641558454,0.5225265,-0.16100535823852669,"Steal Big, Steal Little",Comedy
115,2,0,0,0.5631315831385647,0.39907223641558454,0.55720246,0.0,Race the Sun,Drama
116,32,26,8,0.6741810039415288,0.36781068185235827,0.5459013,0.6262129680443935,The Boys of St. Vincent,Drama
117,160,36,3,0.31087067772954935,0.2669024630323166,0.53137225,-1.2317052142709555,Boomerang,Comedy|Romance
118,86,62,28,0.6711973700235688,0.42815724839981456,0.5269964,0.6777047741370763,Chungking Express,Drama|Mystery|Romance
119,7,1,0,0.5312779354948309,0.39124729060351426,0.5385956,0.10250731383034331,"Star Maker, The (Uomo delle stelle, L')",Drama
120,252,175,73,0.6764332527258455,0.4131271636479077,0.55225,0.8416887966398113,Flirting With Disaster,Comedy
121,79,11,1,0.31227009552872376,0.3435018331275283,0.5077186,-1.143777398572574,The NeverEnding Story III,Adventure|Children's|Fantasy
122,1,0,0,0.5741733788863798,0.39907223641558454,0.5104351,0.0,"Silence of the Palace, The (Saimt el Qusur)",Drama
123,10,8,5,0.621380705386756,0.43023468656515906,0.4708622,0.05776698018439114,Jupiter's Wife,Documentary
124,5,2,0,0.5687789513310066,0.38372330424575435,0.52482575,0.1133291785340857,Pie in the Sky,Comedy|Romance
125,2,1,1,0.582362352369334,0.41085513374076915,0.55645746,0.0,Angela,Drama
126,13,4,1,0.5282990844953233,0.38802984853294864,0.53454566,0.048436495840515924,Frankie Starlight,Drama|Romance
127,69,12,2,0.34691464137147365,0.3540905132383746,0.53956836,-0.7266465702112472,Jade,Thriller
128,1,0,0,0.5741733788863798,0.39907223641558454,0.5427376,0.0,Nueba Yol,Comedy|Drama
129,2,2,0,0.6015931216001031,0.38372330424575435,0.4801102,0.0,Sonic Outlaws,Documentary
130,93,29,7,0.40757232393849907,0.34118495975669905,0.5363783,-0.5634914108103793,Down Periscope,Comedy
131,6,4,0,0.5943364700572387,0.3695113300144301,0.45948437,-0.34547027231664695,From the Journals of Jean Seberg,Documentary
132,7,2,1,0.5488217951439538,0.40295407347652357,0.48759758,-0.18555169484546835,Man of the Year,Documentary
133,1,0,0,0.5741733788863798,0.39907223641558454,0.53132486,0.0,The Neon Bible,Drama
134,1,1,0,0.5937812220236346,0.39124729060351426,0.5765563,0.0,Target,Action|Drama
135,110,45,10,0.4642677645200335,0.31530117706083394,0.56788087,-0.1912116943003082,Up Close and Personal,Drama|Romance
136,527,293,79,0.5585491201442034,0.28849449510431263,0.5282066,-0.23069663398938894,The Birdcage,Comedy
137,1,0,0,0.5741733788863798,0.39907223641558454,0.5463728,0.0,Shadows (Cienie),Drama
138,326,160,28,0.5034118146893759,0.22835053247990109,0.52367824,-0.6865378639763312,The Brothers McMullen,Comedy
139,295,134,31,0.47328360093682714,0.2769218033738002,0.5547508,-0.39199704497750454,Bad Boys,Action
140,14,6,3,0.5512944113000838,0.4098859253710576,0.49943498,-0.060030007343234826,The Amazing Panda Adventure,Adventure|Children's
141,142,77,28,0.5535564704333612,0.37758749465180497,0.5207357,0.0018137617042967846,The Basketball Diaries,Drama
142,14,3,1,0.5044194113000838,0.39535116642979673,0.577452,0.31547814990163137,An Awfully Big Adventure,Drama
143,42,27,9,0.6117700252522322,0.37602093273739257,0.57745737,0.6603160269932173,Amateur,Crime|Drama|Thriller
144,969,760,303,0.7745660866763546,0.39870816274170273,0.5418984,1.0877839441813624,Apollo 13,Drama
145,460,269,72,0.5848683182807949,0.288255836428775,0.5358678,-0.07101667635092418,Rob Roy,Drama|Romance|War
146,57,16,6,0.4232041338617324,0.3932365427390792,0.52355355,-0.42216915675313604,The Addiction,Horror
147,622,133,19,0.24149232488572225,0.21286126678021436,0.5311561,-1.6874955715472113,Batman Forever,Action|Adventure|Comedy|Crime
148,125,79,21,0.6187590989897449,0.317469859075808,0.55865556,0.3375835520457336,Belle de jour,Drama
149,69,37,13,0.556998674984919,0.3787771473652785,0.51940185,0.008800197743749821,Beyond Rangoon,Drama|War
150,47,25,14,0.5596169311670656,0.4527148242770564,0.5064386,0.175181641581251,Blue in the Face,Comedy
151,134,42,10,0.38740675175655087,0.3255827371823829,0.51150554,-0.8882949525485818,Canadian Bacon,Comedy|War
152,207,64,12,0.36296825806694694,0.2802948405331511,0.49499694,-1.2677256665824417,Casper,Adventure|Children's
153,93,36,7,0.456523372889548,0.31341409093929334,0.57295436,-0.18808889040490534,Clockers,Drama
154,462,51,9,0.15680242641251046,0.2866694239681111,0.51954883,-1.8461041141933767,Congo,Action|Adventure|Mystery|Sci-Fi
155,392,392,97,0.9531286025411887,0.26460093172121996,0.554493,1.4047196287476305,Crimson Tide,Drama|Thriller|War
156,393,300,172,0.7433021271404184,0.5484388909165121,0.49778867,1.1456921215937925,Crumb,Documentary
157,441,223,61,0.5138143428171189,0.296533376632891,0.55193526,-0.19014409634104826,Desperado,Action|Romance|Thriller
158,311,175,36,0.5658804496487683,0.24868271920346324,0.5245216,-0.36956961404791966,Devil in a Blue Dress,Crime|Film-Noir|Mystery|Thriller
159,662,383,118,0.5790489358471986,0.31859956540595663,0.5551283,0.16171591581807376,Die Hard: With a Vengeance,Action|Thriller
160,46,13,3,0.4404462742000559,0.36434304477427343,0.5568676,-0.19769591301077571,The Doom Generation,Comedy|Drama
161,5,2,1,0.5687789513310066,0.40295407347652357,0.55237323,0.39412788627559786,Feast of July,Drama
162,284,96,22,0.3750983303089981,0.28735350562177553,0.52505165,-0.9632127033663884,First Knight,Action|Adventure|Drama|Romance
163,92,8,1,0.2625552276282068,0.3612691693237798,0.51448196,-1.2202838294404126,Free Willy 2: The Adventure Home,Adventure|Children's|Drama
164,252,100,30,0.4280888818649184,0.33302407880519486,0.53368944,-0.5340045232064459,Hackers,Action|Crime|Thriller
165,67,43,14,0.6178020711385074,0.3650926002234326,0.53567564,0.3209750328759229,Jeffrey,Comedy
166,373,68,12,0.22998307877826327,0.2707933205150782,0.529176,-1.5456678322932746,Johnny Mnemonic,Action|Sci-Fi|Thriller
167,464,65,8,0.18342965432530225,0.24307488539808023,0.5224871,-1.8726321452592634,Judge Dredd,Action|Adventure|Sci-Fi
168,59,13,2,0.38791598461656296,0.34847002890125756,0.52085465,-0.7341714331626841,Jury Duty,Comedy
169,164,89,35,0.5527235622579689,0.395349725329347,0.57066184,0.4481179900220101,Kids,Drama
170,171,125,40,0.6981124087022866,0.34259206754730986,0.54821336,0.6483516917173109,Living in Oblivion,Comedy
171,115,30,3,0.3592899534739719,0.28692014775974034,0.5273306,-1.007688872179433,Lord of Illusions,Horror
172,11,8,1,0.6111941364459896,0.3612691693237798,0.5428873,0.3383345392374774,Love & Human Remains,Comedy
173,37,1,1,0.34807864739316513,0.41085513374076915,0.5429171,-0.4988525215149355,Mad Love,Drama|Romance
174,332,191,78,0.5766566552963491,0.4064465220779221,0.53959227,0.33723601207045073,Mallrats,Comedy
175,71,4,0,0.2750648125884741,0.3695113300144301,0.48977703,-1.3354980664619733,Mighty Morphin Power Rangers: The Movie,Action|Children's
176,34,14,4,0.5152719324191115,0.3742751846996754,0.512601,-0.21980722828147475,Moonlight and Valentino,Drama|Romance
177,23,11,3,0.5518197578521283,0.3762887183734299,0.5340638,0.09414856935024318,Mute Witness,Thriller
178,15,5,3,0.5274283434339287,0.41733839674144046,0.5394721,0.18523561985477938,Nadja,Drama
179,455,129,22,0.3134313709370403,0.2343777196691577,0.5346818,-1.3092325703818886,The Net,Sci-Fi|Thriller
180,154,32,5,0.3004060898196341,0.30431233927779544,0.522076,-1.214026628674496,Nine Months,Comedy
181,76,30,11,0.47049874859686797,0.3869201477597403,0.51156026,-0.3557657681600612,Party Girl,Comedy
182,162,71,21,0.4730322751094592,0.33845960182462176,0.50896186,-0.5346764447001545,The Prophecy,Horror
183,14,6,1,0.5512944113000838,0.3741716396567719,0.55918825,0.2799052566697974,Reckless,Comedy
184,64,40,20,0.6077442309053102,0.4439290202308803,0.55348885,0.6947657011309307,Safe,Thriller
185,58,10,2,0.3637300215111608,0.36589353034632044,0.5430611,-0.5939576862473628,The Scarlet Letter,Drama
186,2,1,0,0.582362352369334,0.39124729060351426,0.5246273,0.0,The Show,Documentary
187,161,16,7,0.21461062712419604,0.40838805789059435,0.5382233,-1.056105889456045,Showgirls,Drama
188,161,103,35,0.6269329020057126,0.3591739334691453,0.5822103,0.6968606964919368,Smoke,Drama
189,136,26,3,0.29721958238282453,0.3020212081681477,0.589232,-0.7126444278915891,Something to Talk About,Comedy|Drama|Romance
190,445,107,12,0.2753188733802128,0.20352618994126895,0.53502953,-1.560042401251744,Species,Horror|Sci-Fi
191,16,5,2,0.519437004897051,0.3991565785596223,0.52795905,0.0019473735242506972,The Stars Fell on Henrietta,Drama
192,499,217,55,0.4486026271825234,0.2807251379055402,0.53917783,-0.5944462370330782,Strange Days,Action|Crime|Sci-Fi
193,84,57,24,0.6439018083821295,0.4107814188857872,0.46953696,0.06628444203503647,"Umbrellas of Cherbourg, The (Parapluies de Cherbourg, Les)",Drama|Musical
194,6,1,0,0.5407650414858101,0.39124729060351426,0.54091626,0.15694048602267796,The Tie That Binds,Thriller
195,24,6,0,0.47679516652980225,0.35631449679962907,0.56699705,-0.007432554599479724,Three Wishes,Drama
196,22,7,1,0.5039283656000745,0.3676072249259513,0.5493453,-0.0011407855652388887,Total Eclipse,Drama|Romance
197,163,61,17,0.4238631094986167,0.3329154218088219,0.497488,-0.8317629066338155,"To Wong Foo, Thanks for Everything! Julie Newmar",Comedy
198,164,59,10,0.4125366463701185,0.27480377817228646,0.5128327,-0.958056016246285,Under Siege 2: Dark Territory,Action
199,66,40,19,0.5972658820965979,0.4328179091197692,0.58279353,0.843527220428599,Unstrung Heroes,Comedy|Drama
200,65,44,15,0.6372421071583074,0.3718469342636088,0.50336236,0.1680954149818206,Unzipped,Documentary
201,165,71,13,0.46643182475909467,0.2723438993452829,0.5407976,-0.5425752777755591,A Walk in the Clouds,Drama|Romance
202,515,118,25,0.2606775970322219,0.2675810227427335,0.5194167,-1.5148316216284543,Waterworld,Action|Adventure
203,38,7,1,0.41230502640006095,0.3676072249259513,0.5604712,-0.2663620799587002,White Man's Burden,Drama
204,35,11,3,0.47391579203771017,0.3762887183734299,0.52064586,-0.3090432047499456,Wild Bill,Western
205,28,17,2,0.5933697733744278,0.32766584807133176,0.5624498,0.30505516430022894,The Browning Version,Drama
206,7,0,0,0.5137340758457082,0.39907223641558454,0.51694274,-0.10579201758790661,Bushwhacked,Comedy
207,104,81,43,0.7161223527480868,0.4805619222960247,0.53600234,1.1022267554126541,Burnt By the Sun (Utomlyonnye solntsem),Drama
208,18,15,8,0.6512182694589024,0.43005556647352655,0.52257395,0.5732804557222433,Before the Rain (Pred dozhdot),Drama
209,116,80,34,0.6583303754409962,0.4150277832367633,0.55604666,0.8083074150950429,Before Sunrise,Drama|Romance
210,267,116,52,0.45830549628771405,0.4334554928962604,0.49190608,-0.39344680739564447,Billy Madison,Comedy
211,50,11,4,0.40282842323205365,0.39268216099638076,0.53724885,-0.395927813023779,The Babysitter,Drama|Thriller
212,151,48,12,0.38449175285176795,0.32605726347733904,0.5405316,-0.6723983561098925,Boys on the Side,Comedy|Drama
213,16,7,1,0.5497400352000813,0.3676072249259513,0.55439144,0.2138664460313615,The Cure,Drama
214,24,1,0,0.40922759896223465,0.39124729060351426,0.5141399,-0.5558354118348726,Castle Freak,Horror
215,257,145,28,0.5676965547987145,0.2459159580552781,0.5433826,-0.2257310082825531,Circle of Friends,Drama|Romance
216,1156,837,406,0.7183108145300211,0.48021827713729337,0.52992,1.0621917132967642,Clerks,Comedy
217,310,136,34,0.45911900645334824,0.2900731818321464,0.5417653,-0.5014962634167685,Don Juan DeMarco,Comedy|Drama|Romance
218,194,77,14,0.43558541935739903,0.267351274179364,0.55818886,-0.5432408691799411,Disclosure,Drama|Thriller
219,1,0,0,0.5741733788863798,0.39907223641558454,0.5325922,0.0,Dream Man,Thriller
220,108,19,2,0.30558760964054027,0.31816828725766994,0.54245335,-0.9877134303650498,Drop Zone,Action
221,8,0,0,0.5048765917794028,0.39907223641558454,0.49877605,-0.2808790939944593,Destiny Turns on the Radio,Comedy
222,80,44,15,0.5637141717169643,0.3718469342636088,0.5644277,0.36018154936041713,Death and the Maiden,Drama|Thriller
223,136,136,26,0.88861743184519,0.24706242914397436,0.54603547,1.030487035699675,Dolores Claiborne,Drama|Thriller
224,503,228,101,0.46524926279060647,0.43508493460711956,0.52851045,-0.0768415535986908,Dumb & Dumber,Comedy
225,258,203,81,0.7541650724779395,0.3990261336789693,0.5326193,0.9385267786279067,Eat Drink Man Woman,Comedy|Drama
226,194,116,51,0.5954214849311695,0.42743139651071826,0.57536703,0.7600459861625541,Exotica,Drama
227,116,19,3,0.2908604959229239,0.33266104088085835,0.5482333,-0.9489645569521082,Exit to Eden,Comedy
228,764,479,165,0.624426096220154,0.3496287558048757,0.52398586,0.2018529018272928,Ed Wood,Comedy|Drama
229,253,102,26,0.43327670733731144,0.3023263935577581,0.5374144,-0.591872334035144,French Kiss,Comedy|Romance
230,200,60,13,0.3571313692928214,0.29957828927981117,0.52423245,-0.9960343085076458,Forget Paris,Comedy|Romance
231,27,9,2,0.4971797704312385,0.37209511560642755,0.48483407,-0.5124747685630519,Far From Home: The Adventures of Yellow Dog,Adventure|Children's
232,134,40,10,0.3765371865391596,0.33281790911976916,0.52933925,-0.7663523320285177,A Goofy Movie,Animation|Children's|Comedy|Romance
233,31,8,3,0.4602820039901897,0.3957519279444694,0.5439416,-0.11278171119884918,Hideaway,Thriller
234,22,8,5,0.5178172544889634,0.43023468656515906,0.5469155,0.2509886710923504,Fluke,Children's|Drama
235,62,34,9,0.5650253778857622,0.3446858550092765,0.50596786,-0.18323597238622333,Farinelli: il castrato,Drama|Musical
236,8,0,0,0.5048765917794028,0.39907223641558454,0.53721446,0.01765758136371804,Gordy,Comedy
237,10,0,0,0.48804737205342275,0.39907223641558454,0.49921322,-0.3420708693163076,Gumby: The Movie,Animation|Children's
238,8,3,1,0.5566007297104373,0.39535116642979673,0.5487345,0.2927012416321453,The Glass Shield,Crime|Drama
239,486,486,247,0.9613485864238906,0.49804778324772236,0.4910619,1.755101850203207,Hoop Dreams,Documentary
240,387,272,105,0.689434421792232,0.38805469509558765,0.54814774,0.7725696457187009,Heavenly Creatures,Drama|Fantasy|Romance|Thriller
241,106,28,4,0.3671977072000344,0.3070975874458875,0.523982,-0.9332092524108464,Houseguest,Comedy
242,198,125,46,0.6221082351742152,0.3768777818330242,0.5275591,0.31542937071087374,Immortal Beloved,Drama|Romance
243,21,3,3,0.45468792004514597,0.4330870154864005,0.5337805,-0.08338816564604691,Heavyweights,Children's|Comedy
244,12,6,1,0.5690781019871833,0.3741716396567719,0.55351406,0.3040861850518549,The Hunted,Action
245,276,110,21,0.4272479825865195,0.2559600738798702,0.5397127,-0.7583321810783197,I.Q.,Comedy|Romance
246,618,327,108,0.5333575483880321,0.3393995008508733,0.51429826,-0.2584473395142542,Interview with the Vampire,Drama|Horror
247,29,10,1,0.4972511686481692,0.3492268636796538,0.5277853,-0.2581067298091407,Jefferson in Paris,Drama
248,47,4,2,0.3431220858062409,0.40654836705146713,0.49182907,-0.9296268125997671,The Jerky Boys,Comedy
249,164,42,4,0.3330973940336699,0.26036534587803506,0.558401,-0.9592051317954926,Junior,Comedy|Sci-Fi
250,86,39,9,0.5020797229647452,0.3253214811323509,0.55039567,-0.14706666221194067,Just Cause,Mystery|Thriller
251,116,23,2,0.31495688146509254,0.30073440850382505,0.51555634,-1.2212567182113332,A Kid in King Arthur's Court,Adventure|Children's|Comedy|Fantasy|Romance
252,77,23,0,0.41167592380476664,0.2733371482298524,0.557846,-0.616855981352927,Kiss of Death,Crime|Drama|Thriller
253,2516,2204,1533,0.8703362596738914,0.6889767576844629,0.49498323,2.099956038921225,Star Wars: Episode IV - A New Hope,Action|Adventure|Fantasy|Sci-Fi
254,232,138,40,0.5932015685220048,0.3189021905360597,0.53631866,0.07099556395749523,Little Women,Drama
255,131,89,36,0.653496366426549,0.40254396993366354,0.51444644,0.42326734686901224,A Little Princess,Children's|Drama
256,20,16,5,0.6468977474743624,0.378085027587564,0.54138154,0.5221166178708259,Ladybird Ladybird,Drama
257,5,3,0,0.5869607695128248,0.37648324190149485,0.55255556,0.37330721533388966,"Enfer, L'",Drama
258,621,444,214,0.7053395563684134,0.4735903073295126,0.5329968,1.0132675655423804,Like Water for Chocolate (Como agua para chocolate),Drama|Romance
259,569,294,104,0.5222663042378116,0.36033026692086984,0.5354859,-0.0636995266751518,Legends of the Fall,Drama|Romance|War|Western
260,112,30,13,0.3659434711308973,0.4119201477597404,0.5410324,-0.4412266398735585,Major Payne,Comedy
261,45,22,2,0.5398193928758459,0.30491127528860035,0.5411509,-0.1449775476952775,Little Odessa,Drama
262,43,22,2,0.5514284120774771,0.30491127528860035,0.53837174,-0.12200939104530528,My Crazy Life (Mi vida loca),Drama
263,69,27,6,0.4729650615395409,0.3370598937763536,0.5401598,-0.29749703577615777,Love Affair,Drama|Romance
264,44,17,1,0.492370663012823,0.31274047493700335,0.54550445,-0.2660489485127943,Losing Isaiah,Drama
265,295,185,53,0.6211096878933489,0.310440901365018,0.5500707,0.2554960182935474,The Madness of King George,Drama
266,195,56,12,0.34809323397226677,0.3014491681205587,0.5439374,-0.8711766489950961,Mary Shelley's Frankenstein,Drama|Horror
267,12,2,0,0.5045619729549252,0.38372330424575435,0.5282224,-0.10674213485640655,Man of the House,Comedy
268,53,10,2,0.3813868186718968,0.36589353034632044,0.5142348,-0.750077506166535,Mixed Nuts,Comedy
269,37,37,3,0.7618717508414409,0.2638346186296463,0.503139,0.2692039346675996,Milk Money,Comedy|Romance
270,118,39,3,0.40644549001907954,0.2579057507952722,0.5402742,-0.8270437938044803,Miracle on 34th Street,Drama
271,32,5,2,0.4180834429659191,0.3991565785596223,0.52137256,-0.43818173020837925,Miami Rhapsody,Comedy
272,31,19,4,0.5960844731259921,0.34715379450404676,0.5452652,0.24974895123820012,My Family,Drama
273,168,99,17,0.5884534051523181,0.24801081758912236,0.5721944,0.08498197464720827,Murder in the First,Drama|Thriller
274,185,104,28,0.567161031162576,0.3113870897453197,0.5644087,0.1630990936532089,Nobody's Fool,Drama
275,168,70,17,0.45542588221653835,0.3079467651731603,0.55171084,-0.3762961031613784,Nell,Drama
276,16,7,0,0.5497400352000813,0.3500633652768285,0.52542305,-0.0721041333523337,New Jersey Drive,Crime|Drama
277,1,0,0,0.5741733788863798,0.39907223641558454,0.4902044,0.0,Nemesis 2: Nebula,Action|Sci-Fi|Thriller
278,13,3,2,0.5124260686223073,0.4142190909580986,0.52443016,-8.174072466483884e-06,Nina Takes a Lover,Comedy|Romance
279,557,234,94,0.43374438603493476,0.4012451120449973,0.5392187,-0.23221383421811187,Natural Born Killers,Action|Thriller
280,128,55,14,0.473499114175311,0.32336773162646887,0.53047043,-0.41829643122517185,Only You,Comedy|Romance
281,136,97,42,0.6789400124903514,0.42145314163795394,0.54711115,0.840339337873956,Once Were Warriors,Crime|Drama
282,39,3,0,0.3627285654292738,0.37648324190149485,0.5115448,-0.8057652229029972,Poison Ivy II,Thriller
283,616,250,47,0.4193436070919,0.2231787060692641,0.5649622,-0.706515171533113,Outbreak,Action|Drama|Thriller
284,776,613,282,0.7775821335632026,0.45543531194687664,0.51647186,1.0990687541726396,"Professional, The (a.k.a. Leon: The Professional)",Crime|Drama|Romance|Thriller
285,35,12,1,0.4856804979200631,0.3379614809803101,0.51989174,-0.40297836796615394,The Perez Family,Comedy|Romance
286,21,4,0,0.4687724270873995,0.3695113300144301,0.5383754,-0.21464264937833435,A Pyromaniac's Love Story,Comedy|Romance
287,1804,1480,1004,0.8140684154925596,0.6692507266802479,0.5642711,2.3535749681790867,Pulp Fiction,Crime|Drama
288,22,10,3,0.5455950322667412,0.3825601970129871,0.55984855,0.29231984887451873,Panther,Drama
289,18,15,3,0.6512182694589024,0.3531324895504496,0.50790465,0.1919583329158934,Pushing Hands,Comedy
290,114,76,23,0.6419685507512521,0.34090168111729546,0.5595691,0.5152029903010265,Priest,Drama
291,532,345,80,0.6430976672220023,0.2530471185336183,0.554659,0.17601134914751926,Quiz Show,Drama
292,39,18,3,0.5312678912719704,0.33755311501145924,0.5162221,-0.2579433218356797,Picture Bride,Drama|Romance
293,70,47,12,0.635690352693378,0.3294186785647343,0.47821888,-0.1806240582035555,Queen Margot (La Reine Margot),Drama|Romance
294,332,102,17,0.3436723621026318,0.24311586724196863,0.5447163,-1.0848650660739347,The Quick and the Dead,Action|Adventure|Western
295,34,13,3,0.5033671705143495,0.36434304477427343,0.541481,-0.0757201407692496,Roommates,Comedy|Drama
296,19,19,2,0.699751338017469,0.31816828725766994,0.53256744,0.44822643200081497,Ready to Wear (Pret-A-Porter),Comedy
297,278,227,129,0.7813501290341628,0.537738670833138,0.547597,1.641360233099719,Three Colors: Red,Drama
298,185,148,72,0.7543950737157675,0.46441218091302644,0.547079,1.2790002468772186,Three Colors: Blue,Drama
299,153,110,42,0.686122375976381,0.38721007387987016,0.556002,0.8179239758816301,Three Colors: White,Drama
300,39,29,9,0.6548633968899479,0.3665014154529016,0.51307327,0.2925618210436597,"Red Firecracker, Green Firecracker",Drama
301,4,1,0,0.560793376355655,0.39124729060351426,0.50577164,0.0,Rent-a-Kid,Comedy
302,1,0,0,0.5741733788863798,0.39907223641558454,0.55200166,0.0,Relative Fear,Horror|Thriller
303,79,13,3,0.32777397149771603,0.36434304477427343,0.5113111,-0.9839293236008616,Stuart Saves His Family,Comedy
304,42,13,5,0.45959611220875396,0.39608907652030517,0.47229776,-0.6706729846231512,The Swan Princess,Animation|Children's
305,237,162,69,0.6664907398021093,0.41959250858858127,0.52468884,0.6119481689144548,The Secret of Roan Inish,Drama
306,119,36,9,0.3862890078296175,0.3366699048927817,0.5435914,-0.6048460585708678,The Specialist,Action
307,497,497,141,0.9621258543385839,0.29424791923360005,0.5207566,1.2802867139259169,Stargate,Action|Adventure|Sci-Fi
308,505,224,43,0.4563654816634331,0.22975770737510667,0.511335,-0.9580658433211282,The Santa Clause,Children's|Comedy|Fantasy
309,1845,1698,1218,0.9114949036006361,0.7082114484100568,0.54202306,2.690116673590725,The Shawshank Redemption,Drama
310,218,158,52,0.6988165758328558,0.3459308260614386,0.53413576,0.5533244954917789,Shallow Grave,Thriller
311,23,9,4,0.5244224975781557,0.40599342069117333,0.5136315,-0.06643038319484447,Suture,Film-Noir|Thriller
312,48,30,9,0.6049269624816874,0.36192014775974035,0.532565,0.23637604887807048,Strawberry and Chocolate (Fresa y chocolate),Drama
313,151,92,40,0.6033972254885839,0.42220853394914953,0.5324722,0.43935203781244514,Swimming with Sharks,Comedy|Drama
314,25,19,6,0.6437712309760716,0.3761393017504236,0.53996795,0.4923754023919239,The Sum of Us,Comedy
315,38,7,0,0.41230502640006095,0.3500633652768285,0.5036251,-0.7688481839892893,National Lampoon's Senior Trip,Comedy
316,49,41,23,0.7099277002343976,0.4720177123162553,0.56392,1.2655786868909076,To Live (Huozhe),Drama
317,281,79,26,0.3271384964447292,0.3562295489982886,0.5112342,-1.0151685278461944,Tank Girl,Action|Comedy|Musical|Sci-Fi
318,123,48,8,0.44672163192604253,0.2852409369467268,0.4972141,-0.9118842944674903,Tales From the Crypt Presents: Demon Knight,Horror
319,388,388,96,0.9527005532493273,0.2647342735634229,0.5069178,1.034041404363828,Star Trek: Generations,Action|Adventure|Sci-Fi
320,115,28,8,0.34716874135275977,0.3583796387279388,0.5457104,-0.6630592575583321,Tales from the Hood,Comedy|Horror
321,14,5,1,0.5356694113000838,0.3809747603778041,0.5274219,-0.0031294131758347436,Tom & Viv,Drama
322,137,25,5,0.2902825792684779,0.33271482427705634,0.5065624,-1.2746374212121194,Village of the Damned,Horror|Sci-Fi
323,175,175,73,0.9079237436586904,0.4131271636479077,0.50906646,1.394711565918586,Tommy Boy,Comedy
324,91,64,28,0.6615804420085486,0.4206457177261336,0.53342515,0.6646161463303588,Vanya on 42nd Street,Drama
325,33,19,3,0.5817209918458478,0.33266104088085835,0.5405802,0.10786027476351144,The Underneath,Mystery|Thriller
326,16,5,1,0.519437004897051,0.3809747603778041,0.5457193,0.07668321161776132,The Walking Dead,Drama|War
327,536,356,120,0.657479253111272,0.34471332960783063,0.5417911,0.44990417334000576,What's Eating Gilbert Grape,Drama
328,176,49,9,0.34638425806728035,0.2924607254624164,0.5530687,-0.8380604749734677,Virtuosity,Sci-Fi|Thriller
329,534,277,76,0.5244569217863106,0.29343612177608325,0.53600657,-0.2837784846724874,While You Were Sleeping,Comedy|Romance
330,60,22,4,0.46620765748368515,0.33268905306637814,0.56966203,-0.10949139373649425,The War,Adventure|Drama
331,24,16,8,0.6119303016649373,0.4235395730421095,0.5611427,0.6993999641462918,Double Happiness,Drama
332,424,269,84,0.6292886968843996,0.3258733912877092,0.51465684,0.0654838948346744,Muriel's Wedding,Comedy|Romance
333,34,8,2,0.44384336099054006,0.3785105486341246,0.47673306,-0.7577859822844077,The Baby-Sitters Club,Children's
334,607,246,66,0.4189997600048788,0.29038382371884874,0.51978487,-0.825099470353589,Ace Ventura: Pet Detective,Comedy
335,377,256,97,0.6681097009911133,0.38220134581953996,0.5208049,0.45802129280128534,"The Adventures of Priscilla, Queen of the Desert",Comedy|Drama
336,98,55,13,0.5694786643459822,0.3138439221026593,0.53885376,-0.017941871226337162,Backbeat,Drama|Musical
337,38,17,5,0.5259413900364246,0.3724419674743168,0.54887205,0.09647105103880187,Bitter Moon,Drama
338,364,229,64,0.6238715998145058,0.300909002941861,0.5387834,0.145297518361559,Bullets Over Broadway,Comedy
339,886,591,140,0.662695344362399,0.2495376159450534,0.5585346,0.26912433607458147,Clear and Present Danger,Action|Adventure|Thriller
340,186,186,38,0.912215433572904,0.24556615178296284,0.5473527,1.126080385515793,The Client,Drama|Mystery|Thriller
341,211,98,27,0.48767372537626574,0.317254133924184,0.5408364,-0.3046400159293819,"Corrina, Corrina",Comedy|Drama|Romance
342,96,31,10,0.4128961802959272,0.3697976767997435,0.51755756,-0.5897730727832666,Crooklyn,Comedy
343,587,297,112,0.5122179628307777,0.38026977469965195,0.527263,-0.09681604220320517,The Crow,Action|Romance|Thriller
344,47,19,4,0.49776126106397284,0.34715379450404676,0.5565235,-0.04015646503824624,Cobb,Drama
345,213,27,6,0.21400320274983028,0.3370598937763536,0.50686646,-1.5499168855502856,The Flintstones,Children's|Comedy
346,1818,1377,777,0.7528280740488251,0.558481858318696,0.5365413,1.5181379703140396,Forrest Gump,Comedy|Romance|War
347,998,638,209,0.6367202693923716,0.3327814125302024,0.52050745,0.1634571390419324,Four Weddings and a Funeral,Comedy|Romance
348,107,41,11,0.4476614160713717,0.3401495804481234,0.5491917,-0.31371994248346663,Higher Learning,Drama
349,18,5,2,0.5041594459294907,0.3991565785596223,0.56521714,0.23268478466664388,I Like It Like That,Comedy|Drama|Romance
350,99,19,4,0.32404592163225077,0.34715379450404676,0.55681527,-0.7045744756799619,I Love Trouble,Action|Comedy
351,202,91,20,0.47731286636192605,0.28335894908354065,0.55329424,-0.36547002119728134,It Could Happen to You,Drama|Romance
352,192,88,26,0.48463984431076595,0.33299718710709586,0.49814433,-0.5931324535285303,The Jungle Book,Adventure|Children's|Romance
353,51,46,19,0.7453746764673798,0.40576678979978364,0.4623645,0.38257948999330293,"Wonderful, Horrible Life of Leni Riefenstahl, The (Die Macht der Bilder)",Documentary
354,897,625,251,0.6909005726749793,0.4014127582530062,0.51927215,0.6003643570433945,The Lion King,Animation|Children's|Musical
355,53,20,2,0.47847419731267343,0.3136230260111318,0.52535856,-0.4727785036346298,Little Buddha,Drama
356,215,66,20,0.3595578955592655,0.3444276881101658,0.50045884,-1.0154621463103866,Wes Craven's New Nightmare,Horror
357,974,446,108,0.46414340070625526,0.25797099157415165,0.56031466,-0.4497375397167608,The Mask,Comedy|Crime|Fantasy
358,647,342,98,0.53268700476787,0.3009020709713756,0.5374362,-0.2151375264167918,Maverick,Action|Comedy|Western
359,43,18,6,0.508417659389305,0.3816707620702827,0.53043264,-0.08191335484033282,Mrs. Parker and the Vicious Circle,Drama
360,332,94,16,0.3227299537256685,0.24967785986652244,0.5325534,-1.2368925664929666,Naked Gun 33 1/3: The Final Insult,Comedy
361,169,60,11,0.40768421152148565,0.281396471097993,0.53416026,-0.7881188046157129,The Paper,Comedy|Drama
362,344,133,17,0.4118853866071202,0.2019323050315805,0.56239194,-0.8289549391446617,Reality Bites,Comedy|Drama
363,202,138,44,0.6638208028698626,0.3401787862807406,0.5323006,0.3847702201033103,Red Rock West,Thriller
364,144,16,4,0.23341671300621322,0.3629335124360489,0.48677742,-1.541496827932474,Richie Rich,Children's|Comedy
365,7,4,0,0.5839095144421994,0.3695113300144301,0.57525,0.513621563364471,Safe Passage,Drama
366,279,109,16,0.4203125906480406,0.22612334478477503,0.53587526,-0.9184679792923974,The River Wild,Action|Thriller
367,1348,777,210,0.5767402305602327,0.2780575717300837,0.55552,0.014970495173697917,Speed,Action|Romance|Thriller
368,115,30,4,0.3592899534739719,0.29942014775974035,0.55684024,-0.7350473412755529,Speechless,Comedy|Romance
369,355,98,15,0.31427862302026016,0.23617305284310292,0.5342479,-1.3031103656985867,Timecop,Action|Sci-Fi
370,1136,677,204,0.5955167304580147,0.3080517356544419,0.54803,0.13312129681314874,True Lies,Action|Adventure|Comedy|Romance
371,162,63,16,0.43529642605285546,0.31817355593609936,0.54202586,-0.49321924855919663,When a Man Loves a Woman,Drama
372,226,75,14,0.3778363852290049,0.27162889456623385,0.56303346,-0.7123742753695455,Wolf,Drama|Horror
373,219,94,14,0.4583005290825478,0.23578897097763354,0.49799988,-1.0332433456918835,Wyatt Earp,Western
374,29,7,2,0.4592764851038654,0.38515108457507413,0.5410185,-0.17619298479862733,Bad Company,Action
375,8,4,1,0.5738421090207821,0.38802984853294864,0.54101944,0.2735007467423159,A Man of No Importance,Drama
376,24,9,0,0.5173357070703428,0.3381968105216818,0.5605653,0.035222094594462794,S.F.W.,Drama
377,88,21,1,0.36436842263192293,0.29512129325041164,0.54363585,-0.8330539758431301,A Low Down Dirty Shame,Action|Comedy
378,75,44,14,0.5862627385856428,0.3612086363912684,0.5599295,0.3748030147434357,Boys Life,Drama
379,19,12,3,0.5983020626551502,0.37021954549643915,0.51137245,0.07520587761049452,"Colonel Chabert, Le",Drama|Romance|War
380,47,24,9,0.5493076528165501,0.3912650246051247,0.5209507,0.03472170703198599,Faster Pussycat! Kill! Kill!,Action|Comedy|Drama
381,32,15,5,0.5400346624781142,0.3839017203196804,0.5286671,0.03346889856123442,Jason's Lyric,Crime|Drama
382,18,5,1,0.5041594459294907,0.3809747603778041,0.487066,-0.43748726539857674,The Secret Adventures of Tom Thumb,Adventure|Children's
383,82,5,1,0.2597185024485255,0.3809747603778041,0.5132452,-1.1722775523983946,Street Fighter,Action
384,18,9,5,0.5629829753412554,0.4229425732335462,0.5359082,0.3134883179629579,Coldblooded,Action
385,0,0,0,0.5856568464641073,0.39907223641558454,0.5886554,0.0,Fall Time,Drama
386,12,2,0,0.5045619729549252,0.38372330424575435,0.528496,-0.10461683761312782,The Fear,Horror
387,0,0,0,0.5856568464641073,0.39907223641558454,0.49087468,0.0,Frank and Ollie,Documentary
388,1,0,0,0.5741733788863798,0.39907223641558454,0.5392753,0.0,Mirage,Action|Thriller
389,0,0,0,0.5856568464641073,0.39907223641558454,0.540911,0.0,Open Season,Comedy
390,4,2,1,0.5793118948741734,0.40295407347652357,0.48143432,0.0,Brother Minister: The Assassination of Malcolm X,Documentary
391,165,18,5,0.21992019685211797,0.36696487971734154,0.4965389,-1.503466562180941,Highlander III: The Sorcerer,Action|Sci-Fi
392,5,4,0,0.605142587694643,0.3695113300144301,0.54668367,0.3732455856474965,Federal Hill,Drama
393,164,56,17,0.39851795478133345,0.3486189794413135,0.554964,-0.4280509409665888,In the Mouth of Madness,Horror|Thriller
394,58,28,12,0.5303966881778275,0.4096616900099901,0.57828003,0.4713492230541336,8 Seconds,Drama
395,35,11,1,0.47391579203771017,0.3435018331275283,0.5627982,-0.0956318039645842,Above the Rim,Drama
396,362,100,11,0.31379330660972177,0.20635741213852818,0.50995106,-1.597318894489414,Addams Family Values,Comedy
397,11,2,2,0.5128334807082847,0.42218484270729284,0.5100349,-0.08255736883796233,You So Crazy,Comedy
398,228,115,35,0.5190030299395876,0.3330521928532075,0.5642347,0.05223651256228057,The Age of Innocence,Drama
399,166,30,4,0.274457603348173,0.29942014775974035,0.51354,-1.3969130591739245,Airheads,Comedy
400,64,14,1,0.37967405546671373,0.3274001846996754,0.5232395,-0.8205206889325942,The Air Up There,Comedy
401,147,21,2,0.25524285443251454,0.30920580029266514,0.54553753,-1.1881270144927207,Another Stakeout,Comedy|Thriller
402,72,12,3,0.33838395346889644,0.37021954549643915,0.52878314,-0.7870844799724328,Bad Girls,Western
403,163,89,26,0.5553185085596496,0.3306015238904981,0.52338165,-0.13420089726192982,Barcelona,Comedy|Romance
404,24,5,1,0.4632816530162887,0.3809747603778041,0.5885643,0.19393105299410146,Being Human,Drama
405,118,12,1,0.24573120430479384,0.3379614809803101,0.5016431,-1.4655849634517901,The Beverly Hillbillies,Comedy
406,273,48,6,0.23926576570651814,0.26483277368142066,0.5267926,-1.5492732003586949,Beverly Hills Cop III,Action|Comedy
407,77,38,11,0.529786160025239,0.3517455888724912,0.5187821,-0.19441340563808587,Black Beauty,Adventure|Children's
408,42,14,2,0.47046567742614526,0.3430251846996754,0.55771977,-0.14997180562622575,Blink,Thriller
409,179,62,7,0.3986150319790627,0.24065724839981453,0.5110451,-1.1440642289091532,Blown Away,Action|Thriller
410,54,11,1,0.38733502233851314,0.3435018331275283,0.5596267,-0.45254301263994046,Blue Chips,Drama
411,84,47,13,0.5692749427104877,0.3397279569152498,0.53462744,0.038427112210392245,Blue Sky,Drama|Romance
412,230,74,14,0.3688672940114477,0.2738194501675744,0.5279057,-1.012005356326892,Body Snatchers,Horror|Sci-Fi|Thriller
413,132,21,5,0.2762793534242053,0.3514593214194257,0.5090963,-1.243541524050376,Boxing Helena,Mystery|Romance|Thriller
414,206,149,56,0.6964173528250209,0.38167644131044837,0.5628851,0.8916569487199768,A Bronx Tale,Drama
415,148,30,9,0.29940829456164325,0.36192014775974035,0.51013136,-1.110375914174882,Cabin Boy,Comedy
416,15,2,0,0.48127449728008254,0.38372330424575435,0.5281999,-0.1962892396610906,Calendar Girl,Drama
417,309,191,48,0.613601232098065,0.2819651942770922,0.5489813,0.11923518991861107,Carlito's Way,Crime|Drama
418,316,48,6,0.21115530689400372,0.26483277368142066,0.4800818,-2.0199405450251957,City Slickers II: The Legend of Curly's Gold,Comedy|Western
419,38,6,2,0.4009413900364246,0.39202878251391476,0.54546356,-0.34164048025243743,Clean Slate,Comedy
420,568,210,40,0.3871890652479051,0.23059081469530474,0.56721985,-0.786618339950037,Cliffhanger,Action|Adventure|Crime
421,422,88,13,0.24848059814238424,0.23879428855637122,0.5124685,-1.7156702121970255,Coneheads,Comedy|Sci-Fi
422,109,28,4,0.36026944857361864,0.3070975874458875,0.5754606,-0.5599833749861043,Color of Night,Drama|Thriller
423,46,3,0,0.3362796075333892,0.37648324190149485,0.54458123,-0.6506895461527066,Cops and Robbersons,Comedy
424,126,26,3,0.31410705865457594,0.3020212081681477,0.5562761,-0.903790169459981,The Cowboy Way,Action|Comedy
425,2,2,1,0.6015931216001031,0.40295407347652357,0.5905138,0.0,Dangerous Game,Drama
426,759,507,158,0.6628959732054455,0.3194858380983469,0.53299755,0.31470345937396593,Dave,Comedy|Romance
427,521,314,129,0.6011958709688361,0.40921321928785503,0.54566693,0.48820944676474476,Dazed and Confused,Comedy
428,522,170,27,0.34839657748812125,0.21342550827626922,0.5042567,-1.4841750110885992,Demolition Man,Action|Sci-Fi
429,25,14,4,0.5771045643094048,0.3742751846996754,0.48935464,-0.16305207560195092,The Endless Summer 2,Documentary
430,65,10,2,0.34158993324526404,0.36589353034632044,0.5045923,-0.9776993653927329,Even Cowgirls Get the Blues,Comedy|Romance
431,83,18,3,0.35551009265567945,0.33755311501145924,0.5442024,-0.7151536794263278,Fatal Instinct,Comedy
432,210,165,71,0.7472417012430975,0.4230400549803685,0.5383827,1.0401929859505519,Farewell My Concubine,Drama|Romance
433,24,3,0,0.4362546259892617,0.37648324190149485,0.5508453,-0.21835498249774093,The Favor,Comedy|Romance
434,185,100,37,0.5501397545668313,0.37969074547186155,0.5731426,0.40303692662313434,Fearless,Drama
435,53,34,14,0.6143965274097608,0.40420966453308604,0.52307296,0.34599917971776034,Fear of a Black Hat,Comedy
436,182,79,18,0.466736389324161,0.29421404512231963,0.5573779,-0.3366110953137581,With Honors,Comedy|Drama
437,88,34,6,0.4585713211826476,0.3089715692949908,0.5702631,-0.21657394151023207,Flesh and Bone,Drama|Mystery|Romance
438,34,15,1,0.5271766943238734,0.32236325878121885,0.54553616,-0.09877460378991434,Widows' Peak,Drama
439,19,19,4,0.699751338017469,0.34715379450404676,0.5295513,0.5255575079451591,For Love or Money,Comedy
440,677,378,63,0.5602239921914792,0.1938168500485496,0.5495968,-0.3872467665046423,The Firm,Drama|Thriller
441,218,39,5,0.2547867250865872,0.2803776609076318,0.5378403,-1.3498680726364967,Free Willy,Adventure|Children's|Drama
442,73,53,21,0.6689661977496371,0.39760788175513817,0.59434247,1.0860015875901303,Fresh,Drama
443,1662,1352,547,0.8068240901420592,0.40438916677659004,0.5407828,1.2226666349298712,The Fugitive,Action|Thriller
444,67,28,8,0.4895969429333792,0.3583796387279388,0.5309508,-0.23108113818704842,Geronimo: An American Legend,Drama|Western
445,113,31,2,0.3698333884859225,0.2710322447009781,0.56063837,-0.7637639405992472,The Getaway,Action
446,23,4,1,0.4559293468932242,0.38802984853294864,0.5249995,-0.30344523589032074,Getting Even with Dad,Comedy
447,70,36,8,0.5440236860267114,0.3250419979160375,0.5516744,0.02286583757418753,Go Fish,Drama|Romance
448,22,4,2,0.46226169893340785,0.40654836705146713,0.50973463,-0.3333275032086678,A Good Man in Africa,Action|Adventure
449,37,8,1,0.42853841750810767,0.3612691693237798,0.560276,-0.22760934484917228,Guilty as Sin,Crime|Drama|Thriller
450,174,39,8,0.3048341175143096,0.3140855260761711,0.5645683,-0.8330388399276933,Hard Target,Action|Adventure|Crime|Thriller
451,84,40,13,0.5170361367403385,0.36615124245310254,0.5481958,0.03517503920510724,Heaven & Earth,Action|Drama|War
452,458,123,23,0.29976937465197906,0.2482867735305158,0.5427309,-1.2508008950757437,Hot Shots! Part Deux,Action|Comedy|War
453,19,19,3,0.699751338017469,0.33266104088085835,0.49509114,0.2075401412723088,Live Nude Girls,Comedy
454,273,109,23,0.42812025487060484,0.2701485020174794,0.4749689,-1.2085052724315877,"The Englishman Who Went Up a Hill, But Came Down a Mountain",Comedy|Romance
455,52,17,8,0.4537533561098565,0.4172180868773019,0.5528763,0.006173147956002573,The House of the Spirits,Drama|Romance
456,33,1,0,0.3648535219663297,0.39124729060351426,0.5260026,-0.6340009740438177,House Party 3,Comedy
457,481,284,99,0.5899865203826844,0.35614853838556654,0.5424644,0.2358598177594774,The Hudsucker Proxy,Comedy|Romance
458,34,7,0,0.43193859908577814,0.3500633652768285,0.55671406,-0.28117652102012625,I'll Do Anything,Comedy|Drama
459,118,10,1,0.23382644240003195,0.3492268636796538,0.5278971,-1.2682086440147604,In the Army Now,Comedy|War
460,784,551,137,0.6957827845601983,0.26115409620761937,0.56448627,0.482711234228665,In the Line of Fire,Action|Thriller
461,242,173,52,0.6927494600109773,0.32266193641605034,0.53731966,0.4738836572534699,In the Name of the Father,Drama
462,26,4,0,0.4379321358316495,0.3695113300144301,0.5372509,-0.3417349745631602,The Inkwell,Comedy|Drama
463,156,80,14,0.5304992345786668,0.26118162939060946,0.5238197,-0.46735964670138885,What's Love Got to Do with It?,Drama
464,20,2,0,0.44689774747436234,0.38372330424575435,0.5051353,-0.5073543733125108,Jimmy Hollywood,Comedy
465,109,24,5,0.33511221586921613,0.33721097055107063,0.5648187,-0.6345068968643193,Judgment Night,Action
466,2234,1434,524,0.6406667435740829,0.3665455605261315,0.50851375,0.20281935998488287,Jurassic Park,Action|Adventure|Sci-Fi
467,240,114,24,0.4940787666317426,0.26800982817548313,0.5467227,-0.40551938530882403,Kalifornia,Drama|Thriller
468,146,78,28,0.5473614404245172,0.37463759234983773,0.51948154,-0.04195605657552158,Killing Zoe,Thriller
469,54,31,5,0.5796427146462054,0.3080692817380151,0.5595364,0.1616267707623466,King of the Hill,Drama
470,25,6,0,0.4704378976427382,0.35631449679962907,0.5093215,-0.47977469410151996,Lassie,Adventure|Children's
471,413,74,9,0.22307309357063793,0.2334968695224131,0.5416647,-1.604837383623449,Last Action Hero,Action|Comedy
472,33,9,3,0.4612390641350044,0.38904426814880044,0.5261144,-0.2708823678672273,Life with Mikey,Comedy
473,45,14,1,0.4556088665600565,0.3274001846996754,0.5210345,-0.5462238899078933,Lightning Jack,Comedy|Western
474,29,13,3,0.535225852192473,0.36434304477427343,0.54208,0.05119893294131392,M. Butterfly,Drama
475,66,7,1,0.3127831234759083,0.3676072249259513,0.51889867,-0.9711849069215861,Made in America,Comedy
476,127,63,9,0.5213719905265839,0.25622665328123206,0.55468565,-0.27988770504480354,Malice,Thriller
477,159,70,16,0.4750375230775376,0.2996134318398269,0.54539096,-0.37908214073141855,The Man Without a Face,Drama
478,264,172,45,0.6410281602649852,0.2925838370305371,0.5291287,0.10721747838554997,Manhattan Murder Mystery,Comedy|Mystery
479,244,145,42,0.5927987834122631,0.3177108298501499,0.5486853,0.1613556256416724,Menace II Society,Action|Crime|Drama
480,338,161,23,0.49041969670929214,0.20357162000369303,0.5331095,-0.7492836627266927,Executive Decision,Action|Thriller
481,38,20,4,0.5600322991273337,0.34219445458256037,0.5842768,0.3971373834992424,In the Realm of the Senses (Ai no corrida),Drama
482,29,12,6,0.5225676243443718,0.41860664227063266,0.56082714,0.33684621319293334,What Happened Was...,Comedy|Drama|Romance
483,542,397,168,0.7200723687891983,0.42047787879368953,0.5635904,1.1227950022898443,Much Ado About Nothing,Comedy|Romance
484,35,10,0,0.4621510861553572,0.3325601970129871,0.5381659,-0.3701260275988991,Mr. Jones,Drama|Romance
485,38,7,0,0.41230502640006095,0.3500633652768285,0.52804714,-0.5791713073442092,Mr. Wonderful,Comedy|Romance
486,640,316,88,0.5004099164104426,0.29495522355404163,0.50406396,-0.6188716695336143,Mrs. Doubtfire,Comedy
487,74,42,24,0.5748616316387529,0.47775665022586117,0.5559356,0.7051598743940902,Naked,Drama
488,119,10,0,0.2324428539834637,0.3325601970129871,0.5107612,-1.4645415659168117,The Next Karate Kid,Action|Children's
489,9,6,3,0.5980142766644977,0.4098859253710576,0.5764944,0.7177628330086963,The New Age,Drama
490,148,43,12,0.3650648602182089,0.34358722387934654,0.53518516,-0.7275427802857932,No Escape,Action|Sci-Fi
491,54,9,2,0.3681042531077439,0.37209511560642755,0.54620385,-0.5312042922172538,North,Comedy
492,83,44,19,0.5509988144601906,0.4144001257529705,0.5680467,0.4874086640748439,Orlando,Drama
493,251,132,31,0.5358233964226091,0.2799649001141716,0.5788256,0.045575862155626035,A Perfect World,Action|Drama
494,438,313,121,0.7013992670557487,0.3883019609387858,0.5706929,0.9944475709692893,Philadelphia,Drama
495,478,295,119,0.6141720498545556,0.40276409223414267,0.5192772,0.3106326390527728,The Piano,Drama|Romance
496,31,4,0,0.410899287940807,0.3695113300144301,0.5651437,-0.22884842243866604,Poetic Justice,Drama
497,115,41,13,0.4259566201406385,0.3621276024261454,0.580196,-0.07982222214262424,The Program,Action|Drama
498,152,45,12,0.3677368431841849,0.3363538086397813,0.4931521,-1.0688870932914158,Robert A. Heinlein's The Puppet Masters,Horror|Sci-Fi
499,51,20,2,0.48794893389312244,0.3136230260111318,0.5378389,-0.3394864554255084,Radioland Murders,Comedy|Mystery|Romance
500,278,163,40,0.5862281778146505,0.28147235596609965,0.52535653,-0.17101492375018565,The Ref,Comedy
501,334,241,100,0.703861568550014,0.41221172447003174,0.55823165,0.9902279586694522,The Remains of the Day,Drama
502,191,51,11,0.33312382706724214,0.30647140416613095,0.5540227,-0.8328393798353121,Renaissance Man,Comedy|Drama|War
503,310,118,21,0.4091190064533482,0.2437714989332097,0.5545777,-0.7548253020378071,Rising Sun,Action|Drama|Mystery
504,110,21,3,0.3142677645200335,0.3232903073349187,0.5350636,-0.9939893968235181,The Road to Wellville,Comedy
505,162,10,1,0.18529642605285548,0.3492268636796538,0.5185042,-1.5274082035089196,Robocop 3,Sci-Fi|Thriller
506,284,95,24,0.37210431833295016,0.30312835738468435,0.5220634,-0.9430772156835161,Robin Hood: Men in Tights,Comedy
507,87,44,7,0.5349112578336157,0.2867405512848854,0.5345197,-0.27847942449258095,Romeo Is Bleeding,Crime|Thriller
508,54,32,10,0.58925809926159,0.365287949033893,0.55915546,0.3944670692238012,Romper Stomper,Action|Drama
509,95,56,14,0.5881575332634852,0.32031709264886066,0.54753613,0.1436778166315026,Ruby in Paradise,Drama
510,367,214,67,0.5834120919021711,0.32936974174537587,0.54921293,0.1699566214762216,Rudy,Drama
511,12,2,1,0.5045619729549252,0.40295407347652357,0.52064186,-0.0987693757810485,The Saint of Fort Washington,Drama
512,8,2,0,0.5393593504000925,0.38372330424575435,0.5448538,0.15597312226518772,"Savage Nights (Nuits fauves, Les)",Drama
513,1934,1736,1227,0.8897594971387124,0.6981823134494844,0.55677694,2.686426311011153,Schindler's List,Drama|War
514,43,7,3,0.3901380894968319,0.40269494422419694,0.5540849,-0.27906618624598106,The Scout,Drama
515,586,420,160,0.7064195634012663,0.3828800251505941,0.5499564,0.8338146122302372,Searching for Bobby Fischer,Drama
516,1,0,0,0.5741733788863798,0.39907223641558454,0.57314736,0.0,Second Best,Drama
517,269,169,63,0.6215763082232143,0.37878361561999646,0.5152164,0.2241517409852269,The Secret Garden,Children's|Drama
518,321,124,35,0.41316130006254814,0.31582535529183464,0.5383405,-0.6149546612442955,Serial Mom,Comedy|Crime|Horror
519,166,34,2,0.29297612186669153,0.2613525216759432,0.5538855,-1.1448208334315109,The Shadow,Action
520,229,159,62,0.6748488972157898,0.39212254459702983,0.54335725,0.6935276750675068,Shadowlands,Drama|Romance
521,254,170,73,0.6555356655368597,0.4225164173671783,0.59457326,1.1228345966748534,Short Cuts,Drama
522,36,17,2,0.5381725851535507,0.32766584807133176,0.57470274,0.18838349114122532,A Simple Twist of Fate,Drama
523,163,52,7,0.38160958837185616,0.26425109628214927,0.56619906,-0.6989533030910957,Sirens,Comedy|Drama
524,243,156,61,0.6323646495672538,0.39297869815912245,0.56988317,0.7394746679059475,Six Degrees of Separation,Drama
525,783,511,195,0.6485988503279777,0.38316151839711093,0.5212895,0.3902443281677458,Sleepless in Seattle,Comedy|Romance
526,142,13,3,0.22022313710002794,0.36434304477427343,0.5554777,-1.0536623828801461,Sliver,Thriller
527,1520,1279,780,0.8333011734542709,0.6019214535897511,0.5125973,1.7920133173112103,Blade Runner,Film-Noir|Sci-Fi
528,139,37,6,0.350702869434949,0.2983173772503359,0.52356863,-1.0302442341766647,Son in Law,Comedy
529,552,263,69,0.48551967163323156,0.28419684287788893,0.5037673,-0.7157184296278741,So I Married an Axe Murderer,Comedy|Romance|Thriller
530,20,20,1,0.7040406046172195,0.2993373117254175,0.54696417,0.5110436479223828,Striking Distance,Action
531,1,0,0,0.5741733788863798,0.39907223641558454,0.5551729,0.0,Harlem,Drama
532,282,16,5,0.1363941033831487,0.378085027587564,0.49914962,-1.76509165806339,Super Mario Bros.,Action|Adventure|Children's|Sci-Fi
533,105,33,4,0.4018247891819701,0.2885977327804726,0.549169,-0.6690065714919273,Surviving the Game,Action|Adventure|Thriller
534,102,16,1,0.2979134363368774,0.3174789669815034,0.54062223,-1.0337830545706905,Terminal Velocity,Action
535,127,86,40,0.6513154933514427,0.4408353810351414,0.46368465,0.15375408866531715,Thirty-Two Short Films About Glenn Gould,Documentary
536,139,51,13,0.42477694350902306,0.32627338436415076,0.5470804,-0.46617851947820255,Threesome,Comedy|Romance
537,786,493,194,0.6247402420134036,0.3940213845686542,0.5121656,0.26556761233705184,The Nightmare Before Christmas,Children's|Comedy|Musical
538,420,175,40,0.43464434536852203,0.266460496981241,0.5363101,-0.7198731870671029,The Three Musketeers,Action|Adventure|Comedy
539,440,299,146,0.6699649843330722,0.47551178172143044,0.5217893,0.7971422444883649,Tombstone,Western
540,22,5,0,0.47615058782229674,0.36279294219598596,0.5165156,-0.3794570404466876,Trial by Jury,Thriller
541,530,373,175,0.6935911074538024,0.4608832430751282,0.54775316,1.0386158406135162,True Romance,Action|Crime|Romance
542,105,91,44,0.7760183375690668,0.4535717150409874,0.4915679,0.8931695616080961,The War Room,Documentary
543,2,2,1,0.6015931216001031,0.40295407347652357,0.5207027,0.0,Mamma Roma,Drama
544,107,25,3,0.34575058804589404,0.30604815761038967,0.5031344,-1.1810819811615538,The Pagemaster,Action|Adventure|Animation|Children's|Fantasy
545,5,2,2,0.5687789513310066,0.42218484270729284,0.51655054,0.18275432291651056,"Paris, France",Comedy
546,7,5,0,0.6014533740913222,0.36279294219598596,0.5076464,0.03254551290046934,"The Beans of Egypt, Maine",Drama
547,9,5,1,0.5810651241221249,0.3809747603778041,0.5407553,0.2746454238679518,Killer (Bulletproof Heart),Thriller
548,391,263,101,0.6627728850866336,0.38643326460312855,0.5554691,0.7214741081916838,Welcome to the Dollhouse,Comedy|Drama
549,12,5,1,0.5529490697291188,0.3809747603778041,0.57418764,0.4263983474956647,Germinal,Drama
550,26,4,0,0.4379321358316495,0.3695113300144301,0.54546523,-0.27793717140802765,Chasers,Comedy
551,47,16,3,0.46683342601242644,0.34778199728453374,0.52457494,-0.4048000043850571,Cronos,Horror
552,11,3,1,0.5292269233312354,0.39535116642979673,0.50678724,-0.1381423290308531,Naked in New York,Comedy|Romance
553,11,7,4,0.5948006938230388,0.42023880387331974,0.54896176,0.5275816073317787,Kika,Drama
554,27,21,7,0.6530239262753944,0.37962833550393277,0.5094773,0.3032042265532887,Bhaji on the Beach,Comedy|Drama
555,71,22,1,0.4238251431669865,0.29102238639971145,0.52372146,-0.7737869307194233,Little Big League,Children's|Comedy
556,19,8,3,0.5403310481623966,0.3957519279444694,0.5256103,0.05205795975575545,"Slingshot, The (Kådisbellan )",Comedy|Drama
557,28,14,2,0.5549082349128893,0.3430251846996754,0.5351816,-0.0009441050001699827,The Wedding Gift,Drama
558,2,1,1,0.582362352369334,0.41085513374076915,0.5605188,0.0,Foreign Student,Drama
559,8,8,3,0.6428076262621615,0.3957519279444694,0.5105145,0.32809852723203164,"Ciao, Professore! (Io speriamo che me la cavo )",Drama
560,144,81,21,0.5684682593979657,0.31262299099831475,0.54681414,0.0357616115677514,Spanking the Monkey,Comedy|Drama
561,83,21,7,0.37806648363312306,0.37962833550393277,0.5021017,-0.8093098477810768,The Little Rascals,Children's|Comedy
562,0,0,0,0.5856568464641073,0.39907223641558454,0.5423094,0.0,Fausto,Comedy
563,38,13,1,0.4804868445818791,0.3325970130282417,0.5249057,-0.4026164912864477,Andre,Adventure|Children's
564,0,0,0,0.5856568464641073,0.39907223641558454,0.5649362,0.0,The Hour of the Pig,Drama|Mystery
565,1,0,0,0.5741733788863798,0.39907223641558454,0.50873184,0.0,"Scorta, La",Thriller
566,45,20,3,0.5187667612968986,0.3279087402968461,0.5457581,-0.11004970376276033,Princess Caraboo,Drama
567,102,82,33,0.7321239626526669,0.40116372591499416,0.50128096,0.6179748899994348,The Celluloid Closet,Documentary
568,2,0,0,0.5631315831385647,0.39907223641558454,0.5025074,0.0,Metisse (Café au Lait),Comedy
569,23,14,6,0.5929156482630872,0.4055251846996754,0.52414036,0.27642290218900006,Dear Diary (Caro Diario),Comedy|Drama
570,0,0,0,0.5856568464641073,0.39907223641558454,0.5338797,0.0,I Don't Want to Talk About It (De eso no se habla),Drama
571,97,97,20,0.8590669545796283,0.2717932776923757,0.51145875,0.7345005375467387,The Brady Bunch Movie,Comedy
572,509,204,51,0.41732172150841745,0.2793449284282647,0.51670057,-0.8938661972088455,Home Alone,Children's|Comedy
573,887,476,160,0.5392559683278606,0.34211713273912403,0.56324595,0.15379463399838028,Ghost,Comedy|Romance|Thriller
574,1110,742,259,0.6648990020027633,0.3522141563393677,0.5092966,0.25208072013046445,Aladdin,Animation|Children's|Comedy|Musical
575,2284,1773,819,0.7721863077648695,0.4602049434014148,0.5137166,1.073541064800284,Terminator 2: Judgment Day,Action|Sci-Fi|Thriller
576,1194,827,393,0.6883302591022551,0.47087070903167527,0.5479962,1.0550308790471985,Dances with Wolves,Adventure|Drama|Western
577,2,0,0,0.5631315831385647,0.39907223641558454,0.57828027,0.0,Tough and Deadly,Action|Drama|Thriller
578,1167,662,209,0.5680220561406782,0.3215640615460382,0.5501426,0.09097986217251511,Batman,Action|Adventure|Crime|Drama
579,2151,1885,1137,0.8697332314053636,0.5979088433182322,0.5467002,2.1827480173239904,The Silence of the Lambs,Drama|Thriller
580,582,391,152,0.665004497346844,0.38991748712194835,0.5120226,0.4047175511277936,Snow White and the Seven Dwarfs,Animation|Children's|Musical
581,843,583,273,0.6856470798692109,0.4628019144088139,0.51756704,0.7803535295308897,Beauty and the Beast,Animation|Children's|Musical
582,390,248,88,0.6301882780072849,0.36226044235160815,0.4907194,0.009507754246638023,Pinocchio,Animation|Children's
583,824,505,189,0.6113075999121343,0.37649299427167426,0.51644063,0.186288192405251,Pretty Woman,Comedy|Romance
584,6,5,3,0.6121936129143816,0.41733839674144046,0.52951384,0.43320531598292294,Window to Paris,Comedy
585,213,172,87,0.7653340012289177,0.4817730262197263,0.5228123,1.1928589125883995,The Wild Bunch,Western
586,18,10,1,0.5776888576941965,0.3492268636796538,0.5182426,-0.023517878520740942,Love and a .45,Thriller
587,1,0,0,0.5741733788863798,0.39907223641558454,0.51311916,0.0,"Wooden Man's Bride, The (Wu Kui)",Drama
588,30,23,15,0.6535355290400671,0.478816600284647,0.49208182,0.514850261760939,A Great Day in Harlem,Documentary
589,42,14,3,0.47046567742614526,0.3586501846996754,0.52523136,-0.34798320219596024,"Bye Bye, Love",Comedy
590,172,76,14,0.47424703749191605,0.26947310968872407,0.572268,-0.2781422913186393,One Fine Day,Drama|Romance
591,74,10,2,0.3167971155097207,0.36589353034632044,0.52919066,-0.8818029282169791,Candyman: Farewell to the Flesh,Horror
592,1,0,0,0.5741733788863798,0.39907223641558454,0.5830918,0.0,Century,Drama
593,2145,1776,1103,0.8224523199650139,0.6149800721910073,0.5555686,2.1295120744324274,Fargo,Crime|Drama|Thriller
594,52,12,0,0.40473374826671926,0.3218324487222456,0.4877441,-1.0193800558611896,Homeward Bound II: Lost in San Francisco,Adventure|Children's
595,522,279,114,0.5389560180475619,0.40715383532151744,0.52419424,0.0754166629895949,Heavy Metal,Action|Adventure|Animation|Horror|Sci-Fi
596,184,41,12,0.3003540270222451,0.35113859143713433,0.5039069,-1.1925669871483868,Hellraiser: Bloodline,Action|Horror|Sci-Fi
597,58,9,0,0.35447076225190155,0.3381968105216818,0.53235227,-0.8089402930318831,The Pallbearer,Comedy
598,65,41,10,0.6111551506365683,0.3291605694591124,0.5174471,0.028988551028379814,Jane Eyre,Drama|Romance
599,6,0,0,0.5229078986286673,0.39907223641558454,0.5876989,0.4789515596109676,Loaded,Drama|Thriller
600,57,46,21,0.7035779656374332,0.42660012313311696,0.52992815,0.8193321782154925,Bread and Chocolate (Pane e cioccolata),Drama
601,224,113,27,0.519280446435056,0.2880589682256394,0.48298654,-0.7341228276103839,The Aristocats,Animation|Children's
602,12,5,3,0.5529490697291188,0.41733839674144046,0.5158369,0.0996131824823924,"Flower of My Secret, The (La Flor de Mi Secreto)",Drama
603,5,0,0,0.5324153149673703,0.39907223641558454,0.55378807,0.2520665650325371,Two Much,Comedy|Romance
604,21,5,0,0.482856934129653,0.36279294219598596,0.57520974,0.10213574420690863,Ed,Comedy
605,34,21,8,0.5986052657524448,0.39371284254618627,0.53822565,0.366592955965273,My Favorite Season,Drama
606,2,1,0,0.582362352369334,0.39124729060351426,0.53904605,0.0,A Modern Affair,Romance
607,1,1,0,0.5937812220236346,0.39124729060351426,0.56715024,0.0,Condition Red,Action|Drama|Thriller
608,14,2,0,0.48879441130008383,0.38372330424575435,0.554036,0.03323001002994341,A Thin Line Between Love and Hate,Comedy
609,89,50,19,0.5703801605985998,0.3895361182077923,0.5530658,0.359009788434325,The Last Supper,Drama|Thriller
610,386,276,95,0.7001900053284528,0.3526184411680344,0.56652033,0.8333609733806735,Primal Fear,Drama|Thriller
611,5,1,0,0.5505971331491885,0.39124729060351426,0.5570541,0.3200105714435354,Carried Away,Drama|Romance
612,56,8,3,0.3517249275774091,0.3957519279444694,0.4855066,-0.9832444790268955,All Dogs Go to Heaven 2,Animation|Children's|Musical
613,9,6,1,0.5980142766644977,0.3741716396567719,0.5039893,0.030496942853716597,Land and Freedom (Tierra y libertad),War
614,17,11,3,0.6012364525851547,0.3762887183734299,0.4897365,-0.06047385474871775,Denise Calls Up,Comedy
615,2,0,0,0.5631315831385647,0.39907223641558454,0.50391006,0.0,Theodore Rex,Comedy
616,60,31,10,0.548025839301867,0.3697976767997435,0.58166665,0.4267381697047123,A Family Thing,Comedy|Drama
617,112,26,3,0.34125211310620596,0.3020212081681477,0.51258713,-1.1389286591704777,Sgt. Bilko,Comedy
618,13,6,1,0.560045116241355,0.3741716396567719,0.50754595,-0.08759764072267263,Jack and Sarah,Romance
619,61,16,1,0.4079535344432916,0.3174789669815034,0.5261894,-0.7235661046091213,Girl 6,Comedy
620,54,11,2,0.38733502233851314,0.35989527575047914,0.57790524,-0.25359546295849433,Diabolique,Drama|Thriller
621,1,0,0,0.5741733788863798,0.39907223641558454,0.5207997,0.0,"Little Indian, Big City (Un indien dans la ville)",Comedy
622,1,0,0,0.5741733788863798,0.39907223641558454,0.55466586,0.0,Roula,Drama
623,3,0,0,0.5525064589284031,0.39907223641558454,0.5040885,0.0,Peanuts - Die Bank zahlt alles,Comedy
624,1,0,0,0.5741733788863798,0.39907223641558454,0.5240304,0.0,Happy Weekend,Comedy
625,13,5,2,0.5441721003683392,0.3991565785596223,0.53423387,0.14560978731339397,Nelly & Monsieur Arnaud,Drama
626,333,180,37,0.546430397710719,0.24762439922077925,0.5494814,-0.2540403537991133,Courage Under Fire,Drama|War
627,1137,574,137,0.5082416531787746,0.25152822407176156,0.5494293,-0.38743553458487734,Mission: Impossible,Action|Adventure|Mystery
628,13,9,5,0.6076641638604027,0.4229425732335462,0.5229112,0.384022550359431,Cold Fever (Á köldum klaka),Comedy|Drama
629,70,36,7,0.5440236860267114,0.31341409093929334,0.5578755,0.030607761214790946,Moll Flanders,Drama
630,1,0,0,0.5741733788863798,0.39907223641558454,0.5084587,0.0,"Superweib, Das",Comedy
631,5,2,0,0.5687789513310066,0.38372330424575435,0.5242006,0.1084740015601133,"301, 302",Mystery
632,495,201,36,0.42253732536367955,0.22292275625808458,0.5041502,-1.167451948622734,Dragonheart,Action|Adventure|Fantasy
633,1,0,0,0.5741733788863798,0.39907223641558454,0.53895193,0.0,Mutters Courage,Comedy
634,26,7,1,0.47740582004217585,0.3676072249259513,0.5253363,-0.289397698712648,Eddie,Comedy
635,1,0,0,0.5741733788863798,0.39907223641558454,0.53545636,0.0,Yankee Zulu,Comedy|Drama
636,0,0,0,0.5856568464641073,0.39907223641558454,0.5529687,0.0,Billy's Holiday,Drama
637,16,9,5,0.5800430655031116,0.4229425732335462,0.5405955,0.41536556986553763,Purple Noon,Crime|Thriller
638,1,0,0,0.5741733788863798,0.39907223641558454,0.56465715,0.0,August,Drama
639,421,217,60,0.5228935081172088,0.2994517296658398,0.4859305,-0.6577897687992684,James and the Giant Peach,Animation|Children's|Musical
640,93,30,4,0.41456533093150605,0.29942014775974035,0.56486994,-0.46054806214274974,Fear,Thriller
641,102,102,34,0.8637029100210879,0.3549579725051265,0.51450384,1.06502998575121,Kids in the Hall: Brain Candy,Comedy
642,6,2,0,0.558622184342953,0.38372330424575435,0.5298774,0.1135840193494829,Faithful,Comedy
643,28,18,10,0.6061902861949405,0.44049429148204744,0.52697873,0.470968436911064,Underground,War
644,1,0,0,0.5741733788863798,0.39907223641558454,0.5815157,0.0,All Things Fair,Drama
645,42,6,1,0.3835091556870148,0.3741716396567719,0.5107453,-0.7402585844064496,Bloodsport 2,Action
646,36,30,20,0.6893353758512252,0.49942014775974036,0.5345113,1.0533964905764672,Pather Panchali,Drama
647,16,13,9,0.6406491261091722,0.45958114001236866,0.5332545,0.7183035224924649,Aparajito,Drama
648,46,40,29,0.7216962742000558,0.5439290202308803,0.5239961,1.2506399571842879,"World of Apu, The (Apur Sansar)",Drama
649,372,240,91,0.6381110007658896,0.3825986614509629,0.53361094,0.44373334091220934,Mystery Science Theater 3000: The Movie,Comedy|Sci-Fi
650,2,0,0,0.5631315831385647,0.39907223641558454,0.5388728,0.0,Tarantella,Drama
651,457,88,14,0.23132710517397506,0.24604066536796543,0.5244357,-1.663368189357013,Space Jam,Adventure|Animation|Children's|Comedy|Fantasy
652,318,116,36,0.39479033240001454,0.3370699507275857,0.5116943,-0.8185616504284264,Barbarella,Adventure|Sci-Fi
653,241,200,113,0.7879135475024239,0.5318144472831169,0.55835533,1.7295121715505415,Some Folks Call It a Sling Blade,Drama|Thriller
654,1,1,0,0.5937812220236346,0.39124729060351426,0.56419367,0.0,The Run of the Country,Drama
655,49,22,9,0.5180085083152057,0.4021334975108226,0.5217248,-0.0416057899172106,Alphaville,Sci-Fi
656,11,8,4,0.6111941364459896,0.41299330725481426,0.5429467,0.5185936028009497,Clean Slate (Coup de Torchon),Crime
657,2,2,0,0.6015931216001031,0.38372330424575435,0.49743152,0.0,Tigrero: A Film That Was Never Made,Documentary|Drama
658,1,0,0,0.5741733788863798,0.39907223641558454,0.57995963,0.0,Windows,Drama
659,23,9,2,0.5244224975781557,0.37209511560642755,0.5552111,0.13866936295408003,It's My Party,Drama
660,2,1,1,0.582362352369334,0.41085513374076915,0.5561086,0.0,Country Life,Drama|Romance
661,172,17,1,0.2084812717261503,0.31274047493700335,0.54817605,-1.3348092154785132,Operation Dumbo Drop,Action|Adventure|Comedy|War
662,2,0,0,0.5631315831385647,0.39907223641558454,0.49829996,0.0,"Promise, The (Versprechen, Das)",Romance
663,93,37,12,0.46351637988255495,0.36728289449171525,0.50375426,-0.5114497373895057,Mrs. Winterbourne,Comedy|Romance
664,88,9,2,0.2774119008927925,0.37209511560642755,0.54991055,-0.8504745442997043,Solo,Action|Sci-Fi|Thriller
665,112,22,2,0.3165607550815146,0.30491127528860035,0.54673636,-0.9584187076519926,The Substitute,Action
666,117,49,6,0.4687595348694932,0.26215769515938614,0.56138355,-0.409166751326031,True Crime,Mystery|Thriller
667,3,1,1,0.571374383456705,0.41085513374076915,0.5318095,0.0,Butterfly Kiss,Thriller
668,62,12,2,0.3685968064571908,0.3540905132383746,0.53819937,-0.6540673476847946,Feeling Minnesota,Drama|Romance
669,5,0,0,0.5324153149673703,0.39907223641558454,0.5610899,0.30877695786429843,Delta of Venus,Drama
670,108,44,12,0.46381545774180605,0.3399320406465875,0.5369178,-0.34780703882718217,Angus,Comedy
671,0,0,0,0.5856568464641073,0.39907223641558454,0.5716393,0.0,Daens,Drama
672,22,14,5,0.6011505878222967,0.3899001846996754,0.5734678,0.6368207118520832,Faces,Drama
673,7,0,0,0.5137340758457082,0.39907223641558454,0.5670868,0.28365817065671,Boys,Drama
674,32,7,0,0.4424736868683581,0.3500633652768285,0.5429755,-0.34744733114870674,The Quest,Action|Adventure
675,22,17,2,0.6428172544889634,0.32766584807133176,0.56176585,0.4895124245497893,Cosi,Comedy
676,1,0,0,0.5741733788863798,0.39907223641558454,0.55092293,0.0,Sunset Park,Drama
677,222,74,6,0.37971633207060795,0.20930332113531633,0.5329324,-1.1555920671035662,Mulholland Falls,Crime|Film-Noir|Thriller
678,531,263,59,0.5030685754272037,0.2522479610887515,0.5171183,-0.6557344464059396,The Truth About Cats & Dogs,Comedy|Romance
679,112,36,5,0.4029805081679343,0.29015827698580493,0.48816833,-1.1329158806192048,Oliver & Company,Animation|Children's
680,37,6,0,0.4055499117609812,0.35631449679962907,0.5290336,-0.5757051521599885,Celtic Pride,Comedy
681,55,7,2,0.34555087926862255,0.38515108457507413,0.49640217,-0.9591667810302809,Flipper,Adventure|Children's
682,1,1,0,0.5937812220236346,0.39124729060351426,0.559079,0.0,Captives,Drama
683,114,76,45,0.6419685507512521,0.5155048557204701,0.5126367,0.757632252589107,Dead Man,Western
684,36,22,9,0.5963121200372717,0.4021334975108226,0.5163134,0.21687883195023785,"Horseman on the Roof, The (Hussard sur le toit, Le)",Drama
685,21,6,2,0.49694144117190653,0.39202878251391476,0.5204628,-0.16738330002414817,Switchblade Sisters,Crime
686,0,0,0,0.5856568464641073,0.39907223641558454,0.49817154,0.0,Mouth to Mouth (Boca a boca),Comedy
687,11,11,5,0.660374464314842,0.4090756036193316,0.5295507,0.5896775090561462,"Visitors, The (Les Visiteurs)",Comedy|Sci-Fi
688,184,52,8,0.3473625740307921,0.27405501785077674,0.5466154,-0.9484058770380787,Multiplicity,Comedy
689,343,307,195,0.8556815326290214,0.6021109574811743,0.49228287,1.7207885677451715,Wallace & Gromit: The Best of Aardman Animation,Animation
690,24,17,2,0.6254438151784509,0.32766584807133176,0.47457674,-0.2543283138754474,The Haunted World of Edward D. Wood Jr.,Documentary
691,333,116,29,0.37932857003447873,0.2949012760287905,0.55318415,-0.7022466739861866,The Craft,Drama|Horror
692,69,13,2,0.3553180027160115,0.34847002890125756,0.53082156,-0.7818665964365588,The Great White Hype,Comedy
693,4,0,0,0.5422748578371364,0.39907223641558454,0.55796695,0.0,Last Dance,Drama
694,170,105,37,0.6103765560145699,0.3674426569082531,0.51305574,0.12496613562077616,Cold Comfort Farm,Comedy
695,3,2,1,0.5902423079850069,0.40295407347652357,0.5310994,0.0,"Institute Benjamenta, or This Dream People Call Human Life",Drama
696,1,0,0,0.5741733788863798,0.39907223641558454,0.57659173,0.0,The Low Life,Drama
697,41,8,1,0.4097015639912677,0.3612691693237798,0.5399059,-0.4581079915826568,Heaven's Prisoners,Mystery|Thriller
698,5,1,0,0.5505971331491885,0.39124729060351426,0.52278286,0.05383873355387622,Original Gangstas,Crime
699,1110,692,252,0.6217955537269012,0.366514301645255,0.5460468,0.42179197194519197,The Rock,Action|Adventure|Thriller
700,3,1,0,0.571374383456705,0.39124729060351426,0.562867,0.0,Getting Away With Murder,Comedy
701,82,38,14,0.5097185024485255,0.38583649796340036,0.49605674,-0.329425267892717,Cemetery Man (Dellamorte Dellamore),Comedy|Horror
702,928,384,94,0.4225795933775106,0.26256592585433003,0.5403117,-0.7486340482933488,Twister,Action|Adventure|Romance|Thriller
703,251,33,7,0.20691974193755935,0.32474231109372564,0.52772874,-1.4578892382964972,Barb Wire,Action|Sci-Fi
704,192,192,100,0.9143919104264684,0.4956760819040464,0.4786499,1.4702482732328108,Ghost in the Shell (Kokaku kidotai),Animation|Sci-Fi
705,145,26,7,0.2835017555036173,0.3546527871155161,0.53264177,-1.021854047122131,Thinner,Horror|Thriller
706,80,18,7,0.36371417171696435,0.3963766444232239,0.55438095,-0.4001393851691364,Spy Hard,Comedy
707,2,0,0,0.5631315831385647,0.39907223641558454,0.5617548,0.0,Brothers in Trouble,Drama
708,546,508,331,0.9014812790657809,0.6289491251268444,0.5393851,2.3556755959197146,A Close Shave,Animation|Comedy|Thriller
709,25,19,8,0.6437712309760716,0.40512480899680037,0.5077623,0.3430023962885198,Force of Evil,Film-Noir
710,45,7,2,0.3819246560337407,0.38515108457507413,0.5129535,-0.6910235671232825,The Stupids,Comedy
711,335,123,22,0.39553985019014376,0.24250642670970654,0.54383624,-0.894761809486889,The Arrival,Action|Sci-Fi|Thriller
712,3,1,0,0.571374383456705,0.39124729060351426,0.5487148,0.0,The Man from Down Under,Drama
713,1120,995,690,0.8754554207890645,0.679381446718449,0.5029282,2.1479538189932996,Dr. Strangelove or: How I Learned to Stop Worrying and Love the Bomb,Sci-Fi|War
714,8,5,4,0.591083488331127,0.43552021492325865,0.53644806,0.4692460412098859,Careful,Comedy
715,26,11,1,0.5300373989895443,0.3435018331275283,0.53983253,-0.05861424596629597,A Month by the Lake,Comedy|Drama
716,7,4,1,0.5839095144421994,0.38802984853294864,0.49124724,-0.07442459236189047,Gold Diggers: The Secret of Bear Mountain,Adventure|Children's
717,6,4,0,0.5943364700572387,0.3695113300144301,0.5277382,0.18463168011251305,Kim,Children's|Drama
718,3,1,0,0.571374383456705,0.39124729060351426,0.4652769,0.0,Carmen Miranda: Bananas Is My Business,Documentary
719,3,2,0,0.5902423079850069,0.38372330424575435,0.56163657,0.0,Ashes of Time,Drama
720,1,1,0,0.5937812220236346,0.39124729060351426,0.5368848,0.0,"Jar, The (Khomreh)",Drama
721,35,35,20,0.7562687332141806,0.4700424920091674,0.46979225,0.7055050508532923,Maya Lin: A Strong Clear Vision,Documentary
722,22,11,4,0.5594839211556301,0.39268216099638076,0.5051349,-0.04413309296809406,Stalingrad,War
723,93,23,5,0.3656142819804571,0.34183029891478395,0.52277255,-0.8279454900006203,The Phantom,Adventure
724,242,31,2,0.2064480901479636,0.2710322447009781,0.54557586,-1.5077882473004105,Striptease,Comedy|Crime
725,0,0,0,0.5856568464641073,0.39907223641558454,0.5429021,0.0,"Last of the High Kings, The (a.k.a. Summer Fling)",Drama
726,56,19,5,0.4554985124830695,0.3616465481272352,0.5721505,-0.03060498260741895,Heavy,Drama|Romance
727,132,29,3,0.32023539738024925,0.290552048364294,0.56924,-0.8194529679467668,Jack,Comedy|Drama
728,66,30,10,0.5110589855448738,0.3744201477597403,0.5016666,-0.320395225722208,I Shot Andy Warhol,Drama
729,13,3,0,0.5124260686223073,0.37648324190149485,0.5065689,-0.26990280214335105,The Grass Harp,Drama
730,9,5,1,0.5810651241221249,0.3809747603778041,0.47454965,-0.23954874119039385,Marlene Dietrich: Shadow and Light,Documentary
731,13,8,3,0.5917911479873867,0.3957519279444694,0.5252069,0.2464182368345292,"Vie est belle, La (Life is Rosey)",Comedy|Drama
732,0,0,0,0.5856568464641073,0.39907223641558454,0.5204425,0.0,Wend Kuuni (God's Gift),Drama
733,9,4,1,0.5641159715797519,0.38802984853294864,0.5234334,0.09958955794290705,Spirits of the Dead (Tre Passi nel Delirio),Horror
734,3,2,0,0.5902423079850069,0.38372330424575435,0.53134036,0.0,Babyfever,Comedy|Drama
735,598,448,198,0.7365475961777861,0.43765785506180566,0.5532291,1.1652702017187402,Trainspotting,Drama
736,36,8,2,0.43352142236285307,0.3785105486341246,0.53469944,-0.3471963872943727,'Til There Was You,Drama|Romance
737,1456,814,287,0.5599487664828721,0.35527038405182776,0.5258599,-0.011432271676531679,Independence Day (ID4),Action|Sci-Fi|War
738,73,38,9,0.5470149782374419,0.3290183161452185,0.545796,0.00251212975058554,Stealing Beauty,Drama
739,119,23,3,0.30936593090654063,0.31443303864081135,0.5357953,-1.0379078302655516,The Fan,Thriller
740,303,128,25,0.44556045983910864,0.25254838101561367,0.50790054,-0.9469852919918547,The Hunchback of Notre Dame,Animation|Children's|Musical
741,296,72,19,0.29272497781273227,0.31929190017032155,0.51487136,-1.2473907574719103,The Cable Guy,Comedy
742,628,353,119,0.5638390004767041,0.34479804422029586,0.5202974,-0.07610681965958377,Kingpin,Comedy
743,360,131,26,0.39093376176391553,0.2538873581258521,0.5233948,-1.031638715517204,Eraser,Action|Thriller
744,2,2,2,0.6015931216001031,0.42218484270729284,0.46932808,0.0,The Gate of Heavenly Peace,Documentary
745,792,273,54,0.3590057509776786,0.22895855052872827,0.5210783,-1.2588182272180304,The Nutty Professor,Comedy|Fantasy|Romance|Sci-Fi
746,2,1,0,0.582362352369334,0.39124729060351426,0.5188802,0.0,"I, Worst of All (Yo, la peor de todas)",Drama
747,1,0,0,0.5741733788863798,0.39907223641558454,0.55725706,0.0,An Unforgettable Summer,Drama
748,2,1,0,0.582362352369334,0.39124729060351426,0.43601507,0.0,"The Last Klezmer: Leopold Kozlowski, His Life and Music",Documentary
749,1,1,0,0.5937812220236346,0.39124729060351426,0.4846474,0.0,A Hungarian Fairy Tale,Fantasy
750,8,1,1,0.5221179710897477,0.41085513374076915,0.50014764,-0.16309919712374482,My Life and Times With Antonin Artaud (En compagnie d'Antonin Artaud),Drama
751,1,0,0,0.5741733788863798,0.39907223641558454,0.5937427,0.0,A Very Natural Thing,Drama
752,171,40,4,0.31349702408690205,0.2661512424531025,0.55813044,-1.0164163073965844,Daylight,Action|Adventure|Thriller
753,271,122,29,0.471286113156403,0.28461402221383275,0.5272223,-0.5867278843724288,The Frighteners,Comedy|Horror
754,535,421,197,0.7697142603815477,0.46062337966195166,0.5607998,1.4311858762935714,Lone Star,Drama|Mystery
755,95,34,12,0.4364333953324508,0.3804001407235622,0.51275396,-0.4998947107323742,Harriet the Spy,Children's|Comedy
756,321,170,46,0.537150518391389,0.2997891446399056,0.5664098,0.02315126224934766,Phenomenon,Drama|Romance
757,39,24,11,0.5986836216090491,0.4182920516321517,0.5255624,0.35398243742485735,Walking and Talking,Romance
758,169,50,4,0.36202211106486465,0.23953611820779228,0.5168422,-1.2433737353250571,She's the One,Comedy|Romance
759,261,155,42,0.5925493322289561,0.302212740589167,0.6033413,0.5310179628859453,A Time to Kill,Drama
760,41,14,2,0.4756356299253337,0.3430251846996754,0.5463716,-0.21826769152573053,American Buffalo,Drama
761,11,5,0,0.5620138085771371,0.36279294219598596,0.51134425,-0.09009551173044941,"Rendezvous in Paris (Rendez-vous de Paris, Les)",Comedy|Romance
762,32,16,6,0.5522297844293337,0.3932365427390792,0.5098507,-0.03342006385572549,Alaska,Adventure|Children's
763,86,15,0,0.3256091347294512,0.30697864339660347,0.54262614,-0.9484290348443111,Fled,Action|Adventure
764,102,1,1,0.1992292258105616,0.41085513374076915,0.5084666,-1.3376700976793998,Kazaam,Children's|Comedy|Fantasy
765,6,5,3,0.6121936129143816,0.41733839674144046,0.5007428,0.20975144346361307,"Bewegte Mann, Der",Comedy
766,35,5,1,0.40332755674359255,0.3809747603778041,0.5504014,-0.3325573347645556,Larger Than Life,Comedy
767,0,0,0,0.5856568464641073,0.39907223641558454,0.49345306,0.0,A Boy Called Hate,Drama
768,6,1,0,0.5407650414858101,0.39124729060351426,0.5296185,0.06919501314590494,Power 98,Action|Mystery|Thriller
769,133,29,4,0.3184854771759856,0.30321027621239527,0.5161678,-1.194359193103841,A Very Brady Sequel,Comedy
770,3,2,0,0.5902423079850069,0.38372330424575435,0.5171371,0.0,"Death in the Garden (Mort en ce jardin, La)",Drama
771,2,0,0,0.5631315831385647,0.39907223641558454,0.52429086,0.0,The Crude Oasis,Romance
772,3,1,1,0.571374383456705,0.41085513374076915,0.5306693,0.0,"Collectionneuse, La",Drama
773,21,14,9,0.6096174975099348,0.4524001846996754,0.53708863,0.6040270808907344,Kaspar Hauser,Drama
774,0,0,0,0.5856568464641073,0.39907223641558454,0.5520572,0.0,Diebinnen,Drama
775,1,0,0,0.5741733788863798,0.39907223641558454,0.5188725,0.0,"Convent, The (Convento, O)",Drama
776,45,17,6,0.48718781392847754,0.3873673406086452,0.5017099,-0.3666662789210202,The Adventures of Pinocchio,Adventure|Children's
777,101,15,2,0.29326385644506864,0.33774787416583424,0.49190846,-1.3595123032404928,Joe's Apartment,Comedy|Musical
778,226,79,15,0.39232913885219334,0.2709582311688312,0.5000558,-1.1482092242403166,The First Wives Club,Comedy
779,15,13,4,0.6505052665108517,0.3802160606472893,0.56378776,0.7173898831872305,Stonewall,Drama
780,444,239,47,0.5430826767676222,0.23167339730373435,0.55218077,-0.3013702383322858,Ransom,Drama|Thriller
781,57,8,0,0.34843777872154547,0.3440277900134349,0.54083854,-0.7459149944534291,High School High,Comedy
782,1,0,0,0.5741733788863798,0.39907223641558454,0.50180024,0.0,Phat Beach,Comedy
783,86,32,4,0.4506091347294512,0.2921172173265759,0.5607239,-0.37980563593877303,Foxfire,Drama
784,186,38,4,0.2850967895051075,0.27220013432703666,0.56143373,-1.0787287423177903,Chain Reaction,Action|Adventure|Thriller
785,186,91,33,0.5096730606915482,0.3755575306438243,0.5058959,-0.2889130437337618,Matilda,Children's|Comedy
786,401,295,112,0.7190306925126505,0.38247423716167894,0.5340138,0.7569830247658778,Emma,Comedy|Drama|Romance
787,104,15,2,0.28755092417665823,0.33774787416583424,0.53656495,-1.0346072400354605,The Crow: City of Angels,Action|Thriller
788,36,7,2,0.4218935153861089,0.38515108457507413,0.5285027,-0.41686658045132147,House Arrest,Comedy
789,20,12,6,0.5897548903315052,0.41860664227063266,0.5268386,0.3307210591860323,Eyes Without a Face,Horror
790,121,29,7,0.3408353352234232,0.34118495975669905,0.5065592,-1.0512083387819111,Tales from the Crypt Presents: Bordello of Blood,Horror
791,1,0,0,0.5741733788863798,0.39907223641558454,0.55916697,0.0,Lotto Land,Drama
792,6,3,0,0.5764793272000958,0.37648324190149485,0.51703143,0.05717901716062851,The Story of Xinghua,Drama
793,31,22,7,0.6331215101630292,0.3743557197330448,0.5818566,0.7706374911834131,Flirt,Drama
794,6,0,0,0.5229078986286673,0.39907223641558454,0.55587703,0.2318032383658947,The Big Squeeze,Comedy|Drama
795,117,59,17,0.5286397743904513,0.33902396165852505,0.541694,-0.06508630210086364,The Spitfire Grill,Drama
796,422,88,14,0.24848059814238424,0.24604066536796543,0.5232715,-1.6065784699291041,Escape from L.A.,Action|Adventure|Sci-Fi|Thriller
797,26,16,6,0.5958268726737548,0.3932365427390792,0.5357718,0.3352161550668247,Cyclo,Crime|Drama
798,91,46,11,0.5339208675404635,0.3224334564664503,0.5502145,-0.03631269979285362,Basquiat,Drama
799,502,206,30,0.4262370331942126,0.19513129617491887,0.5277111,-1.0668702065809528,Tin Cup,Comedy|Romance
800,3,2,1,0.5902423079850069,0.40295407347652357,0.5615739,0.0,Dingo,Drama
801,7,4,3,0.5839095144421994,0.4250668855699857,0.4872111,0.022972222017414,"Ballad of Narayama, The (Narayama Bushiko)",Drama
802,1874,1671,1243,0.883722891020377,0.7338486994891222,0.5490075,2.726895938157714,The Godfather,Action|Crime|Drama
803,1,0,0,0.5741733788863798,0.39907223641558454,0.46988994,0.0,The Hippie Revolution,Documentary
804,7,6,1,0.618997233740445,0.3741716396567719,0.5115284,0.16957855661790514,"Maybe, Maybe Not (Bewegte Mann, Der)",Comedy
805,213,121,28,0.5714176514190318,0.2804304784840891,0.52902585,-0.2029781173342212,Supercop,Action|Thriller
806,28,17,4,0.5933697733744278,0.35751659433998845,0.52267706,0.09991892269602225,Manny & Lo,Drama
807,7,5,1,0.6014533740913222,0.3809747603778041,0.54282266,0.3689479867387039,Celestial Clockwork,Comedy
808,10,6,2,0.5880473720534227,0.39202878251391476,0.53738266,0.3136728022688028,The Wife,Comedy|Drama
809,0,0,0,0.5856568464641073,0.39907223641558454,0.5534211,0.0,Small Faces,Drama
810,476,328,112,0.6792449473825197,0.3490836291555006,0.5515017,0.624046659243817,Bound,Crime|Drama|Romance|Thriller
811,18,4,0,0.4894535635765495,0.3695113300144301,0.5278605,-0.2169375946340471,Carpool,Comedy|Crime
812,1,0,0,0.5741733788863798,0.39907223641558454,0.5345818,0.0,Death in Brunswick,Comedy
813,31,15,1,0.5467017570766094,0.32236325878121885,0.52653676,-0.17140257486602414,Kansas City,Crime
814,38,7,0,0.41230502640006095,0.3500633652768285,0.5352276,-0.5234034336122769,Gone Fishin',Comedy
815,1,0,0,0.5741733788863798,0.39907223641558454,0.52349335,0.0,Aiqing wansui,Drama
816,5,1,1,0.5505971331491885,0.41085513374076915,0.5298667,0.17701474190549932,Killer: A Journal of Murder,Crime|Drama
817,30,17,5,0.5785355290400671,0.3724419674743168,0.59253293,0.6374142611859723,Nothing to Lose,Drama
818,17,5,1,0.5116842137791846,0.3809747603778041,0.51603013,-0.18365521721820266,Police Story 4: Project S (Chao ji ji hua),Action
819,17,8,2,0.5564603331821696,0.3785105486341246,0.54934484,0.23836337230092364,Girls Town,Drama
820,1,1,0,0.5937812220236346,0.39124729060351426,0.5665765,0.0,Bye-Bye,Drama
821,185,53,10,0.35013975456683133,0.29081176525028374,0.5017143,-1.2282299533313683,The Relic,Horror
822,272,29,5,0.18100261591057568,0.31586850406049655,0.53141457,-1.5595735216509823,The Island of Dr. Moreau,Sci-Fi|Thriller
823,62,14,1,0.38645394931433363,0.3274001846996754,0.5181022,-0.8344000430141508,First Kid,Children's|Comedy
824,45,12,0,0.4345562349811091,0.3218324487222456,0.5572024,-0.36547088807030337,The Trigger Effect,Drama|Thriller
825,0,0,0,0.5856568464641073,0.39907223641558454,0.5620226,0.0,Sweet Nothing,Drama
826,36,9,4,0.4451493293395973,0.40599342069117333,0.55842215,-0.022792683646175843,Bogus,Children's|Drama|Fantasy
827,78,21,7,0.3928347056500419,0.37962833550393277,0.5426512,-0.4377000365096752,Bulletproof,Action
828,1,1,0,0.5937812220236346,0.39124729060351426,0.5515984,0.0,Talk of Angels,Drama
829,41,6,2,0.38772354201324577,0.39202878251391476,0.49476045,-0.7861598640645351,Land Before Time III: The Time of the Great Giving,Animation|Children's
830,2,0,0,0.5631315831385647,0.39907223641558454,0.554644,0.0,1-900,Romance
831,156,33,8,0.30234389477284157,0.33679050386480996,0.48589835,-1.374671174043866,Halloween: The Curse of Michael Myers,Horror|Thriller
832,129,88,33,0.6552114096268455,0.3837218247882553,0.5486552,0.6301086376857599,Twelfth Night,Comedy|Drama|Romance
833,62,39,14,0.6096682350286192,0.3815012564132498,0.561027,0.543691290207515,Mother Night,Drama
834,2,0,0,0.5631315831385647,0.39907223641558454,0.5541921,0.0,Venice/Venice,Drama
835,43,21,8,0.5406757239054341,0.39371284254618627,0.5525339,0.2553981740759359,Wild Reeds,Drama
836,79,52,17,0.6300995528930647,0.3622903119684238,0.49112064,0.01238726689905223,For Whom the Bell Tolls,Adventure|War
837,493,427,240,0.8402998937812254,0.5449761254104386,0.54371524,1.8626073041017286,The Philadelphia Story,Comedy|Romance
838,584,477,304,0.7985533790586836,0.6147127359028068,0.4775368,1.4308200458286948,Singin' in the Rain,Musical|Romance
839,254,174,70,0.6686935602737019,0.40157862419990725,0.4578333,0.038542422748090055,An American in Paris,Musical|Romance
840,81,81,28,0.8418537581924073,0.3660581055021315,0.4978536,0.8904463351697093,Funny Face,Comedy|Musical
841,537,374,160,0.6870235814705373,0.4244188958037246,0.52695245,0.7251065350565264,Breakfast at Tiffany's,Drama|Romance
842,728,619,336,0.8332684348627318,0.5320681791043037,0.55556965,1.8828216210628248,Vertigo,Mystery|Thriller
843,832,763,487,0.8982798665795979,0.6235591781313398,0.52855134,2.240511724054244,Rear Window,Mystery|Thriller
844,311,257,136,0.7930272640532006,0.5079922209145903,0.5378477,1.5070543965243806,It Happened One Night,Comedy
845,151,118,50,0.7327504593194296,0.4163905465522573,0.5493738,1.0468280097936087,Gaslight,Mystery|Thriller
846,83,60,24,0.67129956633989,0.3995782892798112,0.5275149,0.5827810783730749,The Gay Divorcee,Comedy|Musical|Romance
847,1103,986,575,0.8805575388752865,0.5742795480895552,0.55942225,2.2409596243422776,North by Northwest,Drama|Thriller
848,331,263,119,0.767146567777442,0.4439412518235758,0.5394595,1.1976013873332836,The Apartment,Comedy|Drama
849,577,577,352,0.9669582812172335,0.5932274510698233,0.5604003,2.64600874672687,Some Like It Hot,Comedy|Crime
850,241,201,101,0.7913499736192624,0.4818868996843794,0.5673429,1.638950940589757,Charade,Comedy|Mystery|Romance|Thriller
851,1387,1199,826,0.854754935506754,0.6773047332432179,0.5429872,2.372414170846581,Casablanca,Drama|Romance|War
852,875,771,480,0.8651706403494113,0.6089568962494265,0.49725813,1.8196438644473365,The Maltese Falcon,Film-Noir|Mystery
853,491,385,193,0.7657723517989009,0.48954853292133155,0.48599765,0.9356439170366149,My Fair Lady,Musical|Romance
854,286,212,84,0.7181036973904922,0.39676951076633293,0.524941,0.7326521238844396,Sabrina,Comedy|Romance
855,321,266,143,0.7959106262081008,0.5156759867746178,0.5236947,1.4349085207963983,Roman Holiday,Comedy|Romance
856,59,40,10,0.6356224066349115,0.33281790911976916,0.51794076,0.1394360742728538,The Little Princess,Children's|Drama
857,150,97,37,0.6314142116160268,0.3874395361957771,0.47293615,-0.0363785306164735,Meet Me in St. Louis,Musical
858,1410,1131,692,0.7947142755638393,0.6028396374435048,0.5259028,1.7504550613189411,The Wizard of Oz,Adventure|Children's|Drama|Musical
859,946,667,389,0.6990791589590416,0.5703676594432067,0.5439241,1.4105161693981632,Gone with the Wind,Drama|Romance|War
860,258,190,61,0.7119572802701473,0.33730671591991346,0.51572216,0.4307661605985372,My Favorite Year,Comedy
861,389,358,245,0.8821932626952287,0.6493961074038705,0.48011386,1.8923903285586663,Sunset Blvd. (a.k.a. Sunset Boulevard),Film-Noir
862,889,760,541,0.8405568075859482,0.6925353232355299,0.5797649,2.656505860533158,Citizen Kane,Drama
863,1411,1064,641,0.7483113226031523,0.5933156300006994,0.54356366,1.6764289596866824,2001: A Space Odyssey,Drama|Mystery|Sci-Fi|Thriller
864,12,5,1,0.5529490697291188,0.3809747603778041,0.4610589,-0.4522299008781888,Golden Earrings,Adventure|Romance
865,325,273,148,0.8060875795285477,0.5199802223553537,0.54928994,1.6877161487220014,All About Eve,Drama
866,64,49,22,0.6866915993263628,0.4237738567755478,0.49648502,0.4849612418998902,The Women,Comedy
867,290,232,115,0.7684789480094276,0.4785589071658838,0.527705,1.2317558389486705,Rebecca,Romance|Thriller
868,70,46,16,0.6273570193600446,0.37451678979978364,0.52253103,0.28831500193296056,Foreign Correspondent,Thriller
869,356,313,164,0.8430611879881906,0.5067592612142678,0.5336906,1.6625016828663797,Notorious,Film-Noir|Romance|Thriller
870,170,120,45,0.678558374196388,0.3820800695339955,0.53466356,0.6053347281562477,Spellbound,Mystery|Romance|Thriller
871,148,109,56,0.6983981935515422,0.4776956718288002,0.5130581,0.8460426482660437,An Affair to Remember,Romance
872,355,282,123,0.7685996106745812,0.4305831681348772,0.55408746,1.2703536884816924,To Catch a Thief,Comedy|Romance|Thriller
873,257,150,52,0.5839831997498546,0.35976805910389614,0.5314578,0.13991798607409373,Father of the Bride,Comedy
874,62,38,13,0.6007396636000478,0.37447286159976395,0.51199144,0.10415327871512983,The Band Wagon,Comedy|Musical
875,116,95,38,0.7486918212241287,0.39968008152261536,0.5288912,0.8908400486739025,Ninotchka,Comedy|Romance
876,36,23,12,0.6079400270140158,0.43772070987368805,0.53390807,0.5218599413090267,Love in the Afternoon,Comedy|Romance
877,143,87,27,0.6025017736953645,0.34272709358233017,0.49171972,-0.15687792185285615,Gigi,Musical
878,10,4,2,0.5547140387200894,0.40654836705146713,0.55345535,0.36104812969686617,The Reluctant Debutante,Comedy|Drama
879,323,245,101,0.7353427408128831,0.4100122434602686,0.5334641,0.9110402284519928,The Adventures of Robin Hood,Action|Adventure
880,87,56,17,0.6225024987095281,0.3486189794413135,0.5148515,0.12001737865901307,The Mark of Zorro,Adventure
881,244,199,105,0.7764722528000182,0.5018217342199969,0.52954054,1.3575519207188935,Laura,Crime|Film-Noir|Mystery
882,135,101,40,0.7042315801254344,0.3970437868925777,0.5353832,0.761467795407071,The Ghost and Mrs. Muir,Drama|Romance
883,72,50,15,0.649859363304962,0.3495361182077923,0.5728653,0.678766845643087,Lost Horizon,Drama
884,201,167,72,0.7820033558693441,0.4237493632293974,0.49627215,0.8490098365096848,Top Hat,Comedy|Musical|Romance
885,135,97,39,0.6826099585038128,0.4010449783726478,0.5793223,1.0336550184171749,To Be or Not to Be,Comedy|Drama|War
886,155,127,54,0.7623553284058798,0.4178170159366058,0.5166993,0.9116334979032975,My Man Godfrey,Comedy
887,97,64,18,0.634577158661261,0.33292641948051954,0.5790407,0.6103421296704369,Giant,Drama
888,180,135,55,0.7142732274921972,0.40515465849069854,0.56319064,1.0441694066347902,East of Eden,Drama
889,228,197,93,0.813967058716566,0.4573020721489038,0.51049477,1.1987738498105058,The Thin Man,Mystery
890,330,271,152,0.7902180061136984,0.5356810337095926,0.5119254,1.3911929721880363,His Girl Friday,Comedy
891,227,129,34,0.5714182033328713,0.3014168258144091,0.51996833,-0.20037202831063566,Around the World in 80 Days,Adventure|Comedy
892,534,435,280,0.7950048669917901,0.6184610553005757,0.55382025,2.0226959727965856,It's a Wonderful Life,Drama
893,302,255,128,0.8076217111454699,0.48509380924845646,0.53053176,1.4266479643415053,Mr. Smith Goes to Washington,Drama
894,339,267,158,0.7616525509593969,0.561367860633373,0.51785564,1.4169121713219968,Bringing Up Baby,Comedy
895,33,18,4,0.5696727990747634,0.35225899736440036,0.52848107,0.03577641616425964,Penny Serenade,Drama|Romance
896,30,15,5,0.5535355290400671,0.3839017203196804,0.5430611,0.1970751423448297,The Scarlet Letter,Drama
897,11,6,1,0.578407251200088,0.3741716396567719,0.51171315,0.015237556605839253,Lady of Burlesque,Comedy|Mystery
898,45,31,8,0.6345562349811091,0.34510631877505216,0.5690578,0.5750668938870525,Of Human Bondage,Drama
899,16,8,5,0.5648915503515964,0.43023468656515906,0.5409303,0.3851654149454948,Angel on My Shoulder,Crime|Drama
900,15,10,1,0.6043514203570056,0.3492268636796538,0.53920263,0.24159629372120922,Little Lord Fauntleroy,Drama
901,7,5,1,0.6014533740913222,0.3809747603778041,0.5320499,0.2852799737004843,They Made Me a Criminal,Crime|Drama
902,47,24,8,0.5493076528165501,0.37775151109161115,0.50682503,-0.12196099636848126,The Inspector General,Musical
903,42,20,6,0.5356830687304931,0.37076588315398895,0.53544754,0.023768247939414157,Angel and the Badman,Western
904,193,151,67,0.7419047009185405,0.432605033934225,0.5296564,0.9851854699339091,The 39 Steps,Thriller
905,5,4,0,0.605142587694643,0.3695113300144301,0.54781014,0.38199444049409303,A Walk in the Sun,Drama
906,23,9,4,0.5244224975781557,0.40599342069117333,0.49967065,-0.17485919699539698,The Outlaw,Western
907,608,370,167,0.6068128302784276,0.4451276471923315,0.5370376,0.5675871126414112,Night of the Living Dead,Horror|Sci-Fi
908,871,737,387,0.8320117723378995,0.5170948053631248,0.5097598,1.4701620811613365,The African Queen,Action|Adventure|Romance|War
909,30,15,4,0.5535355290400671,0.368517104935065,0.5635106,0.3024206308561339,Beat the Devil,Comedy|Drama
910,212,159,63,0.7186368027603258,0.3969072335922451,0.5291273,0.7676900153954122,Cat on a Hot Tin Roof,Drama
911,4,2,0,0.5793118948741734,0.38372330424575435,0.53063416,0.0,The Last Time I Saw Paris,Drama
912,69,48,18,0.6494356497748349,0.3872817532732574,0.5192127,0.39164832162712787,Meet John Doe,Drama
913,12,8,1,0.6013361665033123,0.3612691693237798,0.5490462,0.34833589455896263,Algiers,Drama|Romance
914,2,0,0,0.5631315831385647,0.39907223641558454,0.5323179,0.0,Something to Sing About,Comedy|Musical
915,44,25,8,0.5774770459915465,0.3727148242770564,0.51335627,0.019365108879181164,A Farewell to Arms,Romance|War
916,2,0,0,0.5631315831385647,0.39907223641558454,0.54338616,0.0,Moonlight Murder,Mystery
917,74,59,33,0.7119584058323013,0.48581295248421313,0.5097398,0.900528273961777,"Blue Angel, The (Blaue Engel, Der)",Drama
918,5,2,0,0.5687789513310066,0.38372330424575435,0.5419772,0.24653823602535663,In the Line of Duty 2,Action
919,4,1,1,0.560793376355655,0.41085513374076915,0.5718105,0.0,Dangerous Ground,Drama
920,66,44,12,0.6317486407172875,0.3399320406465875,0.55615395,0.44608618645226156,Picnic,Drama
921,25,5,1,0.4571045643094049,0.3809747603778041,0.5632697,-0.026229016479053513,The Pompatus of Love,Comedy|Drama
922,4,3,1,0.5978304133926919,0.39535116642979673,0.49155924,0.0,Small Wonders,Documentary
923,187,117,35,0.6172271827983349,0.32906354383700137,0.52280825,0.09359245950383586,Fly Away Home,Adventure|Children's
924,23,4,1,0.4559293468932242,0.38802984853294864,0.5581787,-0.045754681118524654,Bliss,Drama|Romance
925,50,21,8,0.5028284232320537,0.39371284254618627,0.5527757,0.11202558569130916,Grace of My Heart,Comedy|Drama
926,1,1,1,0.5937812220236346,0.41085513374076915,0.5147238,0.0,Schlafes Bruder (Brother of Sleep),Drama
927,47,8,0,0.38435919920830275,0.3440277900134349,0.53597826,-0.6458038925407509,Maximum Risk,Action|Adventure|Thriller
928,137,74,12,0.5523146648299752,0.2576904179095099,0.55010486,-0.19162518033606235,Michael Collins,Drama|War
929,16,3,1,0.4891339745940207,0.39535116642979673,0.50033,-0.34216207004167787,The Rich Man's Wife,Thriller
930,5,1,1,0.5505971331491885,0.41085513374076915,0.56985915,0.4876210779858253,Infinity,Drama
931,348,276,122,0.7670423173949884,0.435440527057605,0.5927825,1.5817915164015817,Big Night,Drama
932,198,60,19,0.3600114609806668,0.35412374382526574,0.55217576,-0.578351233743475,Last Man Standing,Action|Drama|Western
933,24,10,3,0.5308492205838563,0.3825601970129871,0.57845944,0.38027225335302695,Caught,Drama|Thriller
934,71,21,7,0.4155606803570691,0.37962833550393277,0.55031985,-0.2909226736170949,Set It Off,Action|Crime
935,218,92,16,0.4525479191164379,0.25319444944210723,0.51913804,-0.8306456057133516,2 Days in the Valley,Crime
936,16,7,1,0.5497400352000813,0.3676072249259513,0.5497095,0.1775035406818639,Curdled,Crime
937,5,3,3,0.5869607695128248,0.4330870154864005,0.51689297,0.2930888317869029,Ed's Next Move,Comedy
938,96,25,3,0.37180028988496827,0.30604815761038967,0.56341463,-0.6129348597924248,Extreme Measures,Drama|Thriller
939,90,24,4,0.38059173088003834,0.3236974570375571,0.52447873,-0.820245123318573,The Glimmer Man,Action|Thriller
940,110,19,3,0.3017677645200335,0.33266104088085835,0.51844597,-1.1384514605707898,D3: The Mighty Ducks,Children's|Comedy
941,62,20,4,0.4400253778857622,0.34219445458256037,0.5578715,-0.26850454304592175,The Chamber,Drama
942,190,53,7,0.342845176346689,0.26168555165805074,0.5079243,-1.3092393036657732,The Apple Dumpling Gang,Children's|Comedy|Western
943,80,33,8,0.4790987871015797,0.33679050386480996,0.4855744,-0.6988379599102679,"Davy Crockett, King of the Wild Frontier",Western
944,232,87,22,0.41235050469221757,0.30623074321736665,0.4974003,-0.9693851250437899,Escape to Witch Mountain,Adventure|Children's|Fantasy
945,182,77,18,0.45811569966898863,0.29884733717149,0.51226413,-0.7039712998172014,The Love Bug,Children's|Comedy
946,104,17,6,0.3005379371636712,0.3873673406086452,0.5103465,-1.0159132553476473,Herbie Rides Again,Adventure|Children's|Comedy
947,232,146,51,0.621570362848246,0.36200822357540424,0.53111863,0.2893228002305327,Old Yeller,Children's|Drama
948,193,103,38,0.5443738367210097,0.3787817766064002,0.5465393,0.171131171279242,The Parent Trap,Children's|Drama
949,111,47,18,0.47380647405717613,0.3912743486678271,0.5443996,-0.07288487217689532,Pollyanna,Children's|Comedy|Drama
950,189,98,16,0.5325641938209429,0.24292980959985966,0.49533185,-0.744133915849039,Homeward Bound: The Incredible Journey,Adventure|Children's
951,118,47,9,0.45406453763812715,0.2984908435131879,0.49090075,-0.8866793573276661,The Shaggy Dog,Children's|Comedy
952,211,116,34,0.5566392426176451,0.3250217579565014,0.51609194,-0.20514435144847817,Swiss Family Robinson,Adventure|Children's
953,99,43,13,0.4851197471356064,0.3543399120513896,0.5103672,-0.4221709870594099,That Darn Cat!,Children's|Comedy|Mystery
954,483,289,89,0.5971535503249632,0.3213970850170479,0.4931154,-0.2407085814902402,"20,000 Leagues Under the Sea",Adventure|Children's|Fantasy|Sci-Fi
955,292,119,27,0.43357556234855366,0.27783202260816114,0.5444864,-0.6209441072089517,Cool Runnings,Comedy
956,194,55,10,0.3454214849311695,0.28527249353123074,0.54451525,-0.9331737047107495,Angels in the Outfield,Children's|Comedy
957,449,287,107,0.633833351349109,0.3767169490230838,0.51220286,0.24060274305636614,Cinderella,Animation|Children's|Musical
958,179,132,65,0.7042918878742592,0.4667780869273584,0.49484384,0.689247479924995,Winnie the Pooh and the Blustery Day,Animation|Children's
959,100,35,11,0.42855228215470237,0.3641601390679909,0.49579293,-0.7183224557980673,The Three Caballeros,Animation|Children's|Musical
960,222,120,35,0.5488339791294314,0.32325654012223076,0.49652347,-0.39321638205916026,The Sword in the Stone,Animation|Children's
961,6,5,1,0.6121936129143816,0.3809747603778041,0.50997716,0.15506820526137158,So Dear to My Heart,Children's|Drama
962,247,99,18,0.43192876203099445,0.2547222269850955,0.5495706,-0.6681086174387231,Robin Hood: Prince of Thieves,Drama
963,824,566,263,0.6811016502553837,0.45934027892983637,0.5040117,0.6455968661317035,Mary Poppins,Children's|Comedy|Musical
964,446,272,93,0.6074250853290432,0.3507876143502461,0.5034042,-0.019215254388433828,Dumbo,Animation|Children's|Musical
965,239,78,20,0.3712209076927521,0.31213759234983773,0.48255754,-1.221977695701442,Pete's Dragon,Adventure|Animation|Children's|Musical
966,236,126,30,0.5429470011300886,0.28382733989079106,0.49392456,-0.5730534423703506,Bedknobs and Broomsticks,Adventure|Children's|Musical
967,413,248,91,0.5988830287758216,0.37232755644556786,0.50806814,0.059099856664268924,Alice in Wonderland,Animation|Children's|Musical
968,225,111,29,0.5101194266298377,0.30405970075018157,0.49375626,-0.6300166349575925,The Fox and the Hound,Animation|Children's
969,133,83,33,0.6135674443891003,0.39814745729909196,0.53128904,0.3855558056190515,Freeway,Crime
970,710,489,283,0.681951108320007,0.5620660701684215,0.49342555,0.9237219565256175,The Sound of Music,Musical
971,1358,1096,526,0.7992065641500038,0.4763993122345368,0.57242876,1.6895277700297857,Die Hard,Action|Thriller
972,513,112,19,0.250946433966617,0.24045439395542734,0.50959295,-1.722769612738762,The Lawnmower Man,Action|Sci-Fi|Thriller
973,6,2,0,0.558622184342953,0.38372330424575435,0.571735,0.4386762629307188,Unhook the Stars,Drama
974,2,1,0,0.582362352369334,0.39124729060351426,0.5056109,0.0,Synthetic Pleasures,Documentary
975,3,0,0,0.5525064589284031,0.39907223641558454,0.5471332,0.0,The Secret Agent,Drama
976,397,298,136,0.7321763810362537,0.4481425627033886,0.5597936,1.2359240972840138,Secrets & Lies,Drama
977,417,212,57,0.5166656152531164,0.2937160756518291,0.52635354,-0.3876782551692984,That Thing You Do!,Comedy
978,78,21,2,0.3928347056500419,0.30920580029266514,0.51057315,-0.931632770424071,To Gillian on Her 37th Birthday,Drama|Romance
979,29,11,1,0.5099093964962704,0.3435018331275283,0.532131,-0.1956761941496524,Surviving Picasso,Drama
980,68,55,32,0.7142613756203844,0.4947963030550403,0.55266345,1.2739651874195932,Beautiful Thing,Drama|Romance
981,361,195,58,0.5457003462851712,0.31817800743175195,0.5377288,-0.10286983609486983,The Long Kiss Goodnight,Action|Thriller
982,363,174,45,0.49221027196902023,0.2899714813427644,0.5419647,-0.3733033027453031,The Ghost and the Darkness,Action|Adventure
983,117,85,30,0.6843283971449423,0.3700267542279943,0.5298571,0.548250585196735,Looking for Richard,Documentary|Drama
984,73,36,7,0.530754815635816,0.31341409093929334,0.5618217,0.010333079398598205,Trees Lounge,Drama
985,28,8,1,0.4779851579898124,0.3612691693237798,0.5905067,0.19694764734233045,Normal Life,Crime|Drama
986,59,31,6,0.553053599295462,0.3204149607503608,0.5443907,-0.015133300011346454,Get on the Bus,Drama
987,16,4,1,0.5042854897455359,0.38802984853294864,0.5458139,0.043793541649150475,Shadow Conspiracy,Thriller
988,38,22,3,0.5827595718546065,0.31880016417748924,0.5495564,0.13337901199449845,Jude,Drama
989,207,117,28,0.5691939390007991,0.2871473761723307,0.5153736,-0.29419577133545755,Everyone Says I Love You,Comedy|Musical|Romance
990,7,3,0,0.5663656547930765,0.37648324190149485,0.518268,0.027968686254852243,Bitter Sugar (Azucar Amargo),Drama
991,363,187,72,0.5236872695477127,0.3879899232944271,0.5086308,-0.17067237274812733,William Shakespeare's Romeo and Juliet,Drama|Romance
992,619,453,212,0.7209011096012039,0.4611403813534378,0.5453728,1.1258324453671316,Swingers,Comedy|Drama
993,307,178,42,0.5806242081882503,0.27172636763499664,0.5635888,0.07053593808429642,Sleepers,Crime|Drama
994,0,0,0,0.5856568464641073,0.39907223641558454,0.54479307,0.0,The Sunchaser,Drama
995,20,9,3,0.5468977474743624,0.38904426814880044,0.5757972,0.4437257830456929,Johns,Drama
996,156,48,12,0.37515942875342406,0.32605726347733904,0.508597,-0.9562376283072185,Aladdin and the King of Thieves,Animation|Children's|Comedy
997,152,127,60,0.7736774372435908,0.4517153210213516,0.52705365,1.1533371150619418,Shall We Dance?,Comedy|Musical|Romance
998,19,12,7,0.5983020626551502,0.4347356745286972,0.54582345,0.5670374830947735,A Damsel in Distress,Comedy|Musical|Romance
999,28,18,4,0.6061902861949405,0.35225899736440036,0.52739984,0.16752558940663426,Crossfire,Crime|Film-Noir
1000,88,65,28,0.6832090023420678,0.4169879288763411,0.5366395,0.7598720823093239,"Murder, My Sweet",Film-Noir|Thriller
1001,2,0,0,0.5631315831385647,0.39907223641558454,0.5237431,0.0,Macao,Adventure
1002,2,1,1,0.582362352369334,0.41085513374076915,0.5412556,0.0,For the Moment,Romance|War
1003,1020,683,306,0.6656848993674817,0.44468432717705214,0.51888704,0.6510164489682615,Willy Wonka and the Chocolate Factory,Adventure|Children's|Comedy|Fantasy
1004,19,12,6,0.5983020626551502,0.41860664227063266,0.54172206,0.4791175903817911,The Innocents,Thriller
1005,623,478,191,0.7537635101384924,0.39953335572117277,0.5446703,1.0323442911501388,Sleeper,Comedy|Sci-Fi
1006,302,205,66,0.6655762566000152,0.33707298753246756,0.5292076,0.3566890705169694,Bananas,Comedy|War
1007,1097,824,356,0.7439257561667004,0.4301528739368183,0.48586792,0.6443291905060049,A Fish Called Wanda,Comedy
1008,757,568,260,0.740127437823055,0.4529993718782835,0.51812893,0.9597275659443592,Monty Python's Life of Brian,Comedy
1009,367,208,81,0.569023602693538,0.3912930690727877,0.5151582,0.06549682717312315,Victor/Victoria,Comedy|Musical
1010,76,76,16,0.835578113676233,0.28534612556173994,0.53066206,0.8406108672978847,The Candidate,Drama
1011,131,71,22,0.5540488526143943,0.3467240646345391,0.52569294,-0.06507933271173509,The Great Race,Comedy|Musical
1012,568,446,198,0.7690660879016269,0.43942260447737747,0.5396459,1.1907084818440365,Bonnie and Clyde,Crime|Drama
1013,110,73,26,0.6392677645200335,0.3736066001689368,0.53954506,0.46300366342615196,The Old Man and the Sea,Adventure|Drama
1014,300,236,93,0.7579509780663011,0.39494269867405324,0.55786586,1.1349424868197053,Dial M for Murder,Mystery|Thriller
1015,14,9,1,0.5981694113000838,0.35514596306405466,0.46024254,-0.3748070395959409,Madame Butterfly,Musical
1016,548,252,99,0.47037264602542705,0.39388613185688487,0.5067551,-0.3693551430270166,Dirty Dancing,Musical|Romance
1017,1030,824,468,0.7900767058548198,0.5582993270260631,0.5449989,1.7261431343924163,Reservoir Dogs,Crime|Thriller
1018,932,744,344,0.7874570695755656,0.45837986375413,0.55072916,1.4132657710849879,Platoon,Drama|War
1019,286,74,10,0.3073894116762064,0.2415613856514454,0.4902701,-1.6523782317261666,Weekend at Bernie's,Comedy
1020,595,331,86,0.5585780501134967,0.27809346934587725,0.55368745,-0.06884015191682158,Basic Instinct,Mystery|Thriller
1021,562,258,58,0.4694164090248454,0.25309614227525723,0.51613617,-0.789563892225808,The Doors,Drama|Musical
1022,1023,644,236,0.627477019872512,0.3688092389348404,0.5357105,0.3712956787084562,The Crying Game,Drama|Romance|War
1023,450,312,150,0.6825656846464108,0.46948511552701444,0.5191115,0.8037545026309924,Glengarry Glen Ross,Drama
1024,273,195,94,0.6943741248396451,0.465116782941956,0.5455569,1.0392795818876215,Sophie's Choice,Drama
1025,1910,1370,622,0.7139198175118395,0.4520800083244924,0.50647724,0.7654579461948837,E.T. the Extra-Terrestrial,Children's|Drama|Fantasy|Sci-Fi
1026,3,0,0,0.5525064589284031,0.39907223641558454,0.5329393,0.0,The Search for One-eye Jimmy,Comedy
1027,152,120,50,0.7390239718970563,0.41149183423987784,0.5504036,1.0618741160407212,A Christmas Carol,Drama
1028,338,84,12,0.2919660884618695,0.23845978970730766,0.52350783,-1.4642062952913815,Days of Thunder,Action|Romance
1029,817,495,183,0.6047091606957387,0.37239194829500777,0.5322747,0.2696865901343453,Top Gun,Action|Romance
1030,3,1,0,0.571374383456705,0.39124729060351426,0.534155,0.0,American Strays,Action
1031,313,226,81,0.703258518796709,0.36577395587238853,0.5653274,0.8816019776538563,Rebel Without a Cause,Drama
1032,392,317,184,0.7834453446226366,0.5557319123181995,0.5327021,1.596264179569883,A Streetcar Named Desire,Drama
1033,38,5,1,0.38957775367278824,0.3809747603778041,0.51239985,-0.680469927106955,Children of the Corn IV: The Gathering,Horror
1034,2,0,0,0.5631315831385647,0.39907223641558454,0.5209237,0.0,Loser,Comedy
1035,80,65,27,0.7252526332554259,0.40829227670242807,0.4721709,0.3902965808518833,Microcosmos (Microcosmos: Le peuple de l'herbe),Documentary
1036,25,11,2,0.5371045643094049,0.35989527575047914,0.5394793,0.022749796410348397,Palookaville,Action|Drama
1037,39,16,3,0.5087959811596109,0.34778199728453374,0.5004745,-0.4309352006791577,The Associate,Comedy
1038,21,4,2,0.4687724270873995,0.40654836705146713,0.55094683,0.011739014837063855,The Funeral,Drama
1039,1,0,0,0.5741733788863798,0.39907223641558454,0.56001735,0.0,Sleepover,Comedy|Drama
1040,16,8,1,0.5648915503515964,0.3612691693237798,0.51963276,-0.019974406410517356,"Single Girl, A (La Fille Seule)",Drama
1041,11,10,6,0.6439810216918912,0.4325601970129871,0.54482853,0.7270546890332271,"Eighth Day, The (Le Huitième jour )",Drama
1042,1,0,0,0.5741733788863798,0.39907223641558454,0.48684087,0.0,Tashunga,Adventure|Western
1043,26,12,1,0.5431952937263864,0.3379614809803101,0.5752257,0.24750984261023354,Drunks,Drama
1044,338,187,35,0.5574300059876427,0.23187177983451152,0.53117186,-0.40878681626797003,The People vs. Larry Flynt,Drama
1045,11,4,0,0.5456203659541863,0.3695113300144301,0.57563555,0.36966983279857335,Glory Daze,Drama
1046,24,14,6,0.5849032746379104,0.4055251846996754,0.48810002,-0.03423869213681541,A Perfect Candidate,Documentary
1047,328,194,85,0.5906953500613898,0.4301377533638493,0.554078,0.5859715206107404,On Golden Pond,Drama
1048,306,212,61,0.6777607930427116,0.3089832512243482,0.5336796,0.34054098799353977,The Return of the Pink Panther,Comedy
1049,262,49,11,0.2509065459077095,0.31266274566443664,0.5330774,-1.2895252541164155,Drop Dead Fred,Comedy|Fantasy
1050,1446,862,301,0.5957773010181854,0.35192281997892455,0.5248982,0.10696459153789545,The Abyss,Action|Adventure|Sci-Fi|Thriller
1051,138,44,7,0.38980235278300723,0.2867405512848854,0.5196176,-0.9511164627179163,The Fog,Horror
1052,723,373,106,0.5204176485423097,0.2977626756992417,0.52756256,-0.3498223804832738,Escape from New York,Action|Adventure|Sci-Fi|Thriller
1053,185,78,20,0.45652273329023557,0.31213759234983773,0.52428627,-0.5705152935386061,The Howling,Horror
1054,177,151,95,0.7941975432740325,0.5719085165212897,0.5352812,1.7137910294164693,Jean de Florette,Drama
1055,175,142,83,0.7612570769920238,0.5362167282332252,0.5322238,1.4395591609891356,Manon of the Spring (Manon des sources),Drama
1056,1,0,0,0.5741733788863798,0.39907223641558454,0.5583325,0.0,Talking About Sex,Comedy|Drama
1057,1,0,0,0.5741733788863798,0.39907223641558454,0.5427309,0.0,Johnny 100 Pesos,Action|Drama
1058,325,121,21,0.40075424619521427,0.23949480596946918,0.50692505,-1.1718940041610204,Private Benjamin,Comedy
1059,1263,1085,682,0.8486541068722052,0.6184613320006865,0.53333426,2.0694847356231114,Monty Python and the Holy Grail,Comedy
1060,6,5,3,0.6121936129143816,0.41733839674144046,0.4832514,0.07390231405371467,Dadetown,Documentary
1061,2,2,0,0.6015931216001031,0.38372330424575435,0.5878697,0.0,Everything Relative,Drama
1062,2,0,0,0.5631315831385647,0.39907223641558454,0.56594574,0.0,Get Over It,Drama
1063,14,8,2,0.5825444113000838,0.3785105486341246,0.4960952,-0.07510109190471706,The Line King: Al Hirschfeld,Documentary
1064,2,0,0,0.5631315831385647,0.39907223641558454,0.48601606,0.0,Snowriders,Documentary
1065,226,196,115,0.8162421823304542,0.5485919179706473,0.4883549,1.3528845175085644,When We Were Kings,Documentary
1066,731,679,448,0.9068922436916842,0.6419116760230167,0.5278964,2.332272481892976,The Wrong Trousers,Animation|Comedy
1067,2,2,1,0.6015931216001031,0.40295407347652357,0.5014718,0.0,JLG/JLG - autoportrait de décembre,Documentary|Drama
1068,132,98,33,0.6993562765011283,0.3577946744647245,0.5331268,0.5887990818941359,"Return of Martin Guerre, The (Retour de Martin Guerre, Le)",Drama
1069,29,17,8,0.5858587635848781,0.4172180868773019,0.5449327,0.45147202810232556,Faust,Animation|Comedy|Thriller
1070,25,12,4,0.5504378976427382,0.38634857775450365,0.5172195,-0.007009392353802851,He Walked by Night,Crime|Film-Noir|Thriller
1071,8,5,3,0.591083488331127,0.41733839674144046,0.51713735,0.25606544064891745,Raw Deal,Film-Noir
1072,15,9,3,0.5889668049723902,0.38904426814880044,0.50464934,0.05259957229073936,T-Men,Film-Noir
1073,5,0,0,0.5324153149673703,0.39907223641558454,0.55120134,0.23197646488794768,Six of a Kind,Comedy
1074,74,57,21,0.6958293735742368,0.3827440357082171,0.53057474,0.6421689838502076,"Tin Drum, The (Blechtrommel, Die)",Drama
1075,74,53,23,0.6635713090581077,0.4170253574832935,0.5255383,0.5984179862195539,The Ruling Class,Comedy
1076,15,7,3,0.5581975742031595,0.40269494422419694,0.5426856,0.27737799734200624,Mina Tannenbaum,Drama
1077,4,3,2,0.5978304133926919,0.4142190909580986,0.48991242,0.0,Two or Three Things I Know About Her,Drama
1078,0,0,0,0.5856568464641073,0.39907223641558454,0.55548626,0.0,The Bloody Child,Drama|Thriller
1079,78,23,3,0.4084597056500419,0.31443303864081135,0.54630905,-0.5759495405044305,Dear God,Comedy
1080,16,1,0,0.45883094429099036,0.39124729060351426,0.5277231,-0.25997241302174307,Bad Moon,Horror
1081,24,14,3,0.5849032746379104,0.3586501846996754,0.50385743,-0.07479830712269953,American Dream,Documentary
1082,13,0,0,0.46480702100325977,0.39907223641558454,0.52658975,-0.21863936044065158,Best of the Best 3: No Turning Back,Action
1083,324,197,67,0.6050343377625812,0.35203891425416695,0.50146616,-0.039092897490679984,Bob Roberts,Comedy
1084,497,419,244,0.8195298762764267,0.5628008780826849,0.55081326,1.8999842237104563,Cinema Paradiso,Comedy|Drama|Romance
1085,152,79,33,0.5360536748673532,0.4104931148897615,0.50488985,-0.07404429274550034,The Cook the Thief His Wife & Her Lover,Drama
1086,5,4,1,0.605142587694643,0.38802984853294864,0.54450047,0.42066145395400706,Grosse Fatigue,Comedy
1087,291,214,108,0.7134394203026551,0.4846727720484062,0.53030777,1.0619923032663694,Delicatessen,Comedy|Sci-Fi
1088,105,78,39,0.6921473698271313,0.46057509234983773,0.5369008,0.9477178914307387,"Double Life of Veronique, The (La Double Vie de Véronique)",Drama
1089,117,89,42,0.7082804929533255,0.4457094375595628,0.5524737,1.0789081425055596,Enchanted April,Drama
1090,197,178,123,0.8392017907822079,0.6269895255297334,0.5516581,2.20516777041659,Paths of Glory,Drama|War
1091,733,497,157,0.6721364525200579,0.3234983762719913,0.52340823,0.28963785970324574,The Grifters,Crime|Drama|Film-Noir
1092,32,22,10,0.6254005161366508,0.41602238639971145,0.50846934,0.3158714892627479,Hear My Song,Comedy
1093,10,2,1,0.5213807053867561,0.40295407347652357,0.54118395,0.1253201408280501,The Shooter,Action
1094,809,487,232,0.6010277559059434,0.46918735907035236,0.5341023,0.606221496216088,The English Patient,Drama|Romance|War
1095,72,49,16,0.6416626419934865,0.3631677961694872,0.53179306,0.3757016600581004,Mediterraneo,Comedy|War
1096,361,267,100,0.7208828280369961,0.3784025609488304,0.5383595,0.7836891833856348,My Left Foot,Drama
1097,451,257,83,0.5714228389684738,0.33535378443250563,0.5731298,0.330498466825895,"Sex, Lies, and Videotape",Drama
1098,111,64,16,0.5793965361689773,0.31538255983139674,0.5609608,0.19716659411799298,Passion Fish,Drama
1099,548,404,188,0.7245532480321161,0.4580476031294697,0.5350363,1.0488184577956727,Strictly Ballroom,Comedy|Romance
1100,212,172,100,0.7682551233710129,0.5403315847782848,0.49256518,1.1727061144795405,The Thin Blue Line,Documentary
1101,81,43,14,0.5517774223145447,0.3650926002234326,0.56296486,0.27953094633320613,Tie Me Up! Tie Me Down!,Drama
1102,165,58,15,0.4059667084800249,0.32364455389610397,0.46140048,-1.2129501179853328,Madonna: Truth or Dare,Documentary
1103,84,64,33,0.6961406143522788,0.4645053668489406,0.47786984,0.5182336928339855,Paris Is Burning,Documentary
1104,1429,1260,788,0.8717260597181916,0.6167584823059383,0.5620264,2.3749518905735316,One Flew Over the Cuckoo's Nest,Drama
1105,171,88,37,0.5306915942226487,0.4127073320346321,0.52504855,0.0696390502892685,Up in Smoke,Comedy
1106,2516,2111,1240,0.834093079627126,0.5830419305047567,0.494562,1.5893520868358324,Star Wars: Episode V - The Empire Strikes Back,Action|Adventure|Drama|Sci-Fi|War
1107,1947,1616,997,0.8238772370171283,0.6104163336259179,0.5362651,1.9691936380009096,The Princess Bride,Action|Adventure|Comedy|Romance
1108,2110,1893,1267,0.8899457603348173,0.6623538918274726,0.5032996,2.1472600471513346,Raiders of the Lost Ark,Action|Adventure
1109,748,571,352,0.7522341382496308,0.5989591172637346,0.51518595,1.490702152021748,Brazil,Sci-Fi
1110,1521,1190,643,0.7761189320962478,0.5346400095328865,0.52499205,1.4349486665399578,Aliens,Action|Sci-Fi|Thriller|War
1111,677,538,270,0.7803065231405851,0.4931183874503048,0.5580246,1.5632383703726271,"The Good, The Bad and The Ugly",Action|Western
1112,54,32,14,0.58925809926159,0.4140684368387711,0.4974242,0.0845885812185746,Withnail and I,Comedy
1113,484,408,235,0.8188817271970138,0.5566672747178586,0.5332835,1.740028575770016,12 Angry Men,Drama
1114,670,584,390,0.8517817254488964,0.6466145296857716,0.5337543,2.1826130654069797,Lawrence of Arabia,Adventure|War
1115,171,92,42,0.5487911417339609,0.43629304099140304,0.50358546,0.054391564142459325,The Transformers: The Movie,Action|Animation|Children's|Sci-Fi|Thriller|War
1116,987,759,478,0.7601570321342386,0.6155174435361919,0.51842886,1.6038532223630109,A Clockwork Orange,Sci-Fi
1117,733,648,414,0.8649844729542853,0.6217100455885088,0.55410504,2.3047690583588265,To Kill a Mockingbird,Drama
1118,958,791,490,0.813772661034926,0.606365769109131,0.5745464,2.213650859597835,Apocalypse Now,Drama|War
1119,144,108,57,0.7076435171299246,0.4870481760808812,0.5273919,1.0253595343546993,Once Upon a Time in the West,Western
1120,2457,1804,876,0.7312655932681313,0.48325437530786364,0.48892438,0.8040658530949911,Star Wars: Episode VI - Return of the Jedi,Action|Adventure|Romance|Sci-Fi|War
1121,189,141,84,0.7124805118125748,0.5442597477527709,0.5257947,1.2303901963379247,Wings of Desire (Der Himmel über Berlin),Comedy|Drama|Romance
1122,377,338,226,0.8601471717171086,0.6339010613937609,0.5299871,2.141266472348053,The Third Man,Mystery|Thriller
1123,1389,1154,697,0.8222952344150142,0.5954764217780558,0.54503536,1.9793053459193197,GoodFellas,Crime|Drama
1124,1711,1380,742,0.8002741864413432,0.5328346935809645,0.5346397,1.5963059783593874,Alien,Action|Horror|Sci-Fi|Thriller
1125,798,528,232,0.6571731631169875,0.43590590280411634,0.5266704,0.6482859668681586,Army of Darkness,Action|Adventure|Comedy|Horror|Sci-Fi
1126,68,37,19,0.5617190027390284,0.4477426646066578,0.51172024,0.20698572394077927,"Big Blue, The (Le Grand Bleu)",Adventure|Romance
1127,292,244,142,0.7990726383719455,0.5508626252407457,0.5780661,1.9916377923715887,Ran,Drama|War
1128,193,158,90,0.7707112852806804,0.5286231337537463,0.5213263,1.3648095813212118,"Killer, The (Die xue shuang xiong)",Action|Thriller
1129,1046,856,490,0.8077398196379612,0.5628627062039505,0.55452496,1.8837786929655411,Psycho,Horror|Thriller
1130,1120,780,368,0.6916947370283807,0.4674139901455171,0.50916153,0.7543127640282499,The Blues Brothers,Action|Comedy|Musical
1131,1413,1209,793,0.8463997555182539,0.6457137504533592,0.5521445,2.3016570435791888,The Godfather: Part II,Action|Crime|Drama
1132,1013,794,392,0.7744899739635046,0.48809669647011755,0.5400812,1.3841003101102367,Full Metal Jacket,Action|Drama|War
1133,384,335,202,0.8393613878414871,0.5765028878461799,0.54821205,2.0035202857781482,A Grand Day Out,Animation|Comedy
1134,352,302,160,0.8240866724457846,0.5112318517635773,0.5086537,1.4107765025567809,Henry V,Drama|War
1135,1114,922,491,0.8172533009649531,0.5256724401448346,0.5636293,1.8617231765141518,Amadeus,Drama
1136,179,134,72,0.7130255123284077,0.4997478903303219,0.5363532,1.1597585662667889,The Quiet Man,Comedy|Romance
1137,205,140,54,0.6638542836204132,0.3892295358988381,0.54983115,0.6915565839026139,Once Upon a Time in America,Crime|Drama|Thriller
1138,540,431,225,0.7801404107172972,0.5092590682344682,0.55324453,1.581582368118834,Raging Bull,Drama
1139,1128,899,507,0.7880159951809893,0.5552725098216852,0.52094656,1.5209077305114198,Annie Hall,Comedy|Romance
1140,604,465,191,0.7557841625737085,0.40961866372966843,0.5872478,1.4058400101455555,The Right Stuff,Drama
1141,42,28,11,0.6226395904696236,0.39684117718947726,0.51068795,0.2558311604889042,Stalker,Mystery|Sci-Fi
1142,834,715,409,0.8419489166552098,0.560723675582718,0.54186666,1.9093185343837016,"Boat, The (Das Boot)",Action|Drama|War
1143,847,734,395,0.8509284752767061,0.5292775660979326,0.55310845,1.9217816682614588,The Sting,Comedy|Crime
1144,558,442,242,0.7751362538210614,0.5324260402861366,0.51228416,1.324784004710267,Harold and Maude,Comedy
1145,79,65,32,0.7308747466915144,0.4517705375719933,0.56995994,1.3224980360894476,Trust,Comedy|Drama
1146,235,192,126,0.7764310256954574,0.603114098432972,0.52738124,1.6927241656638643,"Seventh Seal, The (Sjunde inseglet, Det)",Drama
1147,300,216,111,0.7008081209234439,0.4923068113563129,0.5410092,1.1231664156944896,Local Hero,Comedy
1148,1770,1422,707,0.7974081551226403,0.4938543558565076,0.5400445,1.4917845677796078,The Terminator,Action|Sci-Fi|Thriller
1149,57,30,13,0.5540452553570595,0.4119201477597404,0.5449506,0.3111010617118675,Braindead,Comedy|Horror
1150,903,738,354,0.8051236540642239,0.4745604210923594,0.5556908,1.575846940416571,Glory,Action|Drama|War
1151,269,191,112,0.6905418254645936,0.547525360252196,0.45445386,0.6034681437382134,Rosencrantz and Guildenstern Are Dead,Comedy|Drama
1152,594,455,222,0.7519919911851015,0.479116063011444,0.5344329,1.22267185311412,Manhattan,Comedy|Drama|Romance
1153,284,205,92,0.7014456356982196,0.4390337718461931,0.55645704,1.0604091093693597,Miller's Crossing,Drama
1154,480,480,213,0.9609110232513309,0.4395351166429797,0.56295913,2.1084263605462117,Dead Poets Society,Drama
1155,1005,830,455,0.8144861064674933,0.5397200134327036,0.53732663,1.6956506690758362,The Graduate,Drama|Romance
1156,414,334,192,0.7829371601793219,0.5519625307832793,0.5270043,1.5369586109360525,Touch of Evil,Crime|Film-Noir|Thriller
1157,585,445,179,0.7469021138948116,0.4019264885268267,0.52144676,0.8339620429898718,Nikita (La Femme Nikita),Thriller
1158,708,630,377,0.869766282748292,0.5837553115011459,0.50148094,1.782475119103355,The Bridge on the River Kwai,Drama|War
1159,180,138,78,0.7273167057530667,0.5210298501105278,0.59625596,1.7538255896125796,8 1/2,Drama
1160,999,852,520,0.8401171042165924,0.5986181949232585,0.5091306,1.7797643073109095,Chinatown,Film-Noir|Mystery|Thriller
1161,467,366,191,0.7645702946290239,0.5071000284153346,0.5263296,1.3052841017256847,The Day the Earth Stood Still,Drama|Sci-Fi
1162,369,316,174,0.8240640628238792,0.52992790114967,0.5139057,1.5164691353782564,The Treasure of the Sierra Madre,Adventure
1163,42,20,8,0.5356830687304931,0.39933731172541753,0.5489227,0.22774163052889013,Bad Taste,Comedy|Horror
1164,493,409,227,0.8071507225105071,0.5380252980844863,0.51569813,1.493627566036884,Duck Soup,Comedy|War
1165,370,266,113,0.7030543864838223,0.42073927791385834,0.5148425,0.6797855139531926,Better Off Dead...,Comedy
1166,879,682,366,0.7656435331789079,0.5272590325420481,0.5310948,1.4164870083283092,The Shining,Horror
1167,1528,1216,508,0.7891526250463913,0.4170249698426376,0.5627082,1.3690565473027627,Stand by Me,Adventure|Comedy|Drama
1168,251,215,128,0.811570904728257,0.5583155163048272,0.5700363,2.003145894133849,M,Crime|Film-Noir|Thriller
1169,464,315,143,0.6698109772825007,0.4464482515637787,0.50036377,0.5291197270047752,Evil Dead II (Dead By Dawn),Action|Adventure|Comedy|Horror
1170,566,509,287,0.8738357829922165,0.5491120068350254,0.53890765,1.968349128356183,The Great Escape,Adventure|War
1171,565,448,230,0.7760696623141551,0.5019148831742555,0.54563713,1.481346832095694,The Deer Hunter,Drama|War
1172,222,167,79,0.7216280967764903,0.4560074277455264,0.52258027,0.9337589692351621,Diva,Action|Drama|Mystery|Romance|Thriller
1173,1882,1368,579,0.7232312848463796,0.42239323823750297,0.5293109,0.8753400462017409,Groundhog Day,Comedy|Romance
1174,788,620,310,0.7748005278319874,0.4924680773444466,0.52988124,1.3212681602964418,Unforgiven,Western
1175,626,542,324,0.845092962016576,0.5810027226702351,0.5175358,1.8029078419912703,The Manchurian Candidate,Film-Noir|Thriller
1176,255,128,38,0.5156814502400175,0.3255820888807822,0.57081485,0.06462798443791556,Pump Up the Volume,Drama
1177,561,455,232,0.7926069432458354,0.4989180432094638,0.538949,1.482452173235498,Arsenic and Old Lace,Comedy|Mystery|Thriller
1178,2184,1603,664,0.730654808560074,0.41376504042394385,0.5561998,1.082673693552303,Back to the Future,Comedy|Sci-Fi
1179,467,315,121,0.6659242598127764,0.386174278961039,0.5285145,0.5233220090603092,Fried Green Tomatoes,Drama
1180,517,436,241,0.82060466018202,0.5369415881085992,0.548069,1.7929063065224429,Patton,Drama|War
1181,126,91,38,0.6834252404727578,0.41101852355162577,0.56523037,0.9620062414997816,Down by Law,Comedy|Drama
1182,349,246,121,0.6899319356471313,0.47619463452965954,0.5167963,0.8373660647758118,Akira,Adventure|Animation|Sci-Fi|Thriller
1183,615,427,172,0.6861396125160983,0.40241847341882436,0.53277737,0.6904786843800955,Highlander,Action|Adventure
1184,768,648,332,0.8279741348694443,0.5042315355598556,0.519292,1.4839857427887069,Cool Hand Luke,Comedy|Drama
1185,301,204,83,0.6646234824022945,0.40532918039676863,0.54257506,0.6941170246730048,Cyrano de Bergerac,Action|Drama|Romance
1186,985,819,473,0.8195969491045463,0.5672653760883535,0.54402626,1.8630485188047827,Young Frankenstein,Comedy|Horror
1187,161,105,40,0.6364115749914946,0.38679749561793053,0.5684818,0.7226356801434793,Night on Earth,Comedy|Drama
1188,219,180,82,0.7780031313130311,0.44327657313382274,0.5365492,1.2143528535690526,Raise the Red Lantern,Drama
1189,137,137,76,0.8892130605519003,0.5131209188276964,0.5149351,1.7160699388870226,The Great Dictator,Comedy
1190,712,494,272,0.6867228901879335,0.5366794334940794,0.4827751,0.7710708754119522,Fantasia,Animation|Children's|Musical
1191,313,256,135,0.7859031468958826,0.5063843523554877,0.53637725,1.4627039937135269,High Noon,Western
1192,457,393,212,0.8329050144441921,0.5235973178798629,0.5106912,1.503427609723197,The Big Sleep,Film-Noir|Mystery
1193,631,406,165,0.639181853631726,0.40560002592276145,0.508808,0.3351627858036885,Heathers,Comedy
1194,227,132,39,0.5822485282426186,0.32392094407021554,0.5671746,0.28605223733340157,Somewhere in Time,Drama|Romance
1195,580,449,225,0.7591791147987387,0.49088900164484817,0.5477114,1.3943073042476213,Ben-Hur,Action|Adventure|Drama
1196,924,740,428,0.789818113268178,0.5670298883807332,0.5286853,1.628797191929101,This Is Spinal Tap,Comedy|Drama|Musical
1197,151,109,62,0.6879743399164445,0.515431520885404,0.46142504,0.5361962660099626,Koyaanisqatsi,Documentary|War
1198,184,107,19,0.5824053090735272,0.2481121772024155,0.58158255,0.13503717222432698,Some Kind of Wonderful,Drama|Romance
1199,1339,1072,520,0.7928602176552955,0.48124207827163923,0.4993605,1.1145119427603556,Indiana Jones and the Last Crusade,Action|Adventure
1200,457,336,162,0.7204789789412335,0.47138241404346953,0.55297965,1.2188942277837485,Being There,Comedy
1201,525,415,198,0.7726658127360093,0.4687174447758693,0.5175456,1.1347099114940202,Gandhi,Drama
1202,926,733,376,0.7810275023803334,0.505687882274303,0.5468017,1.5225339435007716,M*A*S*H,Comedy|War
1203,206,116,40,0.5675111028250209,0.3611663362697544,0.56080765,0.3095113244037907,The Unbearable Lightness of Being,Drama
1204,466,346,174,0.7272923300837314,0.48978184803227076,0.5577442,1.3460050072027017,A Room with a View,Drama|Romance
1205,349,220,77,0.6247690283789608,0.3590874511880712,0.5270186,0.25960242118567567,Real Genius,Comedy
1206,191,191,82,0.9140366901377815,0.4230440324513661,0.51790684,1.5213036153758073,Pink Floyd - The Wall,Drama|Musical|War
1207,595,495,253,0.8128416160049696,0.5008323152674847,0.54504204,1.6140851290554235,The Killing Fields,Drama|War
1208,264,211,111,0.7652319819210361,0.5017379763248246,0.53157395,1.3299156543569226,My Life as a Dog (Mitt liv som hund),Drama
1209,314,230,109,0.7123155008879268,0.4605486136456401,0.51072824,0.821754446451785,Forbidden Planet,Sci-Fi
1210,585,409,167,0.6902092005089848,0.4073063438361203,0.56440127,0.9686985295365826,Field of Dreams,Drama
1211,260,205,101,0.7557511042684044,0.4743278894932519,0.5067565,1.0055022412084578,The Man Who Would Be King,Adventure
1212,1193,986,507,0.8168003558513318,0.5086424824524896,0.52916855,1.5331433313634666,Butch Cassidy and the Sundance Kid,Action|Comedy|Western
1213,94,63,24,0.6408530716889261,0.3889700161130905,0.53554213,0.4914030537550587,"Paris, Texas",Drama
1214,109,61,25,0.5678166183849394,0.40498749388089395,0.5514513,0.39034290205530897,Until the End of the World (Bis ans Ende der Welt),Drama|Sci-Fi
1215,1255,974,453,0.7687991128913452,0.4618687615437297,0.49600753,0.928785769052531,When Harry Met Sally...,Comedy|Romance
1216,30,18,10,0.5910355290400671,0.44049429148204744,0.5209566,0.3660357543344088,Hype!,Documentary
1217,2,0,0,0.5631315831385647,0.39907223641558454,0.47512636,0.0,Santa with Muscles,Comedy
1218,21,11,2,0.5673639763831742,0.35989527575047914,0.5426507,0.16351019730090202,Female Perversions,Drama
1219,7,1,1,0.5312779354948309,0.41085513374076915,0.5512192,0.2687086709915527,Mad Dog Time,Crime
1220,1,0,0,0.5741733788863798,0.39907223641558454,0.44224226,0.0,Paris Was a Woman,Documentary
1221,1,1,0,0.5937812220236346,0.39124729060351426,0.56001735,0.0,Anna,Drama
1222,33,11,2,0.48533544967717307,0.35989527575047914,0.50718063,-0.42678124167155324,I'm Not Rappaport,Comedy
1223,776,262,65,0.352642666250854,0.2722872173742924,0.5314865,-1.0517875458763646,Alien³,Action|Horror|Sci-Fi|Thriller
1224,438,294,103,0.6624648408262406,0.3574232901766838,0.48860377,0.10013290629791305,An American Werewolf in London,Horror
1225,29,0,0,0.37066889016715654,0.39907223641558454,0.52976614,-0.5552524683182861,Amityville 1992: It's About Time,Horror
1226,38,1,0,0.34412320821824277,0.39124729060351426,0.5164767,-0.7875437354858535,Amityville 3-D,Horror
1227,21,0,0,0.4124343989183854,0.39907223641558454,0.51079255,-0.5423256970061079,Amityville: Dollhouse,Horror
1228,22,1,0,0.42059503226674116,0.39124729060351426,0.5315477,-0.3770094156392393,Amityville: A New Generation,Horror
1229,49,5,1,0.346291336598034,0.3809747603778041,0.5149392,-0.8268722928332464,Amityville II: The Possession,Horror
1230,307,93,20,0.3425289700930122,0.279395886858596,0.5324988,-1.0580296188650566,The Amityville Horror,Horror
1231,20,1,0,0.43261203318864805,0.39124729060351426,0.52313113,-0.3962591313850634,The Amityville Curse,Horror
1232,27,7,2,0.4712057444572125,0.38515108457507413,0.49317074,-0.5020263885669225,Blood For Dracula (Andy Warhol's Dracula),Horror
1233,97,35,7,0.43729824709663506,0.3171013155385791,0.5377016,-0.5228487482469799,April Fool's Day,Comedy|Horror
1234,40,14,6,0.4809204702578374,0.4055251846996754,0.4951672,-0.3784154033345108,Audrey Rose,Horror
1235,95,26,3,0.38126098153934734,0.3020212081681477,0.5401402,-0.7713883583456315,The Believers,Horror|Thriller
1236,603,408,163,0.6696521321948015,0.3994620345431861,0.5204547,0.5212207634547106,The Birds,Horror
1237,292,112,30,0.41310772609124374,0.3083556285233286,0.5260598,-0.7365052759006819,The Blob,Horror|Sci-Fi
1238,19,1,0,0.43888177280007773,0.39124729060351426,0.5091969,-0.4804192666354202,Blood Beach,Action|Horror
1239,49,5,1,0.346291336598034,0.3809747603778041,0.52767795,-0.727935100036302,Body Parts,Horror
1240,57,35,10,0.6007742273196762,0.35239543318563793,0.5160946,0.059410784074560505,The Body Snatcher,Horror
1241,520,242,70,0.4759348110933428,0.30806031445472337,0.52598935,-0.4969614558654952,Bram Stoker's Dracula,Horror|Romance
1242,176,124,65,0.6782426651469263,0.48823914839528293,0.5267852,0.9119528507485104,Bride of Frankenstein,Horror
1243,47,11,1,0.41528703425984914,0.3435018331275283,0.5224415,-0.6340722991692322,Burnt Offerings,Horror
1244,215,65,16,0.3557843106536051,0.3126401027893846,0.5067256,-1.0917690918080332,Candyman,Horror
1245,537,339,73,0.6273983685233482,0.23895530031048645,0.538152,-0.06142761395985221,Cape Fear,Thriller
1246,289,208,62,0.6999493873840866,0.3176496582200745,0.51555216,0.3150324365957245,Cape Fear,Film-Noir|Thriller
1247,467,276,83,0.5904890567179988,0.3158086252171142,0.5129263,-0.13184781559315117,Carrie,Horror
1248,153,51,18,0.3954819818877111,0.3757783348592003,0.5077951,-0.7116373380000713,Cat People,Horror
1249,372,209,88,0.5646512851260791,0.41680931204934063,0.5287125,0.24268482737494596,A Nightmare on Elm Street,Horror
1250,182,131,73,0.6908743203586438,0.5135558664131449,0.5027093,0.8614454456160039,"Nosferatu (Nosferatu, eine Symphonie des Grauens)",Horror
1251,12,6,4,0.5690781019871833,0.42774306822820046,0.53117007,0.3167676563475669,Nosferatu a Venezia,Horror
1252,334,211,68,0.6257365685500139,0.3369870184704185,0.51857024,0.12087739541815902,The Omen,Horror
1253,24,8,4,0.5038221935568292,0.41299330725481426,0.5611493,0.24789476089052156,Blood & Wine,Drama
1254,70,15,3,0.3690236860267114,0.3531324895504496,0.5266722,-0.7452865216017974,Albino Alligator,Crime|Thriller
1255,141,58,15,0.4569782320586668,0.32364455389610397,0.51931447,-0.5673821187855427,The Mirror Has Two Faces,Comedy|Romance
1256,197,132,70,0.6529669729684427,0.4942506143998859,0.5603061,1.0961903213323114,Breaking the Waves,Drama
1257,56,23,5,0.49323436153967326,0.34183029891478395,0.54837394,-0.1393293094381204,Nightwatch,Horror|Thriller
1258,1109,707,218,0.6352742384151902,0.31433766422824205,0.50605917,-0.018418877032777836,Star Trek: First Contact,Action|Adventure|Sci-Fi
1259,444,303,98,0.6726373326380676,0.3341462091240205,0.55596215,0.5814069017462911,Shine,Drama|Romance
1260,962,798,412,0.8174731643509935,0.509379259222617,0.555239,1.740766114245194,Sling Blade,Drama|Thriller
1261,165,26,6,0.2571294991776994,0.34149489237867403,0.521584,-1.2546850837127281,Jingle All the Way,Adventure|Children's|Comedy
1262,0,0,0,0.5856568464641073,0.39907223641558454,0.5016934,0.0,Identification of a Woman (Identificazione di una donna),Drama
1263,125,101,60,0.7444733847040306,0.5294941180184055,0.4741912,0.9010607725980222,Paradise Lost: The Child Murders at Robin Hood Hills,Documentary
1264,80,64,35,0.7175603255631181,0.4820492264980634,0.4872186,0.7340303584755554,"Garden of Finzi-Contini, The (Giardino dei Finzi-Contini, Il)",Drama
1265,82,22,2,0.3885063812364043,0.30491127528860035,0.52495843,-0.8514470481281782,The Preacher's Wife,Drama
1266,0,0,0,0.5856568464641073,0.39907223641558454,0.52262676,0.0,Zero Kelvin (Kjærlighetens kjøtere),Action
1267,38,26,10,0.6282141173091519,0.39412647132604245,0.57831836,0.793048476589157,Ridicule,Drama
1268,73,28,6,0.4657141652293119,0.33273861308691316,0.5563873,-0.2143128726549417,The Crucible,Drama
1269,294,105,26,0.39035709977675975,0.29647491497276923,0.49814308,-1.0819346566990025,101 Dalmatians,Children's|Comedy
1270,4,3,1,0.5978304133926919,0.39535116642979673,0.5499593,0.0,I Can't Sleep (J'ai pas sommeil),Drama|Thriller
1271,918,506,142,0.5529781428958733,0.2912834744978044,0.5322813,-0.21073557103606946,Die Hard 2,Action|Thriller
1272,639,248,72,0.40244244168825166,0.30856916718382293,0.5181489,-0.8381352257347188,Star Trek: The Motion Picture,Action|Adventure|Sci-Fi
1273,830,421,111,0.5116850480945516,0.2780331461163041,0.5228122,-0.4888121966446875,Star Trek VI: The Undiscovered Country,Action|Adventure|Sci-Fi
1274,502,127,33,0.2831210911652271,0.2991729481399957,0.50944686,-1.3963137609177618,Star Trek V: The Final Frontier,Action|Adventure|Sci-Fi
1275,1226,864,360,0.700064923450788,0.41570417048225294,0.4926121,0.47815481350351396,Star Trek: The Wrath of Khan,Action|Adventure|Sci-Fi
1276,777,341,76,0.447742251902304,0.24540565683063742,0.5059699,-0.9784354031470095,Star Trek III: The Search for Spock,Action|Adventure|Sci-Fi
1277,948,585,196,0.615513870063332,0.34008442806421924,0.5077408,0.008303367954949209,Star Trek IV: The Voyage Home,Action|Adventure|Sci-Fi
1278,850,239,38,0.29809204702578374,0.20053152879162364,0.54287225,-1.422141850188632,Batman Returns,Action|Adventure|Comedy|Crime
1279,459,237,64,0.5231490025996176,0.2925212955427848,0.52588296,-0.37060430245181486,Young Guns,Action|Comedy|Western
1280,304,89,15,0.3341323229469078,0.25146483324301605,0.52182114,-1.2702741498580683,Young Guns II,Action|Comedy|Western
1281,638,372,146,0.5832599452372171,0.3932550043146427,0.52358955,0.19243618038182614,Grease,Comedy|Musical|Romance
1282,240,19,9,0.16649255973519092,0.4196175626199888,0.5289166,-1.274020362152297,Grease 2,Comedy|Musical|Romance
1283,28,28,7,0.7343954144000688,0.345559125907426,0.56661564,0.9408357927481865,Marked for Death,Action|Drama
1284,8,0,0,0.5048765917794028,0.39907223641558454,0.517085,-0.1386802282226719,Adrenalin: Fear the Rush,Action|Sci-Fi
1285,4,3,1,0.5978304133926919,0.39535116642979673,0.55033463,0.0,The Substance of Fire,Drama
1286,378,184,42,0.49832439795141437,0.2647590248751249,0.5505025,-0.37116954423394527,Under Siege,Action
1287,1,0,0,0.5741733788863798,0.39907223641558454,0.52969766,0.0,Terror in a Texas Town,Western
1288,1434,1068,587,0.7394089233983864,0.5428923182654555,0.53341204,1.3881437729080526,Jaws,Action|Horror
1289,286,40,7,0.20619893548573023,0.29948457578643584,0.513434,-1.659475492344984,Jaws 2,Action|Horror
1290,169,10,5,0.17937370923838067,0.41589353034632043,0.5097124,-1.386681988303621,Jaws 3-D,Action|Horror
1291,92,36,8,0.459738326219756,0.3250419979160375,0.5142485,-0.5912773486741583,My Fellow Americans,Comedy
1292,894,312,67,0.3615284346644125,0.24020334757121334,0.5141989,-1.2634784360784086,Mars Attacks!,Action|Comedy|Sci-Fi|War
1293,182,128,22,0.6779432858758851,0.235694448431344,0.52794063,0.04191076370830356,Citizen Ruth,Comedy|Drama
1294,1072,710,215,0.6588973639244254,0.3091494892378674,0.54767245,0.37740202647986043,Jerry Maguire,Drama|Romance
1295,1189,883,443,0.7363057645869293,0.49619894085828425,0.501599,0.9668445025102846,Raising Arizona,Comedy
1296,235,98,22,0.4466064642919486,0.28347035014040023,0.5447258,-0.549475740808645,Tin Men,Comedy|Drama
1297,904,578,172,0.6365648242381607,0.3056586175490115,0.5420231,0.23568351781268781,Sneakers,Crime|Drama|Sci-Fi
1298,52,33,11,0.6106161012078958,0.372935082178063,0.5511366,0.44073740955942364,Bastard Out of Carolina,Drama
1299,45,19,7,0.5082404455074249,0.39063205537361195,0.49701977,-0.3109484720116646,In Love and War,Romance|War
1300,75,23,6,0.41826273858564295,0.35552892905177025,0.54809165,-0.3816299175030672,Marvin's Room,Drama
1301,125,63,19,0.5273305275611735,0.3447222285024711,0.5623513,0.11013422825685637,Ghosts of Mississippi,Drama
1302,58,21,4,0.46558187336301265,0.3373748143771722,0.5411642,-0.316936734391914,Night Falls on Manhattan,Crime|Drama
1303,379,150,37,0.41790872336411505,0.28476805910389613,0.4753899,-1.1936065646154546,Beavis and Butt-head Do America,Animation|Comedy
1304,16,11,3,0.6103460958061419,0.3762887183734299,0.52970976,0.28494437134465334,"Cérémonie, La",Drama
1305,737,437,139,0.5924813752518493,0.32639345343075815,0.5379924,0.1072713286967223,Scream,Horror|Thriller
1306,806,532,212,0.6557042550504736,0.3985457247779712,0.52494216,0.4993588600166059,The Last of the Mohicans,Action|Romance|War
1307,307,101,19,0.3649379336784464,0.2579709392104585,0.53849876,-0.9999039302403446,Michael,Comedy|Romance
1308,69,16,6,0.3805280867496249,0.3932365427390792,0.5531381,-0.356179221963282,The Evening Star,Comedy|Drama
1309,304,223,93,0.7126633963932355,0.41374949384900817,0.563208,1.068002297474322,Hamlet,Drama
1310,17,12,4,0.6161618257194831,0.38634857775450365,0.54364705,0.45047861391508803,Some Mother's Son,Drama
1311,37,15,7,0.5089981876230502,0.41467095108891117,0.5653805,0.30645305607837053,The Whole Wide World,Drama
1312,132,83,19,0.616938694083546,0.2928842994043551,0.5287163,0.012608925875575674,Mother,Comedy
1313,27,17,5,0.6010758743273424,0.3724419674743168,0.53980446,0.31439727429552367,"Thieves (Voleurs, Les)",Crime|Drama|Romance
1314,210,100,34,0.4972417012430975,0.35969074547186153,0.50618553,-0.389527005609542,Evita,Drama|Musical
1315,31,10,2,0.48497336201488106,0.36589353034632044,0.508622,-0.39612591699675853,The Portrait of a Lady,Drama
1316,103,73,29,0.6685153093019958,0.39799684407137587,0.57225764,0.914098647603669,Walkabout,Drama
1317,7,5,5,0.6014533740913222,0.45370203310507684,0.46893206,0.04787372112989685,Message to Love: The Isle of Wight Festival,Documentary
1318,8,8,5,0.6428076262621615,0.43023468656515906,0.47659087,0.1844914958119223,Grateful Dead,Documentary
1319,227,63,8,0.3331510553184309,0.24737709575910818,0.5440346,-1.1157257952784398,Murder at 1600,Mystery|Thriller
1320,12,8,7,0.6013361665033123,0.46471744518584873,0.58080333,0.9545765281827119,Hearts and Minds,Drama
1321,134,55,11,0.45805892566959433,0.29479630305504023,0.5579759,-0.3632449071567359,Fierce Creatures,Comedy
1322,19,2,0,0.45337452642326614,0.38372330424575435,0.47802335,-0.6930661200588095,Zeus and Roxanne,Children's
1323,40,6,2,0.3920315813689485,0.39202878251391476,0.56052864,-0.2588297430004631,Turbulence,Thriller
1324,39,16,8,0.5087959811596109,0.4235395730421095,0.5466317,0.19089008244729777,Angel Baby,Drama
1325,241,108,17,0.471762344753283,0.23388361911885588,0.47499207,-1.1668958199801365,Jackie Chan's First Strike,Action
1326,1,0,0,0.5741733788863798,0.39907223641558454,0.562114,0.0,Underworld,Thriller
1327,188,32,6,0.25749093413111496,0.31650746122901496,0.51207805,-1.4139853824256907,Beverly Hills Ninja,Action|Comedy
1328,77,23,3,0.41167592380476664,0.31443303864081135,0.53358865,-0.6624009626045884,Metro,Action
1329,5,1,0,0.5505971331491885,0.39124729060351426,0.53338057,0.13614713038571163,The Machine,Comedy|Horror
1330,2,2,0,0.6015931216001031,0.38372330424575435,0.5523018,0.0,The Stranger,Action
1331,9,3,0,0.5471668190373791,0.37648324190149485,0.5332182,0.0704001762639908,Falling in Love Again,Comedy
1332,18,7,1,0.533571210635373,0.3676072249259513,0.53531957,0.003689697330378036,The Cement Garden,Drama
1333,70,70,13,0.8273570193600447,0.2746134318398269,0.53821504,0.8304133899845654,Dante's Peak,Action|Thriller
1334,37,5,1,0.394055658887418,0.3809747603778041,0.47995767,-0.9152508729189005,Meet Wally Sparks,Comedy
1335,12,12,1,0.6658522955355705,0.3379614809803101,0.5063084,0.18298737269104318,Amos & Andrew,Comedy
1336,368,177,32,0.4934996227827879,0.2288705366554151,0.5051595,-0.866599392496092,Benny & Joon,Comedy|Romance
1337,42,12,1,0.44872654699136266,0.3379614809803101,0.5403562,-0.38586017212724644,Prefontaine,Drama
1338,7,4,0,0.5839095144421994,0.3695113300144301,0.52167267,0.09750632469291083,Guantanamera,Comedy
1339,121,17,2,0.27065989662693196,0.32766584807133176,0.5088138,-1.3500102738305972,McHale's Navy,Comedy|War
1340,142,116,46,0.7566814704333612,0.39731091458300744,0.52944297,0.9175525797545239,Kolya,Comedy
1341,40,18,2,0.5253649147022819,0.32284723265851806,0.53013,-0.22369914282219064,Gridlock'd,Crime
1342,316,257,134,0.782193558260124,0.5014775629341343,0.5350301,1.4209483195964865,Waiting for Guffman,Comedy
1343,7,4,2,0.5839095144421994,0.40654836705146713,0.50751084,0.11626066009477418,Prisoner of the Mountains (Kavkazsky Plennik),War
1344,120,27,3,0.3310755430776786,0.2980988548153146,0.5403258,-0.9761827154780895,The Beautician and the Beast,Comedy|Romance
1345,61,26,5,0.4980436245333817,0.32833699764183194,0.5401942,-0.23130505052680297,SubUrbia,Comedy
1346,17,2,0,0.46690809437619946,0.38372330424575435,0.51333433,-0.36687991273609366,Hotel de Love,Comedy|Romance
1347,45,10,2,0.41350360340216175,0.36589353034632044,0.51745564,-0.6018046585949327,The Pest,Comedy
1348,203,65,9,0.3726594558229461,0.25177053757199325,0.53816485,-0.9944167458026231,Fools Rush In,Comedy|Romance
1349,16,4,1,0.5042854897455359,0.38802984853294864,0.52888036,-0.08772305521885165,Touch,Romance
1350,307,146,23,0.4909883538465136,0.21915108071826137,0.5421412,-0.622799815985825,Absolute Power,Mystery|Thriller
1351,19,19,4,0.699751338017469,0.34715379450404676,0.5103672,0.3765617184586168,That Darn Cat!,Children's|Comedy|Mystery
1352,159,35,7,0.30757340824500173,0.3171013155385791,0.52930653,-1.0859076154290372,Vegas Vacation,Comedy
1353,29,11,1,0.5099093964962704,0.3435018331275283,0.55309635,-0.03284629818997975,That Old Feeling,Comedy|Romance
1354,105,56,19,0.5502118859561635,0.36748690396961536,0.53030205,0.028165785248456775,Lost Highway,Mystery
1355,107,54,13,0.5304639638420724,0.3168616521228772,0.54970974,-0.07286818691249528,Rosewood,Drama
1356,548,376,90,0.6777305055571996,0.2581070700018292,0.53848904,0.2009279012539012,Donnie Brasco,Crime|Drama
1357,113,34,6,0.3882382964613826,0.3089715692949908,0.53814423,-0.735952829424272,Booty Call,Comedy|Romance
1358,1,1,0,0.5937812220236346,0.39124729060351426,0.49384773,0.0,Rhyme & Reason,Documentary
1359,1,1,1,0.5937812220236346,0.41085513374076915,0.5449477,0.0,Boys Life 2,Drama
1360,40,17,2,0.5142538035911707,0.32766584807133176,0.5370486,-0.19585762856971534,City of Industry,Crime|Thriller
1361,32,10,0,0.47905905272201665,0.3325601970129871,0.54693365,-0.23714108468250572,Best Men,Action|Comedy|Crime|Drama
1362,108,20,2,0.31191672356459094,0.3136230260111318,0.49729452,-1.3299549783750924,Jungle2Jungle (a.k.a. Jungle 2 Jungle),Children's|Comedy
1363,60,25,9,0.4934803847564124,0.3860481576103897,0.50163186,-0.34770823981517907,Kama Sutra: A Tale of Love,Romance
1364,402,215,56,0.5404487662017817,0.2866174030972801,0.5523201,-0.11940626535325133,Private Parts,Comedy|Drama
1365,24,12,5,0.5578762476108833,0.40247761001256815,0.49404263,-0.10240249891705919,Love Jones,Romance
1366,456,185,54,0.4234838781091015,0.3146962205139542,0.5143665,-0.7654607367501216,The Saint,Action|Romance|Thriller
1367,220,95,21,0.4603068234192791,0.2824387022122706,0.5283412,-0.627735693952621,Smilla's Sense of Snow,Action|Drama|Thriller
1368,49,23,2,0.5281095184162158,0.30073440850382505,0.5544532,-0.10112309989237997,The Van,Comedy|Drama
1369,108,31,13,0.3815369767291479,0.4068347138367806,0.57023853,-0.17222611064701665,Crash,Drama|Thriller
1370,95,61,20,0.6226402918841749,0.3599424488358489,0.5203145,0.2023366474494231,The Daytrippers,Mystery
1371,499,266,72,0.5378558147963668,0.29099244247082034,0.5151056,-0.4031806395803723,Liar Liar,Comedy
1372,6,2,1,0.558622184342953,0.40295407347652357,0.565497,0.4570755238162199,The Quiet Room,Drama
1373,124,44,10,0.4211657604781917,0.31865544490190667,0.49976298,-0.8740146881759226,Selena,Drama|Musical
1374,239,62,9,0.31585758589344415,0.25851439125695735,0.5573042,-1.04032039257183,The Devil's Own,Action|Drama|Thriller|War
1375,27,6,2,0.45821873147019954,0.39202878251391476,0.47265503,-0.6872982363890469,Cats Don't Dance,Animation|Children's|Musical
1376,15,1,0,0.46588988189546715,0.39124729060351426,0.54961914,-0.06282315142624945,B*A*P*S,Comedy
1377,16,9,4,0.5800430655031116,0.40599342069117333,0.5323255,0.29221915268023213,Love and Other Catastrophes,Romance
1378,14,1,0,0.47316941130008383,0.39124729060351426,0.5266495,-0.2132825401696497,The Sixth Man,Comedy
1379,33,1,0,0.3648535219663297,0.39124729060351426,0.4951809,-0.8733813824720278,Turbo: A Power Rangers Movie,Action|Adventure|Children's
1380,17,4,2,0.4967588406448562,0.40654836705146713,0.54473996,0.07093873500273368,Anna Karenina,Drama|Romance
1381,44,7,3,0.38598768428941876,0.40269494422419694,0.5416257,-0.39176066061118664,Double Team,Action
1382,97,36,8,0.44410096818507044,0.3250419979160375,0.53423667,-0.49604966613292006,Inventing the Abbotts,Drama|Romance
1383,328,39,7,0.1806424400084798,0.3028495710199913,0.52495205,-1.6564026471911728,Anaconda,Action|Adventure|Thriller
1384,927,617,197,0.661497279757631,0.3252677838392492,0.5377425,0.3662863159878043,Grosse Pointe Blank,Comedy|Crime
1385,13,2,1,0.4965530527492915,0.40295407347652357,0.49656367,-0.316512229394881,Keys to Tulsa,Crime
1386,7,4,1,0.5839095144421994,0.38802984853294864,0.5150746,0.11063366293790727,Kissed,Romance
1387,109,15,3,0.2785084422843105,0.3531324895504496,0.4702281,-1.5310455012272772,8 Heads in a Duffel Bag,Comedy
1388,14,8,2,0.5825444113000838,0.3785105486341246,0.5463977,0.3155793244871471,Hollow Reed,Drama
1389,33,16,2,0.5455764135325948,0.3326304821330186,0.54351336,-0.008180837628633045,Paradise Road,Drama|War
1390,31,14,3,0.5343560780642638,0.3586501846996754,0.5865771,0.37366454586978165,Traveller,Drama
1391,11,10,1,0.6439810216918912,0.3492268636796538,0.5722229,0.650142548673639,All Over Me,Drama
1392,1,0,0,0.5741733788863798,0.39907223641558454,0.54113966,0.0,A Brother's Kiss,Drama
1393,14,8,3,0.5825444113000838,0.3957519279444694,0.5039513,0.04584679781297782,A Chef in Love,Comedy
1394,598,204,44,0.3600043863012428,0.25178587331015445,0.5119144,-1.24680863405922,Romy and Michele's High School Reunion,Comedy
1395,5,1,0,0.5505971331491885,0.39124729060351426,0.44269994,-0.5681352218384402,Temptress Moon (Feng Yue),Romance
1396,138,23,6,0.2781002251234328,0.35552892905177025,0.5525384,-0.8850088573768853,Volcano,Drama|Thriller
1397,42,26,6,0.6009004600348409,0.34149489237867403,0.52631634,0.10139228188478538,Children of the Revolution,Comedy
1398,940,590,237,0.6255382245688943,0.4014900184699675,0.52918833,0.42680085202333035,Austin Powers: International Man of Mystery,Comedy
1399,299,150,30,0.5137044192641987,0.24976805910389616,0.5660159,-0.24376713699408675,Breakdown,Action|Thriller
1400,5,2,1,0.5687789513310066,0.40295407347652357,0.5682748,0.5176293673801219,Broken English,Drama
1401,12,2,0,0.5045619729549252,0.38372330424575435,0.5150524,-0.2090286035311817,Commandments,Romance
1402,4,0,0,0.5422748578371364,0.39907223641558454,0.58311033,0.0,Ripe,Drama
1403,51,12,2,0.4087410131010432,0.3540905132383746,0.54997426,-0.4085508689052598,"Truth or Consequences, N.M.",Action|Crime|Romance
1404,38,5,1,0.38957775367278824,0.3809747603778041,0.520428,-0.6181183074822085,Warriors of Virtue,Action|Adventure|Children's|Fantasy
1405,68,10,2,0.33290544341699463,0.36589353034632044,0.519528,-0.8950289146240219,Fathers' Day,Comedy
1406,1137,696,264,0.6110217711231722,0.3806348683924654,0.51529413,0.1906843500872624,The Fifth Element,Action|Sci-Fi
1407,2,0,0,0.5631315831385647,0.39907223641558454,0.54673964,0.0,Intimate Relations,Comedy
1408,21,10,4,0.5532794693409206,0.39922686367965377,0.57797045,0.5204918788771401,Nowhere,Drama
1409,5,2,1,0.5687789513310066,0.40295407347652357,0.5850144,0.6476396002251162,Losing Chase,Drama
1410,6,0,0,0.5229078986286673,0.39907223641558454,0.54530597,0.14970176984330466,Sprung,Comedy
1411,19,14,3,0.627287569901527,0.3586501846996754,0.5427529,0.38995060242895563,"Promise, The (La Promesse)",Drama
1412,5,3,1,0.5869607695128248,0.39535116642979673,0.5418852,0.3560210293797421,"Bonheur, Le",Drama
1413,76,44,11,0.5816098597079791,0.3292937427742471,0.53301585,0.036979170512055196,Love! Valour! Compassion!,Drama|Romance
1414,282,232,93,0.7869965130217029,0.40054472276872066,0.52928096,1.0438782879334132,Shall We Dance? (Shall We Dansu?),Comedy
1415,5,0,0,0.5324153149673703,0.39907223641558454,0.46588314,-0.43065797741735534,The Second Jungle Book: Mowgli & Baloo,Adventure|Children's
1416,8,2,0,0.5393593504000925,0.38372330424575435,0.55215573,0.21268444095068173,Twin Town,Comedy|Crime
1417,192,63,14,0.381334059186799,0.3004744408918516,0.53854895,-0.7888433550810369,Addicted to Love,Comedy|Romance
1418,184,100,23,0.5524907791589972,0.2863574121385282,0.56413275,0.017649008351087403,Brassed Off,Comedy|Drama|Romance
1419,4,2,1,0.5793118948741734,0.40295407347652357,0.5314009,0.0,The Designated Mourner,Drama
1420,1008,348,87,0.35660004000302964,0.2687276678914051,0.4930196,-1.3477312053728294,The Lost World: Jurassic Park,Action|Adventure|Sci-Fi|Thriller
1421,51,37,23,0.6562657655762907,0.49371967610091066,0.54816294,1.0126936629212024,Ponette,Drama
1422,40,24,17,0.5920315813689485,0.49937313271323286,0.53640354,0.6944970237124221,Schizopolis,Comedy
1423,31,13,3,0.522010399051918,0.36434304477427343,0.5171948,-0.19279309887234355,Shiloh,Children's|Drama
1424,0,0,0,0.5856568464641073,0.39907223641558454,0.5568039,0.0,The War at Home,Drama
1425,15,4,1,0.5120437280493133,0.38802984853294864,0.55600035,0.15268227915961086,Rough Magic,Drama|Romance
1426,54,10,2,0.3777196377231285,0.36589353034632044,0.5507846,-0.48028279246763306,Trial and Error,Comedy|Romance
1427,28,8,2,0.4779851579898124,0.3785105486341246,0.5570474,-0.0029852293548572884,Buddy,Adventure|Children's|Drama
1428,784,341,79,0.4439842234091192,0.2530782911017372,0.54773355,-0.6418245464080575,Con Air,Action|Adventure|Thriller
1429,4,1,1,0.560793376355655,0.41085513374076915,0.5352885,0.0,Late Bloomers,Comedy
1430,111,60,21,0.554551815672083,0.3723055620070839,0.4984694,-0.18566049348666588,The Pillow Book,Drama|Romance
1431,2,1,0,0.582362352369334,0.39124729060351426,0.5699352,0.0,"To Have, or Not",Drama
1432,299,17,0,0.13261559404929904,0.297815101802675,0.5219074,-1.8818668979594713,Speed 2: Cruise Control,Action|Romance|Thriller
1433,1,0,0,0.5741733788863798,0.39907223641558454,0.5230894,0.0,Sudden Manhattan,Comedy
1434,2,1,0,0.582362352369334,0.39124729060351426,0.5055481,0.0,Wedding Bell Blues,Comedy
1435,494,75,14,0.19169640132942162,0.27162889456623385,0.5356446,-1.6394606254815933,Batman & Robin,Action|Adventure|Crime
1436,33,16,4,0.5455764135325948,0.3629335124360489,0.57171565,0.3161917107495117,Dream With the Fishes,Drama
1437,26,16,8,0.5958268726737548,0.4235395730421095,0.51516455,0.2805034477372752,Roseanna's Grave (For Roseanna),Comedy|Romance
1438,9,4,1,0.5641159715797519,0.38802984853294864,0.54880726,0.29665891371626385,Head Above Water,Comedy|Thriller
1439,382,168,47,0.45667324611853094,0.3071266597283451,0.51176065,-0.6846378525185592,Hercules,Adventure|Animation|Children's|Comedy|Musical
1440,4,3,2,0.5978304133926919,0.4142190909580986,0.52241176,0.0,The Last Time I Committed Suicide,Drama
1441,641,323,82,0.5098159802072437,0.2733340799484698,0.5158027,-0.56675985315087,My Best Friend's Wedding,Comedy|Romance
1442,20,11,5,0.575469176045791,0.4090756036193316,0.47539917,-0.15674604974243694,Tetsuo II: Body Hammer,Sci-Fi
1443,38,31,12,0.6850322991273337,0.39448903482443487,0.517287,0.5383578863518704,When the Cats Away (Chacun cherche son chat),Comedy|Romance
1444,20,10,7,0.5611834617600766,0.44922686367965375,0.5287455,0.34231820815928876,Contempt (Le Mépris),Drama
1445,1192,622,190,0.5243823207111155,0.3124309699713977,0.55805707,-0.04677912964848022,Face/Off,Action|Sci-Fi|Thriller
1446,12,4,2,0.5368200374710542,0.40654836705146713,0.53368413,0.13881898386670735,Fall,Romance
1447,11,5,1,0.5620138085771371,0.3809747603778041,0.5328236,0.13992821993473425,Gabbeh,Drama
1448,0,0,0,0.5856568464641073,0.39907223641558454,0.5307902,0.0,For Ever Mozart,Drama
1449,2157,1385,437,0.6408168746367039,0.3184345726974071,0.52478254,0.16251119908223535,Men in Black,Action|Adventure|Comedy|Sci-Fi
1450,49,14,3,0.4372004275071249,0.3586501846996754,0.5522455,-0.26583980561088577,Out to Sea,Comedy
1451,48,18,4,0.48247798288985067,0.35225899736440036,0.50388074,-0.48992099294002184,Wild America,Adventure|Children's
1452,23,4,1,0.4559293468932242,0.38802984853294864,0.4961611,-0.5274222157685731,A Simple Wish,Children's|Fantasy
1453,1128,721,298,0.6369124298159639,0.41239119561709364,0.55170834,0.6832505727568152,Contact,Drama|Sci-Fi
1454,23,11,8,0.5518197578521283,0.45825593148818405,0.5467761,0.47780526299311843,Love Serenade,Comedy
1455,455,167,35,0.3886788956895156,0.2532424507870011,0.5336634,-0.9627820699235902,G.I. Jane,Action|Drama|War
1456,493,241,81,0.49775845731713697,0.3469196282501004,0.5070065,-0.42556094184893184,Conan the Barbarian,Action|Adventure
1457,223,91,19,0.4405964920263932,0.27626675050198035,0.52002555,-0.7894184729554427,George of the Jungle,Children's|Comedy
1458,399,184,30,0.47501746619867563,0.21347697359307363,0.5493732,-0.6476482009683449,Cop Land,Crime|Drama|Mystery
1459,84,84,13,0.8453943456955624,0.24592247627447186,0.5517358,0.9049155480152464,Event Horizon,Action|Mystery|Sci-Fi|Thriller
1460,392,90,19,0.26987068398915237,0.27824008443413734,0.52636415,-1.3885403268056797,Spawn,Action|Adventure|Sci-Fi|Thriller
1461,91,19,3,0.3424315058383359,0.33266104088085835,0.5182456,-0.9839486762535294,Air Bud,Children's|Comedy
1462,127,27,4,0.3179821600181094,0.3110858678023276,0.5466535,-0.9321437023333772,Picture Perfect,Comedy|Romance
1463,237,163,69,0.6699750603596005,0.4176225907078837,0.5543343,0.8487176871513185,In the Company of Men,Drama
1464,60,3,0,0.2934803847564124,0.37648324190149485,0.52585775,-0.9603625234932722,Free Willy 3: The Rescue,Adventure|Children's|Drama
1465,23,13,1,0.5792170181261009,0.3325970130282417,0.51366055,-0.11104693301733401,Career Girls,Drama
1466,672,336,75,0.5059319145750767,0.24599381300720008,0.54325503,-0.46349113151000204,Conspiracy Theory,Action|Mystery|Romance|Thriller
1467,90,15,3,0.31630601659432406,0.3531324895504496,0.5586446,-0.6992885088320002,Desperate Measures,Crime|Drama|Thriller
1468,56,6,0,0.3328570030491072,0.35631449679962907,0.5323359,-0.8290381704575488,Steel,Action
1469,60,20,4,0.44802583930186696,0.34219445458256037,0.48908383,-0.7720485610014843,She's So Lovely,Drama|Romance
1470,62,13,2,0.3775253778857622,0.34847002890125756,0.5493306,-0.5528865406775991,Hoodlum,Crime|Drama|Film-Noir
1471,35,2,1,0.3680334390965337,0.40295407347652357,0.52780575,-0.5670988590796847,Leave It to Beaver,Comedy
1472,287,71,9,0.2975751997721227,0.23928604810561344,0.5394336,-1.3161180960058354,Mimic,Sci-Fi|Thriller
1473,49,14,4,0.4372004275071249,0.3742751846996754,0.5248745,-0.424106153145783,Money Talks,Action|Comedy
1474,65,15,2,0.3850681941148293,0.33774787416583424,0.5268269,-0.7359874525789605,Excess Baggage,Adventure|Romance
1475,81,12,1,0.315136200940499,0.3379614809803101,0.51512784,-1.094492021318586,Kull the Conqueror,Action|Adventure
1476,872,516,131,0.5914130610880752,0.2667024943830022,0.5222783,-0.22636509603866511,Air Force One,Action|Thriller
1477,41,8,3,0.4097015639912677,0.3957519279444694,0.5937488,0.07993460326352919,187,Drama
1478,1378,1081,437,0.7775089932235332,0.40402618198123713,0.53757936,1.0840195021450714,The Hunt for Red October,Action|Thriller
1479,188,85,29,0.48018000976136704,0.3626193468205869,0.51193535,-0.4001695254622307,My Own Private Idaho,Drama
1480,42,23,4,0.568291764382667,0.32813166877779765,0.505507,-0.2318233644314328,"Kiss Me, Guido",Comedy
1481,20,5,1,0.4897548903315052,0.3809747603778041,0.57024306,0.15323594045987776,Star Maps,Drama
1482,333,141,36,0.44460272147051005,0.2929508472292106,0.5549562,-0.4447548371522484,In & Out,Comedy
1483,179,108,33,0.5994883944244775,0.335149441903666,0.54237205,0.19861434375132248,The Edge,Adventure|Thriller
1484,323,112,15,0.37877437620162296,0.21576303593073598,0.5278689,-1.176078680919467,The Peacemaker,Action|Thriller|War
1485,1929,1584,842,0.8152010319975772,0.5275113903431942,0.5175514,1.5023695546016465,L.A. Confidential,Crime|Film-Noir|Mystery|Thriller
1486,298,146,32,0.5036863285149579,0.26506944806520016,0.49531168,-0.7781586969455783,Seven Years in Tibet,Drama|War
1487,323,154,35,0.4913749123946524,0.26938045010185896,0.55639213,-0.33603305351892865,Kiss the Girls,Crime|Drama|Thriller
1488,63,26,3,0.4892286931257112,0.3020212081681477,0.5669924,-0.14847943701171895,Soul Food,Drama
1489,3,0,0,0.5525064589284031,0.39907223641558454,0.57429177,0.0,Kicked in the Head,Comedy|Drama
1490,106,11,3,0.25822334822567544,0.3762887183734299,0.5148841,-1.1815760948313194,Wishmaster,Horror
1491,41,14,0,0.4756356299253337,0.3117751846996754,0.5429988,-0.3530905428261659,A Thousand Acres,Drama
1492,717,524,199,0.7213596379702808,0.3814522854020544,0.5509256,0.8937162792415578,The Game,Mystery|Thriller
1493,71,16,2,0.37423836630748236,0.3326304821330186,0.56306404,-0.5138985230063144,Fire Down Below,Action|Drama|Thriller
1494,208,83,19,0.43520481520622234,0.2928842994043551,0.56243074,-0.42300145541367595,U Turn,Action|Crime|Mystery
1495,79,20,5,0.3820375373891889,0.35648016886827466,0.5318709,-0.6433287138943635,The MatchMaker,Comedy|Romance
1496,1,0,0,0.5741733788863798,0.39907223641558454,0.55155116,0.0,The Lay of the Land,Comedy|Drama
1497,30,19,5,0.603535529040067,0.3616465481272352,0.537665,0.26969482983533216,The Assignment,Thriller
1498,14,1,0,0.47316941130008383,0.39124729060351426,0.5326467,-0.16670422766105136,A Smile Like Yours,Comedy|Romance
1499,209,123,34,0.587964642174538,0.3118705885594175,0.55547565,0.1752400170250314,Ulee's Gold,Drama
1500,371,250,99,0.6633796729767348,0.39651203940259744,0.55955493,0.7905706929618281,The Ice Storm,Drama
1501,2,0,0,0.5631315831385647,0.39907223641558454,0.5528839,0.0,Stag,Action|Thriller
1502,762,510,183,0.6641414314325189,0.3624171639656772,0.54332715,0.5489423848077157,Chasing Amy,Drama|Romance
1503,65,12,4,0.35898123759309014,0.38634857775450365,0.51001203,-0.7977585792010445,How to Be a Player,Comedy
1504,970,683,271,0.6983165120815739,0.3969353503694123,0.53153074,0.7084692211290043,The Full Monty,Comedy
1505,59,22,5,0.4704847919560125,0.34657794195526703,0.5375903,-0.29388656959125226,Indian Summer (a.k.a. Alive & Kicking),Comedy|Drama
1506,201,147,41,0.7023220809689457,0.30940919705979303,0.4965338,0.14778541322110467,"Mrs. Brown (Her Majesty, Mrs. Brown)",Drama|Romance
1507,88,88,22,0.8498756690087345,0.30401167986071903,0.53590196,1.0010613944512827,I Know What You Did Last Summer,Horror|Mystery|Thriller
1508,680,353,105,0.5236751264701444,0.31005859012600306,0.55007106,-0.11976412238297349,The Devil's Advocate,Crime|Horror|Mystery|Thriller
1509,72,17,8,0.3793675600262735,0.4172180868773019,0.5243209,-0.5010833670445869,Rocket Man,Comedy
1510,66,13,3,0.3645072614069428,0.36434304477427343,0.5513361,-0.5320953557699559,Playing God,Crime|Thriller
1511,148,82,22,0.5620345571879058,0.31783039258166085,0.5684988,0.19758824533579866,The House of Yes,Comedy|Drama|Thriller
1512,145,98,51,0.6527325247343865,0.47941629608634617,0.5012356,0.5849470824069308,"Fast, Cheap & Out of Control",Documentary
1513,29,13,3,0.535225852192473,0.36434304477427343,0.5354389,-0.00037991557728152964,Washington Square,Drama
1514,10,1,0,0.5047140387200895,0.39124729060351426,0.5414373,0.02263099788784982,Telling Lies in America,Drama
1515,2,1,1,0.582362352369334,0.41085513374076915,0.49142122,0.0,Year of the Horse,Documentary
1516,868,534,189,0.6135978674544721,0.3577972805150329,0.5413733,0.3237326438017931,Gattaca,Drama|Sci-Fi|Thriller
1517,64,30,13,0.5200249326596962,0.4119201477597404,0.5150769,-0.0514800167577303,FairyTale: A True Story,Children's|Drama|Fantasy
1518,62,12,3,0.3685968064571908,0.37021954549643915,0.51883715,-0.7483804676064542,Phantoms,Horror
1519,8,4,1,0.5738421090207821,0.38802984853294864,0.51460975,0.06838664788603654,Swept from the Sea,Romance
1520,15,8,3,0.5735821895877748,0.3957519279444694,0.52022064,0.13780935889743218,Wonderland,Documentary
1521,79,38,8,0.521572421110119,0.3176546797815821,0.55937105,-0.029199666486947995,A Life Less Ordinary,Romance|Thriller
1522,4,1,0,0.560793376355655,0.39124729060351426,0.55769634,0.0,Hurricane Streets,Drama
1523,133,67,19,0.5261357504000292,0.33293685316905325,0.5552058,0.0090858093449884,Eve's Bayou,Drama
1524,71,27,4,0.46514745721657325,0.3110858678023276,0.55072,-0.3357705884702423,Switchback,Thriller
1525,13,4,1,0.5282990844953233,0.38802984853294864,0.550386,0.17146255105332855,Gang Related,Crime
1526,615,424,145,0.6816283343206097,0.348003400465779,0.5288993,0.4538944625201002,Stripes,Comedy
1527,3,3,2,0.6091102325133088,0.4142190909580986,0.556071,0.0,Nénette et Boni,Drama
1528,149,41,8,0.35318011217691136,0.3071825474810904,0.5264242,-0.9677426289831448,Bean,Comedy
1529,10,1,0,0.5047140387200895,0.39124729060351426,0.49502352,-0.33784760681838,Hugo Pool,Romance
1530,95,23,4,0.36057132636693356,0.32813166877779765,0.55400115,-0.6523761243075765,Mad City,Action|Drama
1531,33,7,0,0.43714267859283573,0.3500633652768285,0.57997835,-0.08051934022543467,One Night Stand,Drama
1532,27,17,9,0.6010758743273424,0.43214346001163023,0.51106125,0.2986870807165075,The Tango Lesson,Romance
1533,67,36,11,0.5579730113094475,0.35992571884627006,0.5370702,0.08423388389548636,Welcome To Sarajevo,Drama|War
1534,20,8,2,0.532612033188648,0.3785105486341246,0.5138793,-0.12860904192139203,Deceiver,Crime
1535,257,141,27,0.5546672388378024,0.24583042838104308,0.53332245,-0.3541654330575681,The Rainmaker,Drama
1536,908,591,247,0.6474768709010494,0.41646429301213606,0.5772455,0.9362904898932076,Boogie Nights,Drama
1537,869,668,246,0.7587408512766108,0.37040893011250586,0.56587094,1.114864849032284,Witness,Drama|Romance|Thriller
1538,10,2,1,0.5213807053867561,0.40295407347652357,0.55700344,0.24818417163765044,Incognito,Crime|Thriller
1539,960,410,128,0.4349335072506984,0.32163828656691135,0.50857365,-0.7423791168304958,Starship Troopers,Action|Adventure|Sci-Fi|War
1540,26,7,0,0.47740582004217585,0.3500633652768285,0.52736264,-0.3346439929752038,Critical Care,Comedy
1541,359,230,93,0.6339433797633384,0.403405756502783,0.5533936,0.6537106039611933,The Joy Luck Club,Drama
1542,20,2,0,0.44689774747436234,0.38372330424575435,0.47503075,-0.7411650771485825,Chairman of the Board,Comedy
1543,359,244,75,0.668173208614194,0.32297146877816063,0.55072296,0.4847393429287061,Sliding Doors,Drama|Romance
1544,107,14,5,0.27568689377837813,0.3899001846996754,0.49225402,-1.2429993919843159,Mortal Kombat: Annihilation,Action|Adventure
1545,781,519,201,0.6597868138666731,0.38831917718941866,0.5769469,0.8833799104968978,The Truman Show,Drama
1546,180,120,34,0.6490558361878493,0.3173741871810543,0.52742136,0.21093936041802488,The Wings of the Dove,Drama|Romance|Thriller
1547,43,28,10,0.6159445411097351,0.3840206643689644,0.48556653,-0.009536900927580694,Mrs. Dalloway,Romance
1548,1,0,0,0.5741733788863798,0.39907223641558454,0.48544955,0.0,"I Love You, I Love You Not",Romance
1549,82,31,5,0.4566881994182225,0.3080692817380151,0.5455884,-0.41857663103441434,Red Corner,Crime|Thriller
1550,266,91,19,0.3806419060860929,0.27626675050198035,0.5310481,-0.9339038045049011,The Jackal,Action|Thriller
1551,228,123,33,0.5477800083568538,0.30609024173860827,0.4920574,-0.49161901190364155,Anastasia,Animation|Children's|Musical
1552,201,78,29,0.4274216825625711,0.38245009234983773,0.5113467,-0.538283722306501,The Man Who Knew Too Little,Comedy|Mystery
1553,649,207,40,0.3380298173436414,0.23328253626762346,0.5127004,-1.389357112137515,Alien: Resurrection,Action|Horror|Sci-Fi
1554,18,5,2,0.5041594459294907,0.3991565785596223,0.52490264,-0.08042274527241325,Alien Escape,Horror|Sci-Fi
1555,265,164,59,0.6135963248355726,0.36894211131205246,0.5714251,0.5958678902917356,Amistad,Drama
1556,230,230,97,0.926010151154305,0.4176914707884973,0.5335546,1.6701796929304549,The Apostle,Drama
1557,20,12,3,0.5897548903315052,0.37021954549643915,0.5449273,0.30301149359898416,Artemisia,Drama
1558,21,13,5,0.5955329904676812,0.39608907652030517,0.54054123,0.3810464283903166,Bent,Drama|War
1559,122,67,26,0.55978396699538,0.3927659129981131,0.55286574,0.3280172190865074,The Butcher Boy,Drama
1560,211,109,35,0.5298193192459976,0.345620200130687,0.5473403,0.006222238425189125,Deconstructing Harry,Comedy|Drama
1561,241,45,7,0.2552674993924583,0.2837222296924129,0.5194352,-1.4793422872327042,Flubber,Children's|Comedy|Fantasy
1562,51,18,4,0.4681469536951026,0.35225899736440036,0.5300732,-0.34149336633861344,For Richer or Poorer,Comedy
1563,1234,998,500,0.8000645189433063,0.4961389425770794,0.5778453,1.8035050842301812,Good Will Hunting,Drama
1564,117,13,3,0.2531906725940441,0.36434304477427343,0.51939106,-1.2074109079490685,Home Alone 3,Children's|Comedy
1565,1,0,0,0.5741733788863798,0.39907223641558454,0.53619254,0.0,Legal Deceit,Thriller
1566,501,233,60,0.47601241800944716,0.2825215965398559,0.5435608,-0.44896754300336467,Midnight in the Garden of Good and Evil,Comedy|Crime|Drama|Mystery
1567,183,63,12,0.3960637009579629,0.2827753258476038,0.51815146,-0.9522572233100667,Mouse Hunt,Children's|Comedy
1568,1,0,0,0.5741733788863798,0.39907223641558454,0.4598541,0.0,Never Met Picasso,Romance
1569,7,3,1,0.5663656547930765,0.39535116642979673,0.5162722,0.07805456179069994,Office Killer,Thriller
1570,370,124,27,0.3649591483885842,0.26984834379758177,0.5090144,-1.1875293570641787,Scream 2,Horror|Thriller
1571,7,1,0,0.5312779354948309,0.39124729060351426,0.5406356,0.11835098583017215,Stranger in the House,Thriller
1572,306,226,114,0.7170866357393408,0.48533917326369286,0.5707897,1.3927139312433439,The Sweet Hereafter,Drama
1573,4,0,0,0.5422748578371364,0.39907223641558454,0.5225401,0.0,Time Tracers,Action|Adventure|Sci-Fi
1574,1247,717,318,0.5753915515213611,0.4406174860766352,0.5288269,0.3675513839587721,Titanic,Drama|Romance
1575,706,354,62,0.5069878866709066,0.20285547480390898,0.54393995,-0.6040715849883744,Tomorrow Never Dies,Action|Romance|Thriller
1576,1,0,0,0.5741733788863798,0.39907223641558454,0.5893853,0.0,Full Speed,Drama
1577,16,8,4,0.5648915503515964,0.41299330725481426,0.5254003,0.20461731143303108,The Education of Little Tree,Drama
1578,34,34,8,0.7533671705143495,0.3327810931045146,0.5324007,0.7034936163362313,The Postman,Drama
1579,154,62,16,0.44746491334904587,0.3210143912569574,0.54209125,-0.43613625927073446,The Horse Whisperer,Drama
1580,10,5,2,0.5713807053867561,0.3991565785596223,0.5410855,0.3032447694743322,The Winter Guest,Drama
1581,589,367,97,0.6201609426028253,0.2804642969323243,0.53995436,0.06908388815261178,Jackie Brown,Crime|Drama
1582,128,81,22,0.6195665299056481,0.32025657878457425,0.5421714,0.22234305485383324,Kundun,Drama
1583,53,5,1,0.3328431293515084,0.3809747603778041,0.49419433,-1.0396012985123497,Mr. Magoo,Comedy
1584,904,574,255,0.6323719521207604,0.44063078817432566,0.55144423,0.7619371546053845,The Big Lebowski,Comedy|Crime|Mystery|Thriller
1585,58,16,3,0.4192855770667163,0.34778199728453374,0.54699224,-0.41317215523232637,Afterglow,Drama|Romance
1586,163,115,50,0.6773842362591801,0.42396128376229836,0.52185786,0.6469542477805603,My Life in Pink (Ma vie en rose),Comedy|Drama
1587,193,75,17,0.42914749927245005,0.2956288945662338,0.58390826,-0.2698999244270135,Great Expectations,Drama|Romance
1588,34,2,0,0.3724147895619686,0.38372330424575435,0.50972694,-0.7575432013286696,3 Ninjas: High Noon On Mega Mountain,Action|Children's
1589,2,1,1,0.582362352369334,0.41085513374076915,0.5052512,0.0,"Midaq Alley (Callejón de los milagros, El)",Drama
1590,5,4,3,0.605142587694643,0.4250668855699857,0.50092214,0.2109488818011728,Arguing the World,Documentary
1591,64,15,2,0.3884459852912751,0.33774787416583424,0.5306735,-0.693149193739876,Firestorm,Action|Adventure|Thriller
1592,43,12,1,0.44390153035704694,0.3379614809803101,0.5445744,-0.371616730342657,Senseless,Comedy
1593,702,363,108,0.5216527158553264,0.30981504072827903,0.5463262,-0.15745708946932885,Wag the Dog,Comedy|Drama
1594,711,461,217,0.6442612908320702,0.4637056982794114,0.50633407,0.5374226718579967,Dark City,Film-Noir|Sci-Fi|Thriller
1595,6,2,1,0.558622184342953,0.40295407347652357,0.5208988,0.11069836584842063,The Leading Man,Romance
1596,53,8,2,0.3619693429437414,0.3785105486341246,0.50063485,-0.886365543095714,Star Kid,Adventure|Children's|Fantasy|Sci-Fi
1597,170,38,7,0.30583110146911524,0.3062910434179458,0.5389491,-1.0552816697230387,Hard Rain,Action|Thriller
1598,146,72,28,0.516749195526558,0.39306239197360027,0.5375337,0.044810915947047635,Half Baked,Comedy
1599,315,157,48,0.5103639515704257,0.3282783179747789,0.5443548,-0.15191243999329793,Fallen,Action|Mystery|Thriller
1600,24,15,5,0.5984167881514239,0.3839017203196804,0.5239273,0.22071518056042058,Shooting Fish,Romance
1601,36,7,1,0.4218935153861089,0.3676072249259513,0.49859098,-0.7101636718848425,The Prophecy II,Horror
1602,81,43,13,0.5517774223145447,0.3543399120513896,0.56904954,0.2894111091937311,Dangerous Beauty,Drama
1603,41,33,7,0.6844268387165425,0.32474231109372564,0.54033554,0.47259786822225913,Four Days in September,Drama
1604,148,9,5,0.1933476885010372,0.4229425732335462,0.51534176,-1.2648285027501922,Spice World,Comedy|Musical
1605,44,44,6,0.7796047055660145,0.27610225341254496,0.53566355,0.6325085110370364,Deep Rising,Action|Horror|Sci-Fi
1606,1,0,0,0.5741733788863798,0.39907223641558454,0.55365187,0.0,Tainted,Comedy|Thriller
1607,15,6,1,0.5428129588185441,0.3741716396567719,0.5420815,0.1144933097816345,Music From Another Room,Drama|Romance
1608,95,95,26,0.8571230505048646,0.3169214608329602,0.5389143,1.0971467295330477,The Replacement Killers,Action|Thriller
1609,12,9,1,0.6174651987613768,0.35514596306405466,0.51822895,0.14960489001922078,B. Monkey,Romance|Thriller
1610,9,9,1,0.6488617342916163,0.35514596306405466,0.541303,0.449305711641169,Night Flier,Horror
1611,176,34,9,0.28001257665135115,0.3446858550092765,0.50249064,-1.3040631931037683,Blues Brothers 2000,Action|Comedy|Musical
1612,0,0,0,0.5856568464641073,0.39907223641558454,0.5210717,0.0,Tokyo Fist,Action|Drama
1613,706,379,90,0.5400566697396897,0.25630212545636183,0.48789635,-0.7266447462574406,The Wedding Singer,Comedy|Romance
1614,445,103,18,0.26723806529940475,0.24806282235803417,0.5220289,-1.5372125830021282,Sphere,Adventure|Sci-Fi|Thriller
1615,7,5,5,0.6014533740913222,0.45370203310507684,0.48545226,0.1761799201799643,Ayn Rand: A Sense of Life,Documentary
1616,5,1,0,0.5505971331491885,0.39124729060351426,0.5244234,0.06658033262248948,Little City,Comedy|Romance
1617,186,66,8,0.4037408573017176,0.24097941224809677,0.5153026,-1.0902060846916195,Palmetto,Film-Noir|Mystery|Thriller
1618,1132,845,371,0.7396639951972973,0.4368196780120438,0.5882976,1.4466806780319044,As Good As It Gets,Comedy|Drama
1619,139,67,12,0.5094330281651077,0.2731077933399934,0.54342055,-0.35451851013292407,King of New York,Action|Crime
1620,2,1,1,0.582362352369334,0.41085513374076915,0.4795585,0.0,A Paralyzing Fear: The Story of Polio in America,Documentary
1621,67,50,25,0.6776311309675671,0.4495361182077923,0.5477056,0.9375517146603333,Men With Guns,Action|Drama
1622,41,12,1,0.4536576079473117,0.3379614809803101,0.5551444,-0.25208129586553973,Twilight,Crime|Drama
1623,360,141,26,0.4153240056663545,0.24059482628680226,0.5265881,-0.9594390677792555,U.S. Marshalls,Action|Thriller
1624,9,2,1,0.5302176664950062,0.40295407347652357,0.49850422,-0.17224279888234378,Welcome to Woop-Woop,Comedy
1625,59,59,12,0.8099343332404161,0.29315240202549747,0.5466876,0.8937949222499256,Love and Death on Long Island,Comedy|Drama
1626,0,0,0,0.5856568464641073,0.39907223641558454,0.5096959,0.0,"Callejón de los milagros, El",Drama
1627,4,1,1,0.560793376355655,0.41085513374076915,0.5415696,0.0,In God's Hands,Action|Drama
1628,123,94,35,0.7126175856832679,0.3816223043109669,0.4887866,0.378146780849038,Everest,Documentary
1629,7,7,0,0.6365410933895678,0.3500633652768285,0.54327697,0.3996852725943051,Hush,Thriller
1630,152,77,23,0.5261526847683433,0.3382174159116475,0.53732127,-0.11139610748176978,Suicide Kings,Crime|Drama
1631,298,107,19,0.39161736299771654,0.2481121772024155,0.5422954,-0.9022965696668109,The Man in the Iron Mask,Action|Drama|Romance
1632,83,27,3,0.4231792655880103,0.2980988548153146,0.5287267,-0.7127934472485485,The Newton Boys,Crime|Drama
1633,505,269,80,0.5374465627445142,0.31333420633473114,0.5669337,0.07543987676987829,Wild Things,Crime|Drama|Mystery|Thriller
1634,49,49,10,0.7907357810424783,0.3025617355634265,0.52614754,0.693295530142199,Paulie,Adventure|Children's|Comedy
1635,9,3,0,0.5471668190373791,0.37648324190149485,0.5762731,0.40479123180901233,A Cool Dry Place,Drama
1636,29,19,11,0.6111752192810805,0.4486030698663656,0.531343,0.5521819053070927,Hana-bi,Comedy|Crime|Drama
1637,277,149,27,0.5452074688783038,0.235947798094368,0.56863296,-0.15057953756096437,Primary Colors,Drama
1638,10,8,1,0.621380705386756,0.3612691693237798,0.544617,0.3908626505993956,"Niagara, Niagara",Drama
1639,31,13,6,0.522010399051918,0.41196209239332104,0.5505855,0.23206780101972257,Wide Awake,Children's|Comedy|Drama
1640,16,8,5,0.5648915503515964,0.43023468656515906,0.5497684,0.4538077477566743,A Price Above Rubies,Drama
1641,1,0,0,0.5741733788863798,0.39907223641558454,0.5707858,0.0,Eden,Drama
1642,73,25,3,0.44132392132687287,0.30604815761038967,0.5419861,-0.5125446446393868,Two Girls and a Guy,Comedy|Drama
1643,9,2,0,0.5302176664950062,0.38372330424575435,0.58638054,0.4434117407376794,No Looking Back,Comedy|Drama|Romance
1644,0,0,0,0.5856568464641073,0.39907223641558454,0.56260115,0.0,The Proposition,Drama
1645,160,62,10,0.4346802015390731,0.2674429626855288,0.5230238,-0.8195100826079447,The Object of My Affection,Comedy|Romance
1646,17,2,0,0.46690809437619946,0.38372330424575435,0.5116229,-0.3801719318487623,Meet the Deedles,Children's|Comedy
1647,93,40,14,0.48449540086157594,0.37726235356421367,0.5650026,0.0794459191699132,Homegrown,Comedy|Thriller
1648,23,6,3,0.4833266071671968,0.4098859253710576,0.5579102,0.13327852130887802,The Player's Club,Action|Drama
1649,32,1,0,0.36930295516104106,0.39124729060351426,0.48609743,-0.9268533367386765,Barney's Great Adventure,Adventure|Children's
1650,75,56,28,0.6822627385856429,0.4523925643469739,0.5317572,0.841390789289609,The Big One,Comedy|Documentary
1651,32,11,2,0.4912541746732362,0.35989527575047914,0.5332023,-0.20196593750317812,Chinese Box,Drama|Romance
1652,1,1,1,0.5937812220236346,0.41085513374076915,0.5431197,0.0,Follow the Bitch,Comedy
1653,549,117,23,0.24421175680000895,0.25720725641185166,0.5384367,-1.466362904500251,Lost in Space,Action|Sci-Fi|Thriller
1654,1,1,0,0.5937812220236346,0.39124729060351426,0.565643,0.0,Heaven's Burning,Action|Drama
1655,211,68,13,0.37273119664063353,0.2792678967862647,0.5462805,-0.8355270514650756,Mercury Rising,Action|Drama|Thriller
1656,391,289,117,0.7217298011864067,0.40399295522353756,0.54093105,0.8958661456455395,The Spanish Prisoner,Drama|Thriller
1657,276,130,34,0.48859767583805325,0.29974228789321794,0.5248734,-0.4859455151678749,City of Angels,Romance
1658,97,50,14,0.5393390634231657,0.3395361182077923,0.55654263,0.09307956468861311,The Last Days of Disco,Drama
1659,51,14,3,0.42854299329906304,0.3586501846996754,0.5207138,-0.543960065386341,The Odd Couple II,Comedy
1660,56,6,2,0.3328570030491072,0.39202878251391476,0.5115815,-0.8660838577883893,My Giant,Comedy
1661,120,57,5,0.5075461313129727,0.23321132542784323,0.5683485,-0.30683736878312984,He Got Game,Drama
1662,77,17,0,0.3644318293165777,0.297815101802675,0.5416816,-0.8386247082591274,The Gingerbread Man,Drama|Thriller
1663,1,1,0,0.5937812220236346,0.39124729060351426,0.552987,0.0,Illtown,Crime|Drama
1664,1,0,0,0.5741733788863798,0.39907223641558454,0.5078059,0.0,Slappy and the Stinkers,Children's|Comedy
1665,23,16,2,0.6203129085370598,0.3326304821330186,0.57819754,0.5480215803960287,Live Flesh,Drama
1666,236,147,66,0.6163735745566621,0.4363127503592854,0.5532305,0.6994022315731416,Zero Effect,Comedy|Thriller
1667,15,5,3,0.5274283434339287,0.41733839674144046,0.59460855,0.6134596365686923,Nil By Mouth,Drama
1668,143,48,8,0.40042923483526094,0.2852409369467268,0.50777376,-1.0075322535827356,The Borrowers,Adventure|Children's|Comedy|Fantasy
1669,5,1,0,0.5505971331491885,0.39124729060351426,0.5039017,-0.09280399867115754,Prince Valiant,Adventure
1670,8,4,1,0.5738421090207821,0.38802984853294864,0.5096267,0.02968503600788633,"I Love You, Don't Touch Me!",Drama|Romance
1671,1,1,0,0.5937812220236346,0.39124729060351426,0.52549577,0.0,Leather Jacket Love Story,Drama|Romance
1672,1,0,0,0.5741733788863798,0.39907223641558454,0.55245197,0.0,Love Walked In,Drama|Thriller
1673,12,1,0,0.4884329406968607,0.39124729060351426,0.5051767,-0.32147502022770835,An Alan Smithee Film: Burn Hollywood Burn,Comedy
1674,34,10,2,0.4676528848000639,0.36589353034632044,0.52827334,-0.30997370226167364,Kissing a Fool,Comedy|Romance
1675,79,16,3,0.3510297854512044,0.34778199728453374,0.50665283,-0.988424993757278,Krippendorf's Tribe,Comedy
1676,54,19,4,0.46425809926159006,0.34715379450404676,0.48394382,-0.7324338671548482,Kurt & Courtney,Documentary|Musical
1677,19,6,2,0.5113455409160198,0.39202878251391476,0.48111874,-0.41767392103537127,The Real Blonde,Comedy
1678,128,56,11,0.4791170917034009,0.2920152058564078,0.53139365,-0.49854956520013566,Mr. Nice Guy,Action|Comedy
1679,19,12,6,0.5983020626551502,0.41860664227063266,0.5624025,0.6397346959204504,Taste of Cherry,Drama
1680,23,15,5,0.6066142784000735,0.3839017203196804,0.54043686,0.38039927404873225,Character (Karakter),Drama
1681,2,1,0,0.582362352369334,0.39124729060351426,0.5352952,0.0,Junk Mail,Comedy|Thriller
1682,154,16,1,0.22197471727061455,0.3174789669815034,0.52074856,-1.4795717584939747,Species II,Horror|Sci-Fi
1683,119,16,3,0.2679458125633454,0.34778199728453374,0.5385601,-1.0594726384854742,Major League: Back to the Minors,Comedy
1684,9,3,0,0.5471668190373791,0.37648324190149485,0.52479035,0.004944169073697199,Sour Grapes,Comedy
1685,46,27,6,0.5862796075333893,0.3370598937763536,0.46980074,-0.40907145191249894,Wild Man Blues,Documentary
1686,154,66,14,0.46707275648630076,0.2927035501791313,0.5597822,-0.3218972523838319,The Big Hit,Action|Comedy
1687,30,6,0,0.44103552904006704,0.35631449679962907,0.5104444,-0.5838939079618954,Tarzan and the Lost City,Action|Adventure
1688,2,0,0,0.5631315831385647,0.39907223641558454,0.5338696,0.0,The Truce,Drama|War
1689,41,5,2,0.37673453102423476,0.3991565785596223,0.524709,-0.5709576254699824,Black Dog,Action|Thriller
1690,57,33,9,0.5820826385346296,0.3488386966358943,0.5150791,-0.03257458917403283,"Dancer, Texas Pop. 81",Comedy|Drama
1691,3,2,1,0.5902423079850069,0.40295407347652357,0.5554631,0.0,A Friend of the Deceased,Comedy|Drama
1692,5,1,0,0.5505971331491885,0.39124729060351426,0.59335613,0.6019547905956101,Go Now,Drama
1693,191,114,51,0.5945346154489849,0.43264397451694653,0.5462893,0.5489260975365997,"Misérables, Les",Drama
1694,20,6,2,0.5040406046172196,0.39202878251391476,0.55334467,0.11524285380151172,Still Breathing,Comedy|Romance
1695,123,60,19,0.5160857937757535,0.35412374382526574,0.53775233,-0.09139113883248118,Clockwatchers,Comedy
1696,755,300,59,0.4090470090971495,0.22558174805936923,0.5476683,-0.8719936876014033,Deep Impact,Action|Drama|Sci-Fi|Thriller
1697,4,1,0,0.560793376355655,0.39124729060351426,0.55835736,0.0,Little Men,Drama
1698,9,1,0,0.5132685139526333,0.39124729060351426,0.55660546,0.1732664948718365,Woo,Comedy|Romance
1699,16,11,6,0.6103460958061419,0.4254690462422824,0.53243166,0.47703941384680465,The Hanging Garden,Drama
1700,16,8,4,0.5648915503515964,0.41299330725481426,0.5459604,0.364300230555455,Lawn Dogs,Drama
1701,53,13,3,0.4105130322641298,0.36434304477427343,0.5093633,-0.6815216728583299,Quest for Camelot,Adventure|Animation|Children's|Fantasy
1702,417,75,12,0.22330373088480804,0.25562889456623383,0.5063684,-1.8011526876185284,Godzilla,Action|Sci-Fi
1703,534,274,78,0.5193199354849407,0.30232596240981247,0.5234423,-0.37017308711019364,Bulworth,Comedy
1704,216,118,45,0.5536948959518998,0.38662864179035256,0.5520033,0.2766168382544242,Fear and Loathing in Las Vegas,Comedy|Drama
1705,487,316,97,0.6429848087955408,0.31954538748846784,0.57839495,0.5910800150098535,The Opposite of Sex,Comedy|Drama
1706,4,1,1,0.560793376355655,0.41085513374076915,0.5152907,0.0,I Got the Hook Up,Comedy
1707,46,12,3,0.4300296075333892,0.37021954549643915,0.559197,-0.19915409107782017,Almost Heroes,Adventure|Comedy
1708,307,103,31,0.3705401745748049,0.3330301426194721,0.54935676,-0.63316146593461,Hope Floats,Comedy|Drama|Romance
1709,28,23,5,0.6702928502975046,0.34183029891478395,0.5429454,0.4980235261030556,Insomnia,Thriller
1710,3,1,0,0.571374383456705,0.39124729060351426,0.5216193,0.0,Little Boy Blue,Drama
1711,8,0,0,0.5048765917794028,0.39907223641558454,0.53345513,-0.011539679022000138,The Ugly,Horror|Thriller
1712,304,141,28,0.48102497831413943,0.2510660304752839,0.5490035,-0.4968013549475144,A Perfect Murder,Mystery|Thriller
1713,13,8,4,0.5917911479873867,0.41299330725481426,0.5672323,0.6327461280370418,Beyond Silence,Drama
1714,365,107,17,0.32839239114025387,0.23537332369923075,0.54815143,-1.1437408198882062,Six Days Seven Nights,Adventure|Comedy|Romance
1715,238,100,26,0.4488987580666853,0.3063574121385282,0.5700742,-0.26424931471094804,Can't Hardly Wait,Comedy|Drama|Romance
1716,8,8,3,0.6428076262621615,0.3957519279444694,0.50798804,0.3084764461492926,Cousin Bette,Comedy
1717,104,63,26,0.5992392358649699,0.4066691311573383,0.5597512,0.5812441163926108,High Art,Drama|Romance
1718,13,8,2,0.5917911479873867,0.3785105486341246,0.5171396,0.1238299657660266,The Land Girls,Drama|War
1719,4,4,2,0.6163489319112104,0.40654836705146713,0.54569507,0.0,Passion in the Desert,Adventure|Drama
1720,41,29,19,0.6404707947604985,0.4930836939339143,0.51180923,0.6675194817163682,"Children of Heaven, The (Bacheha-Ye Aseman)",Drama
1721,3,2,2,0.5902423079850069,0.42218484270729284,0.49400148,0.0,Dear Jesse,Documentary
1722,19,10,4,0.5693165554087735,0.39922686367965377,0.5495564,0.36135754038551504,Dream for an Insomniac,Drama|Romance
1723,3,2,0,0.5902423079850069,0.38372330424575435,0.550374,0.0,Hav Plenty,Comedy
1724,88,46,14,0.5455278429217779,0.35368345646645033,0.5296558,-0.04281163314723654,Henry Fool,Comedy|Drama
1725,1,0,0,0.5741733788863798,0.39907223641558454,0.52488816,0.0,Marie Baie Des Anges,Drama
1726,21,7,1,0.51102594821416,0.3676072249259513,0.5207054,-0.19633714469649222,Mr. Jealousy,Comedy|Romance
1727,383,244,87,0.6311382039796891,0.36378779530877287,0.48599625,-0.018220433461753116,Mulan,Animation|Children's
1728,1,0,0,0.5741733788863798,0.39907223641558454,0.5484884,0.0,Resurrection Man,Drama|Thriller
1729,829,437,102,0.5304696727226454,0.2504180940878424,0.5240311,-0.503246066394536,The X-Files: Fight the Future,Mystery|Sci-Fi|Thriller
1730,33,22,5,0.6178655701591008,0.34657794195526703,0.54736906,0.34767857557375115,I Went Down,Action|Comedy|Crime
1731,423,132,13,0.34097852499620585,0.1810638012130727,0.5312284,-1.4156570075496044,Doctor Dolittle,Comedy
1732,749,480,183,0.6374003032831106,0.382931343058074,0.5743028,0.7582005785818183,Out of Sight,Action|Crime|Romance
1733,137,91,38,0.6432237557390661,0.41101852355162577,0.540735,0.6174748668462532,Picnic at Hanging Rock,Drama|Mystery
1734,307,206,79,0.6590555807372699,0.38653754617491887,0.5573744,0.722368264235737,Smoke Signals,Comedy|Drama
1735,1,1,0,0.5937812220236346,0.39124729060351426,0.56083816,0.0,Voyage to the Beginning of the World,Drama
1736,296,173,62,0.5846324922635993,0.3675049857434046,0.5351966,0.19834207028917436,Buffalo 66,Action|Comedy|Drama
1737,921,419,128,0.4616713103225596,0.31546612328524354,0.5462852,-0.36832833626933525,Armageddon,Action|Adventure|Sci-Fi|Thriller
1738,537,226,52,0.4348941095795662,0.26070149210427257,0.5471493,-0.654749259783229,Lethal Weapon 4,Action|Comedy|Crime|Drama
1739,93,39,7,0.47750239386856896,0.3028495710199913,0.5187306,-0.565434542228665,Madeline,Children's|Comedy
1740,77,77,16,0.8368727741984674,0.283099305675427,0.48969874,0.5196226519390377,Small Soldiers,Animation|Children's|Fantasy|War
1741,474,320,145,0.6665703097771095,0.4458205724885925,0.5636325,1.0058852096091024,Pi,Sci-Fi|Thriller
1742,36,19,5,0.5614283991070391,0.3616465481272352,0.59803045,0.5769319191603455,Whatever,Drama
1743,1098,793,401,0.7162742528947782,0.49935185269368826,0.49861047,0.87771651621291,There's Something About Mary,Comedy
1744,210,75,29,0.4010878550892514,0.39162889456623384,0.52585995,-0.49472229072145735,Plan 9 from Outer Space,Horror|Sci-Fi
1745,35,26,12,0.6503863802730043,0.4204422607997267,0.5366378,0.6458996822923343,Wings,Drama|Romance|War
1746,24,11,4,0.5443627340973698,0.39268216099638076,0.47481862,-0.33762014448822086,The Broadway Melody,Musical
1747,213,179,92,0.7919499708106668,0.48888040096410146,0.47439066,0.9436386577349654,All Quiet on the Western Front,War
1748,24,15,0,0.5984167881514239,0.30697864339660347,0.52657104,-0.026142890020062724,Cimarron,Western
1749,62,39,10,0.6096682350286192,0.3365574361885306,0.56294113,0.4023291621287275,Grand Hotel,Drama
1750,0,0,0,0.5856568464641073,0.39907223641558454,0.5726574,0.0,Cavalcade,Drama
1751,187,149,44,0.7522482798447483,0.32137493377275994,0.53452295,0.6760332682779882,Mutiny on the Bounty,Adventure
1752,29,14,3,0.5478840800405742,0.3586501846996754,0.500642,-0.2418434774078952,The Great Ziegfeld,Musical
1753,11,6,1,0.578407251200088,0.3741716396567719,0.5466086,0.28625762756647605,The Life of Émile Zola,Drama
1754,59,50,20,0.7273655259009666,0.3995361182077923,0.5242172,0.7721923125724763,You Can't Take It With You,Comedy
1755,80,65,27,0.7252526332554259,0.40829227670242807,0.53621596,0.8877105728598332,How Green Was My Valley,Drama
1756,65,46,15,0.6546334115061335,0.36410012313311696,0.51281476,0.2813243728383791,Mrs. Miniver,Drama|War
1757,49,35,12,0.649321639628337,0.37592484495034384,0.544238,0.546094886211594,Going My Way,Comedy
1758,91,63,17,0.6544882434269883,0.32702311345822327,0.5601816,0.5197649657590288,The Lost Weekend,Drama
1759,194,146,82,0.7183723046033006,0.5201714888815266,0.5505755,1.3617320814892795,The Best Years of Our Lives,Drama|War
1760,70,50,13,0.660690352693378,0.3295361182077923,0.56159467,0.5632774225672349,Gentleman's Agreement,Drama
1761,86,61,26,0.6638444288470983,0.413996502889903,0.563208,0.8815036828463487,Hamlet,Drama
1762,96,75,29,0.7142660433096257,0.39162889456623384,0.5536124,0.9227346277434954,All the King's Men,Drama
1763,22,22,4,0.7122616989334078,0.33268905306637814,0.5473358,0.661414384177967,The Greatest Show on Earth,Drama
1764,293,229,106,0.7530112021084705,0.4514466373504632,0.565304,1.370166262408175,From Here to Eternity,Drama|Romance|War
1765,416,340,193,0.7924524513373506,0.5460349021045622,0.5562469,1.7799875003402215,On the Waterfront,Crime|Drama
1766,159,120,43,0.7142719728383031,0.3703153636516425,0.54133165,0.7532896657012473,Marty,Drama|Romance
1767,582,436,240,0.7362070289924136,0.5348839749398749,0.5184289,1.2316496282370366,West Side Story,Musical|Romance
1768,154,103,46,0.6484453055059086,0.4310693583057466,0.5052805,0.43185066350354223,Tom Jones,Comedy
1769,167,139,68,0.7754969692313611,0.4653630255067684,0.54965675,1.3833104327104597,A Man for All Seasons,Drama
1770,286,229,95,0.7686989354857303,0.4120201140529722,0.57707036,1.3847076213121123,In the Heat of the Night,Drama|Mystery
1771,164,99,39,0.5994525342205858,0.39566182430053176,0.48072907,-0.06993487365752493,Oliver!,Musical
1772,528,402,216,0.7461640870643692,0.5220212650902195,0.5572128,1.5263709378755743,Midnight Cowboy,Drama
1773,701,559,256,0.7833326795249073,0.45312579937730574,0.56663483,1.5027070494796342,The French Connection,Action|Crime|Drama|Thriller
1774,890,631,290,0.7024285556629845,0.45514480443579913,0.5804653,1.3066479206886696,Rocky,Action|Drama
1775,332,214,72,0.6368660793801187,0.3483091356847698,0.53541005,0.3337352480472749,Kramer Vs. Kramer,Drama
1776,398,286,132,0.7037563444714406,0.4522428923237477,0.5763906,1.2700098022594992,Ordinary People,Drama
1777,514,323,143,0.6246149686581656,0.4368729539431079,0.55188394,0.7225198928118679,Chariots of Fire,Drama
1778,415,233,98,0.5640491232757106,0.41679721491441424,0.5582142,0.46946023239584594,Terms of Endearment,Comedy|Drama
1779,522,305,121,0.5844105635021073,0.3970524276641668,0.55758786,0.4741042825583801,Out of Africa,Drama|Romance
1780,514,378,158,0.7221326991546195,0.4157794668709795,0.5314427,0.8646909060127529,The Last Emperor,Drama|War
1781,1086,834,349,0.7599320795098639,0.41736833916377736,0.5449334,1.1200572885032534,Rain Man,Drama
1782,517,351,140,0.6706928436035369,0.39888681252064645,0.54099643,0.6827551553465137,Driving Miss Daisy,Drama
1783,206,157,68,0.7276673528250209,0.4248966754627016,0.52834886,0.8935952924161448,Take the Money and Run,Comedy
1784,254,175,50,0.6719830339579124,0.3109049414256855,0.5400319,0.3743830544757405,Klute,Drama|Mystery
1785,651,403,160,0.6166659662242587,0.3972485912158482,0.51740414,0.2864839515134857,Repo Man,Comedy|Sci-Fi
1786,149,82,32,0.5592102629306802,0.3935879683392366,0.5441337,0.26085467156867115,Metropolitan,Comedy
1787,457,261,97,0.5725499848583933,0.3760566296488078,0.51619285,0.034103144029927854,Labyrinth,Adventure|Children's|Fantasy
1788,1263,881,344,0.6932847237800498,0.39092761742296367,0.53565097,0.7002751332531356,The Breakfast Club,Comedy|Drama
1789,244,44,9,0.24926136844627672,0.30801714702956623,0.4793223,-1.7294832942300178,A Nightmare on Elm Street Part 2: Freddy's Revenge,Horror
1790,232,63,5,0.32724412171349415,0.22082842319273652,0.47422192,-1.772889735855391,A Nightmare on Elm Street 3: Dream Warriors,Horror
1791,208,27,4,0.21815055164033087,0.3110858678023276,0.48890427,-1.7637936986353286,A Nightmare on Elm Street 4: The Dream Master,Horror
1792,171,16,3,0.2048997390190288,0.34778199728453374,0.48404792,-1.7248061605607368,A Nightmare on Elm Street 5: The Dream Child,Horror
1793,184,25,9,0.23197795864617676,0.3860481576103897,0.5091592,-1.292839100916603,Freddy's Dead: The Final Nightmare,Horror
1794,261,96,28,0.40283872129648024,0.32844939603273443,0.53711,-0.6202454931894532,Friday the 13th,Horror
1795,143,25,7,0.2812582503793024,0.359381490943723,0.53564036,-0.9907378585841629,Friday the 13th Part 2,Horror
1796,162,16,4,0.21359831284530834,0.3629335124360489,0.52920866,-1.2880083533779925,Friday the 13th Part 3: 3D,Horror
1797,136,27,5,0.30259592646884603,0.3240728807893406,0.53534824,-1.0338527623815414,Friday the 13th: The Final Chapter,Horror
1798,85,13,6,0.31320623943115083,0.41196209239332104,0.53255045,-0.7093514563306683,Friday the 13th Part V: A New Beginning,Horror
1799,83,15,5,0.33295370167823585,0.3839017203196804,0.49801254,-0.9993479493563826,Friday the 13th Part VI: Jason Lives,Horror
1800,74,13,3,0.3409906638968175,0.36434304477427343,0.52218646,-0.8487416439869262,Friday the 13th Part VII: The New Blood,Horror
1801,82,9,3,0.2900215327515558,0.38904426814880044,0.5043645,-1.0969037300433309,Friday the 13th Part VIII: Jason Takes Manhattan,Horror
1802,408,261,124,0.6338053325834179,0.46287334990604256,0.5492921,0.828040322225871,Halloween,Horror
1803,154,45,16,0.36413158001571255,0.3784590717976761,0.52539366,-0.6859538427190581,Halloween II,Horror
1804,82,11,4,0.3051730479030709,0.39268216099638076,0.51889855,-0.9132291289914457,Halloween III: Season of the Witch,Horror
1805,102,26,4,0.36370291002108796,0.3151791029049898,0.48990154,-1.1832195414474087,Halloween 4: The Return of Michael Myers,Horror
1806,113,16,4,0.2778088486086219,0.3629335124360489,0.48673242,-1.3714783765437388,Halloween 5: The Revenge of Michael Myers,Horror
1807,72,10,2,0.3219905108459456,0.36589353034632044,0.5361025,-0.8081902739387881,Prom Night,Horror
1808,43,4,0,0.35788002498070287,0.3695113300144301,0.5099952,-0.8606430665584106,Hello Mary Lou: Prom Night II,Horror
1809,13,0,0,0.46480702100325977,0.39907223641558454,0.53941584,-0.11902397978454733,Prom Night III: The Last Kiss,Horror
1810,13,1,0,0.48068003687627564,0.39124729060351426,0.5329226,-0.13573709028014314,Prom Night IV: Deliver Us From Evil,Horror
1811,199,54,14,0.3344692462779332,0.32647703673826184,0.53084683,-0.9381331108454273,Child's Play,Horror
1812,111,16,4,0.2812598902062445,0.3629335124360489,0.52883184,-1.0312636449701775,Child's Play 2,Horror
1813,82,9,4,0.2900215327515558,0.40599342069117333,0.53457516,-0.8033520816578795,Child's Play 3,Horror
1814,402,402,132,0.9541655803610739,0.3361805571256178,0.5445909,1.5806101952237825,Poltergeist,Horror|Thriller
1815,148,22,3,0.25900425415760286,0.31880016417748924,0.53454584,-1.2257090439195675,Poltergeist II: The Other Side,Horror|Thriller
1816,90,8,2,0.266306016594324,0.3785105486341246,0.52759254,-1.0441316274063897,Poltergeist III,Horror|Thriller
1817,649,480,273,0.7285877572578046,0.5527426638127909,0.52687377,1.3300746881810168,The Exorcist,Horror
1818,89,7,1,0.2610276426129882,0.3676072249259513,0.50233287,-1.2984722233050987,Exorcist II: The Heretic,Horror
1819,110,32,12,0.38301776452003355,0.38967819293633205,0.5182143,-0.6302334358829353,The Exorcist III,Horror
1820,1380,991,341,0.7134845051211226,0.34673737927068127,0.55523974,0.7763273278429644,Lethal Weapon,Action|Comedy|Crime|Drama
1821,864,508,110,0.5878368077934414,0.2328917774565936,0.5441024,-0.18811968596483736,Lethal Weapon 2,Action|Comedy|Crime|Drama
1822,663,284,58,0.43938687562861906,0.2333940473676025,0.55153644,-0.6983566835573358,Lethal Weapon 3,Action|Comedy|Crime|Drama
1823,255,255,55,0.9320748928629685,0.24574954695337453,0.53066194,1.073303803743007,Gremlins,Comedy|Horror
1824,306,65,18,0.26483944472810494,0.3300314071372107,0.5101584,-1.3536819282133035,Gremlins 2: The New Batch,Comedy|Horror
1825,566,306,115,0.544290328446762,0.37908317927185176,0.52077097,-0.028274620784869198,The Goonies,Adventure|Children's|Fantasy
1826,784,448,111,0.5722815855194309,0.2629590598810828,0.52625185,-0.2819392755844029,The Mask of Zorro,Action|Adventure|Romance
1827,49,7,0,0.3664933568000542,0.3500633652768285,0.50877887,-0.904636592659879,Polish Wedding,Comedy
1828,12,3,0,0.5206910052129897,0.37648324190149485,0.55729395,0.155778674990515,"This World, Then the Fireworks",Crime|Drama|Film-Noir
1829,357,188,62,0.533864477452593,0.34434290680999674,0.51535094,-0.2311423960452194,Soylent Green,Sci-Fi|Thriller
1830,325,246,133,0.7340875795285478,0.5167351750702001,0.52760524,1.2316978134438812,Metropolis,Sci-Fi
1831,932,440,98,0.47788476814990366,0.24072165677710047,0.5436389,-0.5864755750978097,Back to the Future Part II,Comedy|Sci-Fi
1832,918,361,95,0.4031847544661213,0.2796924861819446,0.5466228,-0.7145180105264104,Back to the Future Part III,Comedy|Sci-Fi|Western
1833,515,255,57,0.5031554731384166,0.25230692400255483,0.5262635,-0.5841686585602802,The Poseidon Adventure,Action|Adventure
1834,133,50,13,0.4332395755366413,0.3295361182077923,0.51518065,-0.6701124888740115,Freaky Friday,Children's|Comedy
1835,313,150,35,0.49389212761213597,0.2747680591038961,0.5215044,-0.5786045959613348,The Absent Minded Professor,Children's|Comedy|Fantasy
1836,82,14,2,0.3279003206303437,0.3430251846996754,0.50888324,-1.0764035255867808,The Apple Dumpling Gang Rides Again,Children's|Comedy|Western
1837,124,35,9,0.36944162254715723,0.34063072730328503,0.47258317,-1.2072287637595212,Babes in Toyland,Children's|Fantasy|Musical
1838,463,279,117,0.6009412131056635,0.41627237635495207,0.4738472,-0.0460264283676009,Bambi,Animation|Children's
1839,517,476,350,0.8911513973954239,0.7033338627771468,0.48809123,2.1762192771145936,Seven Samurai (The Magnificent Seven) (Shichinin no samurai),Action|Drama
1840,647,474,196,0.7220700750691612,0.41212521339843367,0.55519474,1.0362211858057313,Dangerous Liaisons,Drama|Romance
1841,666,329,122,0.5003950311776612,0.37454778844532777,0.5187424,-0.22825647700490692,Dune,Fantasy|Sci-Fi
1842,209,116,47,0.5609376151475111,0.40333501096854957,0.54747957,0.3273513872185473,The Last Temptation of Christ,Drama
1843,644,300,92,0.47447095435620373,0.3198674623450835,0.5506687,-0.2698614520025204,The Godfather: Part III,Action|Crime|Drama
1844,126,53,14,0.4675161495636668,0.32964671670659446,0.55453664,-0.23251833677955352,The Rapture,Drama|Mystery
1845,176,74,21,0.457003727093829,0.33027106307080023,0.5278459,-0.4779893875486582,Lolita,Drama|Romance
1846,126,26,8,0.31410705865457594,0.36781068185235827,0.5542901,-0.6905245946814335,Disturbing Behavior,Horror|Thriller
1847,93,16,2,0.31666323302940813,0.3326304821330186,0.5421433,-0.8973437668061899,Mafia!,Comedy|Crime
1848,2245,1906,1176,0.8432604977443161,0.6114282269022389,0.53668,2.0503225002581598,Saving Private Ryan,Action|Drama|War
1849,62,42,10,0.6364539493143335,0.3255827371823829,0.500362,-0.019050490948345378,Billy's Hollywood Screen Kiss,Comedy|Romance
1850,25,7,3,0.48377123097607155,0.40269494422419694,0.4526281,-0.7076980409710746,"$1,000,000 Duck",Children's|Comedy
1851,37,10,3,0.4515269232552341,0.3825601970129871,0.49947438,-0.5375978487851418,The Barefoot Executive,Children's|Comedy
1852,66,66,23,0.8214038131310807,0.370289757075683,0.48906967,0.7584516678332295,The Black Cauldron,Animation|Children's
1853,232,54,9,0.2953292280964729,0.2784001136613387,0.52206016,-1.3237068384632777,The Black Hole,Sci-Fi
1854,39,13,4,0.47508811599107154,0.3802160606472893,0.52570623,-0.2515902590255603,Blackbeard's Ghost,Children's|Comedy
1855,72,9,1,0.3137937895344702,0.35514596306405466,0.5334316,-0.8977508339253498,Blank Check,Children's|Comedy
1856,40,25,6,0.6031426924800596,0.3460481576103897,0.5126192,0.019444457966080797,Candleshoe,Adventure|Children's|Comedy
1857,164,43,9,0.3377702912299316,0.3113291593632175,0.48809105,-1.3101877789952525,The Cat from Outer Space,Children's|Comedy|Sci-Fi
1858,1,0,0,0.5741733788863798,0.39907223641558454,0.49816748,0.0,Cheetah,Adventure|Children's
1859,96,32,1,0.4197454953644203,0.2555318514729174,0.47219613,-1.3129897443681529,The Computer Wore Tennis Shoes,Children's|Comedy
1860,117,27,6,0.3370230079233854,0.3370598937763536,0.53400266,-0.8670352528914964,Condorman,Action|Adventure|Children's|Comedy
1861,148,36,7,0.3297113248646735,0.31341409093929334,0.51536363,-1.1220531565032466,D2: The Mighty Ducks,Children's|Comedy
1862,131,56,12,0.47117592443759865,0.3014491681205587,0.51221794,-0.6451634027326351,Darby O'Gill and the Little People,Adventure|Children's|Fantasy
1863,40,5,1,0.3809204702578374,0.3809747603778041,0.5390471,-0.5067354895639522,The Devil and Max Devlin,Comedy
1864,41,22,4,0.5635477178374216,0.33268905306637814,0.5490626,0.10409191419436253,A Far Off Place,Adventure|Children's|Drama|Romance
1865,434,209,55,0.49231992215538295,0.28939618463621325,0.51275635,-0.6017326351699579,Flight of the Navigator,Adventure|Children's|Sci-Fi
1866,14,3,1,0.5044194113000838,0.39535116642979673,0.44541568,-0.7099983702259023,The Gnome-Mobile,Children's
1867,101,51,16,0.5316744524715586,0.3559763546611805,0.5000555,-0.3179023836900108,The Great Mouse Detective,Animation|Children's
1868,35,15,4,0.520974615567122,0.368517104935065,0.49775195,-0.33326418964730875,The Happiest Millionaire,Comedy|Musical
1869,82,22,2,0.3885063812364043,0.30491127528860035,0.5153935,-0.9257343111472734,Herbie Goes Bananas,Adventure|Children's|Comedy
1870,81,18,5,0.3609377276580562,0.36696487971734154,0.52550787,-0.7372790230375175,Herbie Goes to Monte Carlo,Adventure|Children's|Comedy
1871,137,48,14,0.41327723167489494,0.3464654267426452,0.5273074,-0.5936923090931032,Hocus Pocus,Children's|Comedy
1872,301,34,3,0.18029299807181015,0.27325728358070506,0.50602955,-1.907573058593594,"Honey, I Blew Up the Kid",Children's|Comedy|Sci-Fi
1873,841,215,30,0.274167050867795,0.1885041955501103,0.5151598,-1.7710014351038614,"Honey, I Shrunk the Kids",Adventure|Children's|Comedy|Fantasy|Sci-Fi
1874,34,6,1,0.4200338371810163,0.3741716396567719,0.5335401,-0.42304533407528994,Hot Lead and Cold Feet,Comedy|Western
1875,16,8,4,0.5648915503515964,0.41299330725481426,0.5175613,0.14373502168198682,In Search of the Castaways,Adventure|Children's
1876,75,36,2,0.5222627385856429,0.2552745560555724,0.5196267,-0.5520686464007493,The Incredible Journey,Adventure|Children's
1877,657,391,89,0.5944594658036851,0.2470603442648055,0.53435904,-0.18912492903284506,The Negotiator,Action|Thriller
1878,207,98,25,0.4952639779113049,0.30374062041067046,0.5465393,-0.2781919236224777,The Parent Trap,Children's|Drama
1879,127,42,17,0.40272792272997376,0.4016696937041221,0.5374247,-0.3637064471352809,BASEketball,Comedy
1880,5,2,1,0.5687789513310066,0.40295407347652357,0.47660124,-0.19436465204663475,Full Tilt Boogie,Documentary
1881,50,22,6,0.5128284232320537,0.3604668308441559,0.51884097,-0.22872058591069927,The Governess,Drama|Romance
1882,6,2,2,0.558622184342953,0.42218484270729284,0.52415985,0.2028733555657326,Seventh Heaven (Le Septième ciel),Drama|Romance
1883,631,497,249,0.7728088727213002,0.4916885042427408,0.48892108,0.9927925462789615,Roger & Me,Comedy|Documentary
1884,387,215,61,0.5589996391835362,0.305485327625582,0.5238131,-0.20402838669757814,The Purple Rose of Cairo,Comedy|Drama|Romance
1885,90,70,38,0.7091631594514668,0.48294676517316026,0.52426213,0.9926269298235774,Out of the Past,Film-Noir
1886,447,326,178,0.7148548135275762,0.5264723718637746,0.53862655,1.2773321272849136,Doctor Zhivago,Drama|Romance|War
1887,99,67,30,0.6461935726389622,0.42695394718614726,0.52803475,0.5856271711866179,Fanny and Alexander,Drama
1888,119,74,29,0.6111410788355347,0.3947871921030583,0.55263126,0.530320322999634,The Trip to Bountiful,Drama
1889,208,152,66,0.7026466756713386,0.42551292980583777,0.56643665,1.095526698157971,Tender Mercies,Drama
1890,128,89,30,0.6645103501303672,0.35937850230776425,0.5300159,0.4364119664628251,And the Band Played On,Drama
1891,240,70,20,0.34235462870070815,0.33294676517316024,0.5089583,-1.0553814626344944,The 'burbs,Comedy
1892,50,30,12,0.5928284232320536,0.39942014775974033,0.5513752,0.4663893783674854,Fandango,Comedy
1893,5,5,1,0.6233244058764612,0.3809747603778041,0.5450184,0.4699378452990026,"Night Porter, The (Il Portiere di notte)",Drama
1894,70,44,17,0.610690352693378,0.3931235300082897,0.5422194,0.44194250547198344,Mephisto,Drama|War
1895,547,366,151,0.6621153137742134,0.41094618226148855,0.52571076,0.5730376879481396,Blue Velvet,Drama|Mystery
1896,119,63,11,0.546052321439085,0.2739257683254799,0.5080979,-0.485475649115218,The Journey of Natty Gann,Adventure|Children's
1897,522,346,133,0.656088885180429,0.3862464944969172,0.52431846,0.45323774931819405,The Jungle Book,Animation|Children's|Comedy|Musical
1898,9,5,0,0.5810651241221249,0.36279294219598596,0.55028516,0.2854589314792898,Kidnapped,Children's|Drama
1899,693,470,152,0.6719822911483249,0.33068002273226776,0.5024566,0.15128681409784506,Lady and the Tramp,Animation|Children's|Comedy|Musical|Romance
1900,829,526,216,0.6317210947931802,0.40964168718885285,0.49979684,0.25059263437946594,The Little Mermaid,Animation|Children's|Comedy|Musical|Romance
1901,287,77,15,0.31537935407479334,0.27522528992739553,0.4970058,-1.4523823398855567,The Mighty Ducks,Children's|Comedy
1902,193,106,38,0.5567195157333554,0.37149751167166173,0.45536563,-0.514921041913908,The Muppet Christmas Carol,Children's|Musical
1903,70,29,11,0.48569035269337807,0.39181787114910416,0.49024618,-0.4459770663104259,Newsies,Children's|Musical
1904,438,254,80,0.5804976277114865,0.3287947757262475,0.48541245,-0.33874150023443833,101 Dalmatians,Animation|Children's
1905,20,10,4,0.5611834617600766,0.39922686367965377,0.5138219,0.0526081564488641,One Magic Christmas,Drama|Fantasy
1906,467,289,73,0.615634124416258,0.2741994448990538,0.51024,-0.20084643102225047,Peter Pan,Animation|Children's|Fantasy|Musical
1907,382,74,20,0.23908065352593832,0.322206546941768,0.5084323,-1.493144696603876,Popeye,Adventure|Comedy|Musical
1908,188,72,16,0.4255581610218713,0.29470173623589535,0.4897131,-1.0184763260577623,The Rescuers Down Under,Animation|Children's
1909,190,100,26,0.5386785096800223,0.3063574121385282,0.49328348,-0.5160975944771021,The Rescuers,Animation|Children's
1910,151,51,13,0.3994171259860963,0.32627338436415076,0.49234954,-0.988578356995438,Return from Witch Mountain,Children's|Sci-Fi
1911,127,18,5,0.26713470239099074,0.36696487971734154,0.51186985,-1.2031972701594644,The Return of Jafar,Animation|Children's|Musical
1912,217,63,19,0.3456286229333534,0.3447222285024711,0.51564956,-0.9499153904235071,Return to Oz,Adventure|Children's|Fantasy|Sci-Fi
1913,602,211,40,0.36853196675338246,0.22970732498382845,0.50576305,-1.3386034197629575,The Rocketeer,Action|Adventure|Sci-Fi
1914,92,27,3,0.39635804452961526,0.2980988548153146,0.49254534,-1.0967348462916793,The Shaggy D.A.,Children's|Comedy
1915,392,238,80,0.6047123129484284,0.34706115215548344,0.49930054,-0.07445141149033657,Sleeping Beauty,Animation|Children's|Musical
1916,168,89,21,0.5425818455192907,0.29463030086891534,0.5328646,-0.23447038278426816,Something Wicked This Way Comes,Children's|Horror
1917,60,21,8,0.45711674839277605,0.39371284254618627,0.5227999,-0.29621704824957545,Son of Flubber,Children's|Comedy
1918,182,116,37,0.6262191479448507,0.3430940471131279,0.4873774,-0.09830506365991626,Song of the South,Adventure|Animation|Children's|Musical
1919,963,456,93,0.4790551256892452,0.22322848185924749,0.5379176,-0.6872267142640719,Splash,Comedy|Fantasy|Romance
1920,12,8,4,0.6013361665033123,0.41299330725481426,0.525465,0.34498705269482016,Squanto: A Warrior's Tale,Adventure|Drama
1921,161,74,32,0.4894921437118737,0.4189807404901551,0.48804525,-0.3540599178339263,Steamboat Willie,Animation|Children's|Comedy|Musical
1922,26,12,1,0.5431952937263864,0.3379614809803101,0.51173407,-0.2456058734439279,Tall Tale,Adventure|Children's
1923,43,18,3,0.508417659389305,0.33755311501145924,0.5823685,0.16809616502526006,Tex,Drama
1924,803,350,116,0.44464577060164756,0.3398840295519481,0.5158185,-0.5854138339933439,Tron,Action|Adventure|Fantasy|Sci-Fi
1925,135,63,17,0.49882617472002894,0.32702311345822327,0.52738494,-0.33235379156724426,Swing Kids,Drama|War
1926,163,44,9,0.3440509029258467,0.30801714702956623,0.5294812,-0.9761354023038764,Halloween: H20,Horror|Thriller
1927,669,414,124,0.6165269017012592,0.3102448530620242,0.5475929,0.21798240627999754,L.A. Story,Comedy|Romance
1928,445,276,108,0.6167330147943543,0.3924957417815314,0.5165815,0.26383064267274436,The Jerk,Comedy
1929,304,117,28,0.4132283681446479,0.2871473761723307,0.5298898,-0.7800176829796109,Dead Men Don't Wear Plaid,Comedy|Crime|Thriller
1930,237,95,21,0.43304126245019287,0.2824387022122706,0.4925401,-1.010428905527787,The Man with Two Brains,Comedy
1931,262,137,37,0.5329578279589915,0.30456476909507607,0.54168266,-0.1683855487771509,Grand Canyon,Crime|Drama
1932,64,10,2,0.3445863361684681,0.36589353034632044,0.52493155,-0.8082324700348003,Graveyard Shift,Horror|Thriller
1933,200,125,36,0.6171313692928214,0.319734924690167,0.5580675,0.3346429827578348,The Outsiders,Drama
1934,902,538,204,0.5958853385747955,0.38087348949112115,0.4961442,-0.015307024038306749,Indiana Jones and the Temple of Doom,Action|Adventure
1935,346,161,53,0.4805122280889024,0.3457517147904229,0.5218024,-0.38089403097783664,The Lord of the Rings,Adventure|Animation|Children's|Sci-Fi
1936,228,148,55,0.6377080659108106,0.37855359505444053,0.5603081,0.6354727576456447,Nineteen Eighty-Four,Drama|Sci-Fi
1937,300,177,54,0.5893795494948725,0.32578683621488647,0.5252155,-0.005974965131882365,The Dead Zone,Horror|Thriller
1938,112,16,4,0.27952371804447756,0.3629335124360489,0.52193105,-1.0915225404514834,Maximum Overdrive,Horror
1939,195,58,10,0.3562564992783892,0.27734825759980763,0.5873626,-0.5863573071761723,Needful Things,Drama|Horror
1940,199,46,11,0.30234073222170826,0.3224334564664503,0.5257806,-1.1148390196796507,Cujo,Horror|Thriller
1941,181,42,6,0.308583733000889,0.28210447631281765,0.52860874,-1.2091016850481453,Children of the Corn,Horror|Thriller
1942,157,45,7,0.35885431074012253,0.2837222296924129,0.4660961,-1.4960621552816815,All Dogs Go to Heaven,Animation|Children's
1943,568,206,39,0.38071657333852,0.23028754617491887,0.51619565,-1.2087983972725982,The Addams Family,Comedy
1944,326,212,72,0.6417096870298015,0.35096798404877566,0.5340414,0.35093668371066267,Ever After: A Cinderella Story,Drama|Romance
1945,385,96,12,0.28800653407633414,0.21886035493684403,0.5303158,-1.494656524462649,Snake Eyes,Action|Crime|Mystery|Thriller
1946,3,2,1,0.5902423079850069,0.40295407347652357,0.54179823,0.0,"First Love, Last Rites",Drama|Romance
1947,17,9,1,0.571385706316498,0.35514596306405466,0.5274257,0.04418896124402856,Safe Men,Comedy
1948,6,4,1,0.5943364700572387,0.38802984853294864,0.44026604,-0.43035982825834906,The Saltmen of Tibet,Documentary
1949,251,171,56,0.6653915027349016,0.34368150145148973,0.53766775,0.4446586957826268,Atlantic City,Crime|Drama|Romance
1950,23,14,9,0.5929156482630872,0.4524001846996754,0.53076327,0.490802065477579,Autumn Sonata (Höstsonaten ),Drama
1951,234,182,87,0.7439536701521315,0.46100694750335874,0.50679314,0.9142060623780661,Who's Afraid of Virginia Woolf?,Drama
1952,447,191,51,0.443225034855544,0.2944133270571752,0.5245181,-0.6813598864852349,Adventures in Babysitting,Adventure|Comedy
1953,403,207,52,0.5215956784176718,0.2799751432715145,0.5346287,-0.35225234553876034,Weird Science,Comedy
1954,167,64,10,0.4298748494156929,0.2627509808840283,0.5244047,-0.8435366840769566,Doctor Dolittle,Adventure|Musical
1955,168,58,18,0.4003800106569053,0.35142233167388176,0.506254,-0.7894722261598169,The Nutty Professor,Comedy
1956,375,257,97,0.6736066878193068,0.38095639029569783,0.45952368,-0.001158038099446812,Charlotte's Web,Animation|Children's
1957,249,168,66,0.6598088372013557,0.3942826230310974,0.52445334,0.49649603967774586,Watership Down,Animation|Children's|Drama|Fantasy
1958,293,200,84,0.6684630971522022,0.4158144472831169,0.49253044,0.3566225722057702,The Secret of NIMH,Animation|Children's
1959,583,332,128,0.5707469862925836,0.38731311994968387,0.48106605,-0.20650456418014562,The Dark Crystal,Children's|Fantasy|Sci-Fi
1960,315,158,43,0.5131036775978229,0.3026615952922078,0.5052835,-0.5338961127316992,An American Tail,Animation|Children's|Comedy
1961,39,39,8,0.7672229474517456,0.3140855260761711,0.513456,0.5445451973562059,An American Tail: Fievel Goes West,Animation|Children's|Comedy
1962,295,125,31,0.447196644415088,0.29116349611873843,0.5246695,-0.6762380521501482,Legend,Adventure|Fantasy|Romance
1963,564,352,114,0.6209818278879566,0.33321793985268466,0.51655275,0.07385888257178672,Sixteen Candles,Comedy
1964,554,257,52,0.47397821576689636,0.23437658573543724,0.5353366,-0.6880047559512381,Pretty in Pink,Comedy|Drama|Romance
1965,268,92,16,0.3813925859220294,0.25319444944210723,0.5399615,-0.9419971299720652,St. Elmo's Fire,Drama|Romance
1966,180,31,4,0.262099314448719,0.29572360272566944,0.53954303,-1.2552356087995151,The Clan of the Cave Bear,Drama
1967,138,43,11,0.384483203846837,0.33283453570730354,0.5499207,-0.5759511590057356,House,Comedy|Horror
1968,87,9,2,0.27943680527887127,0.37209511560642755,0.54469305,-0.8832256775566832,House II: The Second Story,Comedy|Horror
1969,572,367,143,0.6371106789762144,0.3907760475318447,0.5265923,0.4138085757657367,The Gods Must Be Crazy,Comedy
1970,112,45,14,0.4585360637234899,0.35740644021872875,0.5275193,-0.38032054052372977,The Gods Must Be Crazy II,Comedy
1971,52,9,2,0.3753219835608369,0.37209511560642755,0.5079851,-0.8003346734295378,Air Bud: Golden Receiver,Children's|Comedy
1972,237,19,6,0.16823290008085492,0.3761393017504236,0.511163,-1.5563609874522968,The Avengers,Action|Adventure
1973,111,27,9,0.3495828715727041,0.37602093273739257,0.52334344,-0.7661872932620304,How Stella Got Her Groove Back,Drama|Romance
1974,199,87,16,0.46699936675986087,0.26243512277941045,0.52141595,-0.725370850937174,The Slums of Beverly Hills,Comedy
1975,7,4,3,0.5839095144421994,0.4250668855699857,0.52378166,0.3070019267022638,"Best Man, The (Il Testimone dello sposo)",Comedy|Drama
1976,12,6,3,0.5690781019871833,0.4098859253710576,0.50582856,0.05787671463816085,The Chambermaid on the Titanic,Romance
1977,18,5,1,0.5041594459294907,0.3809747603778041,0.50917727,-0.2657573689704539,"Henry: Portrait of a Serial Killer, Part 2",Crime|Horror
1978,187,101,36,0.5497166342751281,0.3705537206674121,0.5227705,-0.021568885623098152,Henry: Portrait of a Serial Killer,Crime|Horror
1979,580,399,171,0.6798140354336594,0.42528644058080006,0.51765203,0.6282206342237877,Rosemary's Baby,Horror|Thriller
1980,315,315,114,0.9432406638991928,0.36699619676925815,0.518098,1.4400400474951225,The NeverEnding Story,Adventure|Children's|Fantasy
1981,140,24,8,0.28043601222739667,0.37775151109161115,0.5066269,-1.155374276438396,The NeverEnding Story II: The Next Chapter,Adventure|Children's|Fantasy
1982,171,43,9,0.3270716847203862,0.3113291593632175,0.53512263,-0.9859702382260181,Attack of the Killer Tomatoes!,Comedy|Horror
1983,12,0,0,0.4723039084387962,0.39907223641558454,0.5273397,-0.18404328987337357,Surf Nazis Must Die,Drama
1984,72,34,14,0.5187118223213555,0.40420966453308604,0.5699793,0.3430848005686008,Your Friends and Neighbors,Drama
1985,108,58,21,0.5524230526785149,0.37920010945165955,0.56874263,0.3759214679234344,Return to Paradise,Drama|Romance
1986,662,350,118,0.532700621240457,0.3448840295519481,0.5224629,-0.1784920791042489,Blade,Action|Adventure|Horror
1987,63,22,5,0.45383046303721564,0.34657794195526703,0.54081357,-0.33276879062099496,Dance with Me,Drama|Romance
1988,94,26,8,0.3839086272444817,0.36781068185235827,0.49717838,-0.8662058258749292,Dead Man on Campus,Comedy
1989,98,27,8,0.380289475156793,0.3630339197503796,0.5388754,-0.5728547081804534,Wrongfully Accused,Action|Comedy
1990,166,111,33,0.6494576033481729,0.328904421247076,0.54779255,0.41077678114444005,"Next Stop, Wonderland",Comedy|Drama|Romance
1991,3,1,0,0.571374383456705,0.39124729060351426,0.5168706,0.0,"Strike! (a.k.a. All I Wanna Do, The Hairy Bird)",Comedy
1992,100,55,21,0.5618856154880357,0.3900343982931355,0.5118555,0.008076663411085122,The Navigator: A Mediaeval Odyssey,Adventure|Fantasy|Sci-Fi
1993,1239,702,194,0.5673257116549305,0.2845127816765681,0.53820133,-0.13322921368188673,Beetlejuice,Comedy|Fantasy
1994,8,8,4,0.6428076262621615,0.41299330725481426,0.5725592,0.8699087391719733,Déjà Vu,Drama|Romance
1995,135,88,36,0.6339613098551641,0.4054609552230379,0.53041416,0.48245080475248286,Rope,Thriller
1996,62,29,3,0.520382520742905,0.290552048364294,0.5782943,0.01899223333644151,Family Plot,Comedy|Thriller
1997,75,49,6,0.6262627385856429,0.26215769515938614,0.5613223,0.1948225276417735,Frenzy,Thriller
1998,28,11,2,0.5164466964513509,0.35989527575047914,0.54721653,0.0035611870283726865,Topaz,Thriller
1999,45,22,5,0.5398193928758459,0.34657794195526703,0.5353824,-0.044942714294059515,Torn Curtain,Thriller
2000,96,53,13,0.5635811118027765,0.3199379788425168,0.54271036,0.01056074437292133,Marnie,Thriller
2001,83,48,11,0.5810740024301154,0.31585318184468597,0.55438185,0.15414381108156294,The Wrong Man,Drama|Film-Noir|Thriller
2002,127,93,32,0.6908635159503128,0.3633119707746799,0.49702007,0.2949569851343878,The Man Who Knew Too Much,Thriller
2003,115,63,21,0.5592899534739718,0.36242134354671884,0.52947325,0.03896023743062628,The Trouble with Harry,Mystery|Thriller
2004,12,8,2,0.6013361665033123,0.3785105486341246,0.52280307,0.20444772185976695,I Confess,Thriller
2005,396,346,191,0.8414413505004605,0.5327111409615637,0.50392044,1.5152825770507257,Strangers on a Train,Film-Noir|Thriller
2006,21,13,4,0.5955329904676812,0.3802160606472893,0.5524942,0.4187048961090327,Stage Fright,Mystery|Thriller
2007,196,43,9,0.2938326923707535,0.3113291593632175,0.5874749,-0.7069344707921843,54,Drama
2008,15,10,4,0.6043514203570056,0.39922686367965377,0.48700854,0.010028704928280785,I Married A Strange Person,Animation
2009,40,9,3,0.4253649147022818,0.38904426814880044,0.49664104,-0.6374685754357388,Why Do Fools Fall In Love?,Drama
2010,7,1,0,0.5312779354948309,0.39124729060351426,0.54457283,0.14893008291185786,A Merry War,Comedy
2011,6,3,3,0.5764793272000958,0.4330870154864005,0.53985417,0.43119419631178796,See the Sea (Regarde la mer),Drama
2012,666,344,101,0.5213447518480522,0.30698886248928736,0.50740737,-0.47073112704976067,Willow,Action|Adventure|Fantasy
2013,909,685,253,0.7448204820888482,0.3713654582595635,0.5681839,1.0827301622799745,The Untouchables,Action|Crime|Drama
2014,100,35,14,0.42855228215470237,0.39945425671504975,0.5202742,-0.4055000595218698,Dirty Work,Comedy
2015,23,3,1,0.4422307167562379,0.39535116642979673,0.51441276,-0.41279147542039535,Knock Off,Action
2016,7,5,4,0.6014533740913222,0.43552021492325865,0.5636556,0.7203543853593604,Firelight,Drama
2017,2,1,1,0.582362352369334,0.41085513374076915,0.48738465,0.0,Modulations,Documentary
2018,6,0,0,0.5229078986286673,0.39907223641558454,0.5722742,0.35915395636387615,Under Capricorn,Drama
2019,14,6,2,0.5512944113000838,0.39202878251391476,0.5574927,0.3288093313280314,The Paradine Case,Drama
2020,165,117,49,0.6803853131311877,0.4128958791663427,0.5363517,0.7325755506350953,Lifeboat,Drama|Thriller|War
2021,187,159,93,0.7944423726717526,0.5404479034487044,0.5276177,1.5458514209581653,Shadow of a Doubt,Film-Noir|Thriller
2022,70,51,13,0.6690236860267114,0.32627338436415076,0.54120016,0.42552106889601654,Saboteur,Thriller
2023,29,17,6,0.5858587635848781,0.3873673406086452,0.5085129,0.06484931941554023,Mr. & Mrs. Smith,Comedy
2024,142,108,46,0.7150148037666946,0.41742792291632425,0.56358856,1.0927688412828345,Suspicion,Mystery|Thriller
2025,3,0,0,0.5525064589284031,0.39907223641558454,0.5384307,0.0,Jamaica Inn,Drama
2026,160,128,71,0.7489659158247874,0.5109753473077485,0.53582007,1.3325776860570155,The Lady Vanishes,Comedy|Mystery|Romance|Thriller
2027,7,3,2,0.5663656547930765,0.4142190909580986,0.5417626,0.3416154583154467,Young and Innocent,Crime|Thriller
2028,34,22,3,0.6105100276572067,0.31880016417748924,0.5417494,0.17924590270216875,Sabotage,Thriller
2029,12,8,3,0.6013361665033123,0.3957519279444694,0.540608,0.40266435507909604,Secret Agent,Thriller
2030,98,65,28,0.6370462319135497,0.4169879288763411,0.49702007,0.27499944610354793,The Man Who Knew Too Much,Thriller
2031,1,0,0,0.5741733788863798,0.39907223641558454,0.50300175,0.0,Waltzes from Vienna,Comedy|Musical
2032,0,0,0,0.5856568464641073,0.39907223641558454,0.556649,0.0,Number Seventeen,Thriller
2033,11,6,1,0.578407251200088,0.3741716396567719,0.55514,0.35251773872356884,Rich and Strange,Comedy|Romance
2034,1,0,0,0.5741733788863798,0.39907223641558454,0.51480556,0.0,Elstree Calling,Comedy|Musical
2035,0,0,0,0.5856568464641073,0.39907223641558454,0.5308727,0.0,Juno and Paycock,Drama
2036,9,4,1,0.5641159715797519,0.38802984853294864,0.5623397,0.4017604406651357,Murder!,Mystery|Thriller
2037,8,5,1,0.591083488331127,0.3809747603778041,0.53931504,0.30190816024883327,Blackmail,Thriller
2038,2,1,0,0.582362352369334,0.39124729060351426,0.5063993,0.0,The Farmer's Wife,Comedy
2039,0,0,0,0.5856568464641073,0.39907223641558454,0.5674157,0.0,The Ring,Drama
2040,14,10,3,0.6137944113000838,0.3825601970129871,0.5256953,0.28879991135282485,The Lodger,Thriller
2041,255,145,33,0.5714191551580503,0.27155698369630377,0.5621322,0.023307022423464885,Rounders,Crime|Drama
2042,183,103,33,0.5677375207004521,0.34610203804430867,0.52651715,-0.008305881760544247,Cube,Sci-Fi|Thriller
2043,4,0,0,0.5422748578371364,0.39907223641558454,0.5226202,0.0,Digging to China,Drama
2044,7,0,0,0.5137340758457082,0.39907223641558454,0.5369327,0.04946254313129268,Let's Talk About Sex,Drama
2045,1,0,0,0.5741733788863798,0.39907223641558454,0.55649567,0.0,One Man's Hero,Drama|War
2046,153,93,25,0.602378533611849,0.31436092182363096,0.547654,0.1784661625350296,Simon Birch,Drama
2047,37,20,4,0.5664694519908663,0.34219445458256037,0.5870119,0.4430841882304949,Without Limits,Drama
2048,64,45,20,0.6516038800281172,0.42056433495557083,0.5140164,0.4753046821910485,Seven Beauties (Pasqualino Settebellezze),Comedy|Drama
2049,73,49,23,0.6364458725463851,0.43387486687655785,0.52373904,0.5389120558779544,Swept Away (Travolti da un insolito destino nell'azzurro mare d'Agosto),Comedy|Drama
2050,187,102,23,0.5539360435578286,0.2825895514524949,0.5328199,-0.2330966933719234,My Bodyguard,Drama
2051,96,21,5,0.34440302961099567,0.3514593214194257,0.5492313,-0.6703835567429524,Class,Comedy
2052,3,1,0,0.571374383456705,0.39124729060351426,0.52991754,0.0,"Grandview, U.S.A.",Drama
2053,650,402,119,0.6161183461760077,0.3074194951787151,0.5526043,0.24551523302975398,Broadcast News,Comedy|Drama|Romance
2054,7,1,0,0.5312779354948309,0.39124729060351426,0.5440841,0.14513408260802743,The Allnighter,Comedy|Romance
2055,405,200,31,0.5039183347762756,0.20381444728311693,0.5263191,-0.7493730352624098,Working Girl,Comedy|Drama
2056,12,2,0,0.5045619729549252,0.38372330424575435,0.527475,-0.11254677483320286,Stars and Bars,Comedy
2057,302,113,8,0.4042126202363789,0.17149455104772532,0.526729,-1.2411864036978553,Married to the Mob,Comedy
2058,720,541,223,0.7406270679522148,0.41108902169336586,0.55626017,1.112112065949983,Say Anything...,Comedy|Drama|Romance
2059,182,70,16,0.42794328587588515,0.2996134318398269,0.5084412,-0.8467950620659969,My Blue Heaven,Comedy
2060,48,18,2,0.48247798288985067,0.32284723265851806,0.55189735,-0.2192318619399881,Men Don't Leave,Drama
2061,2,1,0,0.582362352369334,0.39124729060351426,0.530407,0.0,The Cabinet of Dr. Ramirez,Comedy
2062,154,48,7,0.37883746236865373,0.27503685531407374,0.59256256,-0.467344606190937,Hero,Comedy|Drama
2063,351,87,20,0.28998215043193354,0.2916322030713812,0.5210232,-1.3062854964821815,Toys,Action|Comedy|Fantasy
2064,1,0,0,0.5741733788863798,0.39907223641558454,0.5917697,0.0,Choices,Drama
2065,67,12,1,0.3528448061812424,0.3379614809803101,0.521215,-0.9024972171931478,Young Doctors in Love,Comedy
2066,21,4,0,0.4687724270873995,0.3695113300144301,0.5130448,-0.4113759202467422,Parasite,Horror|Sci-Fi
2067,15,5,1,0.5274283434339287,0.3809747603778041,0.5492258,0.13458586343879092,No Small Affair,Comedy|Romance
2068,2,1,0,0.582362352369334,0.39124729060351426,0.49557504,0.0,Master Ninja I,Action
2069,158,35,6,0.30905212655387193,0.30533660965622617,0.52723795,-1.1371935965315918,Blame It on Rio,Comedy|Romance
2070,41,15,3,0.48662464091434465,0.3531324895504496,0.55177283,-0.09901074639531193,Wisdom,Action|Crime
2071,129,60,17,0.498786828621259,0.33594192564344755,0.53558236,-0.23783590829525225,One Crazy Summer,Comedy
2072,99,99,14,0.8609586733101031,0.2278765894012029,0.54805887,0.8733617215145228,About Last Night...,Comedy|Drama|Romance
2073,140,56,9,0.4488570648589756,0.2731472813281059,0.5323025,-0.6732091855488076,The Seventh Sign,Thriller
2074,65,8,3,0.32419862889743795,0.3957519279444694,0.55126864,-0.5781357351269436,We're No Angels,Drama
2075,61,7,0,0.3268724533622105,0.3500633652768285,0.573489,-0.5541142080560149,Nothing But Trouble,Adventure|Comedy
2076,165,40,6,0.3222457782474668,0.28837346467532476,0.5405035,-1.0424958543556042,The Butcher's Wife,Comedy|Romance
2077,58,14,2,0.40076705854819783,0.3430251846996754,0.5542037,-0.4447689433463373,Mortal Thoughts,Mystery|Thriller
2078,807,577,216,0.7074478906921883,0.3763215499533959,0.5549835,0.8540070169568572,A Few Good Men,Crime|Drama
2079,160,37,1,0.3156325824914541,0.24084611288251984,0.5566702,-1.1075245089447776,Indecent Proposal,Drama
2080,50,20,5,0.49282842323205367,0.35648016886827466,0.571989,0.09344629235733465,Permanent Midnight,Drama
2081,80,43,6,0.5560218640246566,0.2790710948470885,0.57213557,0.06802760565748303,One True Thing,Drama
2082,482,267,62,0.5569226359458748,0.25852874391413005,0.56498957,-0.05542268551614754,Rush Hour,Action|Thriller
2083,57,31,15,0.5633910497495829,0.43152607186147196,0.49470624,0.02489111984250242,Six-String Samurai,Action|Adventure|Sci-Fi
2084,54,40,10,0.6661811761846669,0.33281790911976916,0.47744113,-0.057830982469963876,A Soldier's Daughter Never Cries,Drama
2085,1,0,0,0.5741733788863798,0.39907223641558454,0.57436347,0.0,Somewhere in the City,Drama
2086,669,359,107,0.5400317695733038,0.3104000289016607,0.5320176,-0.19601832202522218,Ronin,Action|Crime|Thriller
2087,180,46,13,0.32731670575306676,0.34326678979978364,0.5526584,-0.7378184166568258,Urban Legend,Horror|Thriller
2088,91,45,8,0.5268286689589032,0.2942485454818866,0.50889736,-0.4823991571235466,Clay Pigeons,Crime
2089,9,6,1,0.5980142766644977,0.3741716396567719,0.49745244,-0.020272246575683828,Monument Ave.,Crime
2090,257,135,46,0.5351232648964344,0.3565060098420499,0.547205,0.06336686113944201,Pecker,Comedy|Drama
2091,46,13,4,0.4404462742000559,0.3802160606472893,0.55623657,-0.1474209595449926,The Sheltering Sky,Drama
2092,35,20,8,0.5797981449788866,0.39933731172541753,0.55582,0.45061480260660414,Bandit Queen,Drama
2093,39,28,9,0.6436274418337682,0.3712001515484516,0.58186346,0.8000413256999133,If....,Drama
2094,33,7,0,0.43714267859283573,0.3500633652768285,0.53056324,-0.4643079328949481,The Fiendish Plot of Dr. Fu Manchu,Comedy
2095,235,111,39,0.49222049937966794,0.3661715019924176,0.54448444,-0.08881649536883487,Them!,Sci-Fi|Thriller|War
2096,647,417,176,0.6402910219845127,0.4196008818432103,0.5564746,0.7582963528841165,The Thing,Action|Horror|Sci-Fi|Thriller
2097,829,609,245,0.726146578297162,0.402054039181759,0.5692568,1.1260723432232531,The Player,Comedy|Drama
2098,104,42,14,0.4628755995013335,0.36906099805194814,0.5374553,-0.24598460230747463,Stardust Memories,Comedy|Drama
2099,1246,716,205,0.5750639215456832,0.293673122481435,0.53592515,-0.0893676659816335,Edward Scissorhands,Drama|Romance
2100,13,3,0,0.5124260686223073,0.37648324190149485,0.5169576,-0.18921788983170257,Overnight Delivery,Romance
2101,17,6,2,0.5266095869135129,0.39202878251391476,0.53821987,0.08438938596898077,Shadrach,Drama
2102,518,259,65,0.507540215357756,0.27493078259151854,0.4791473,-0.8546321806100228,Antz,Animation|Children's
2103,60,39,15,0.6207531120291396,0.3927372114694295,0.49936473,0.1463823626949048,The Impostors,Comedy
2104,105,21,7,0.3244054343432604,0.37962833550393277,0.52332103,-0.8504475816425502,A Night at the Roxbury,Comedy
2105,269,106,34,0.4240841452138099,0.34585648603063607,0.5682675,-0.23621235558407322,What Dreams May Come,Drama|Romance
2106,8,0,0,0.5048765917794028,0.39907223641558454,0.5351565,0.0016741054502603242,Strangeland,Thriller
2107,0,0,0,0.5856568464641073,0.39907223641558454,0.5560728,0.0,The Battle of the Sexes,Comedy
2108,536,429,222,0.7820526319508624,0.5051223628826289,0.50174767,1.174584765288219,The Producers,Comedy|Musical
2109,310,172,68,0.5591190064533482,0.3961874406341407,0.5168539,0.057668530505322196,History of the World: Part I,Comedy
2110,883,584,183,0.6573235180313026,0.3201161069728379,0.5085828,0.1058879820289218,My Cousin Vinny,Comedy
2111,272,183,100,0.659263485475793,0.5148223683295245,0.5252535,0.9196238811612807,Nashville,Drama|Musical
2112,6,4,0,0.5943364700572387,0.3695113300144301,0.570763,0.5187889575900426,Love Is the Devil,Drama
2113,20,13,4,0.6040406046172195,0.3802160606472893,0.5761599,0.6351577185123611,Slam,Drama
2114,73,18,2,0.38441335222118184,0.32284723265851806,0.5365042,-0.7151366258012049,Holy Man,Comedy
2115,31,7,1,0.447936324977844,0.3676072249259513,0.54825,-0.22453356010882822,One Tough Cop,Action|Drama
2116,1,0,0,0.5741733788863798,0.39907223641558454,0.5285775,0.0,Detroit 9000,Action|Crime
2117,2,2,1,0.6015931216001031,0.40295407347652357,0.52439964,0.0,"Inheritors, The (Die Siebtelbauern)",Drama
2118,104,71,20,0.6511872878130218,0.3301951390147044,0.57328916,0.61992412479137,The Mighty,Drama
2119,394,194,44,0.5028892845117238,0.2621049664786034,0.5092088,-0.6835886671651937,2010,Mystery|Sci-Fi
2120,249,167,50,0.6564643555960046,0.3223668747501347,0.5516167,0.44464312129007355,Children of a Lesser God,Drama
2121,363,270,110,0.7246557925501341,0.4061050369399351,0.5468104,0.9600999234256749,The Elephant Man,Drama
2122,79,35,14,0.4983166071566307,0.39945425671504975,0.55134404,0.10354876202754676,Beloved,Drama
2123,112,26,10,0.34125211310620596,0.39412647132604245,0.5357736,-0.6386824874117419,Bride of Chucky,Horror|Thriller
2124,176,61,10,0.3994816032000237,0.2698523587457588,0.563463,-0.632143883460919,Practical Magic,Drama|Romance
2125,6,2,0,0.558622184342953,0.38372330424575435,0.532439,0.13347876435648492,The Alarmist,Comedy
2126,249,176,92,0.6865646900441651,0.49536996380875764,0.54897976,1.141055245479993,Happiness,Comedy
2127,145,53,9,0.4219632939651557,0.2811030273862061,0.57917356,-0.38473719073377,Apt Pupil,Drama|Thriller
2128,924,575,170,0.6204135958143793,0.3039257789132468,0.51766163,-0.021531640483127765,Pleasantville,Comedy
2129,238,77,17,0.3690376469555742,0.2909733214234585,0.5293306,-0.9406565237962932,Soldier,Action|Adventure|Sci-Fi|Thriller|War
2130,24,14,9,0.5849032746379104,0.4524001846996754,0.4941847,0.17596024154888684,The Cruise,Documentary
2131,920,785,508,0.8394668477558819,0.6322797746356638,0.53847414,2.1221795696219763,Life Is Beautiful (La Vita è bella),Comedy|Drama
2132,85,40,15,0.5132062394311508,0.3883734646753248,0.527268,-0.06481523318573651,Orgazmo,Comedy
2133,11,3,2,0.5292269233312354,0.4142190909580986,0.5628385,0.36277320795508405,Shattered Image,Drama|Thriller
2134,76,19,4,0.3831971612952807,0.34715379450404676,0.5219574,-0.7482920478461911,Tales from the Darkside: The Movie,Horror
2135,148,44,13,0.3701153652687139,0.350570338518928,0.54045004,-0.6429957385286235,Vampires,Horror
2136,480,396,218,0.8024204572135951,0.5335282776250655,0.55346787,1.7531850754536265,American History X,Drama
2137,68,54,31,0.705786799349198,0.4899385751998003,0.4899178,0.7372338916459195,Hands on a Hard Body,Documentary
2138,136,57,11,0.46388624904949116,0.2892860917829834,0.5616262,-0.331684227019878,Living Out Loud,Comedy|Romance
2139,6,3,2,0.5764793272000958,0.4142190909580986,0.55575323,0.4890897157601938,Belly,Crime|Drama
2140,472,317,116,0.6633770925731904,0.3704458087759652,0.58479816,0.8960069638545506,Gods and Monsters,Drama
2141,308,113,16,0.39743810704805965,0.22057430564895233,0.5445097,-0.9584840040575586,The Siege,Action|Thriller
2142,321,116,38,0.39159795774448886,0.34911814349867004,0.5149684,-0.7635042122938922,The Waterboy,Comedy
2143,753,577,249,0.7550222195805796,0.42895312890076426,0.5475425,1.1617481278112798,Elizabeth,Drama
2144,93,46,14,0.5264534428196179,0.35368345646645033,0.54886806,0.03319900109360943,Velvet Goldmine,Drama
2145,231,37,10,0.235882001150197,0.3442943887445888,0.52862227,-1.27183356514056,I Still Know What You Did Last Summer,Horror|Mystery|Thriller
2146,13,3,0,0.5124260686223073,0.37648324190149485,0.5117587,-0.22959575989280032,I'll Be Home For Christmas,Comedy|Romance
2147,259,123,27,0.4928247324375578,0.2714081608137528,0.47359428,-0.9664802553714411,Meet Joe Black,Romance
2148,31,14,3,0.5343560780642638,0.3586501846996754,0.5132239,-0.19604242021715357,Dancing at Lughnasa,Drama
2149,9,6,4,0.5980142766644977,0.42774306822820046,0.50636125,0.23513798317233653,Hard Core Logo,Comedy
2150,1,0,0,0.5741733788863798,0.39907223641558454,0.54705983,0.0,The Naked Man,Drama
2151,174,85,24,0.5101912603714525,0.32558230978354985,0.53694594,-0.21948855803383271,Runaway Train,Action|Adventure|Drama|Thriller
2152,37,12,2,0.47451542900236054,0.3540905132383746,0.55990857,-0.07896605677084048,Desert Bloom,Drama
2153,233,98,23,0.4497626937215737,0.290227106897157,0.52264434,-0.6853739134694435,The Stepford Wives,Sci-Fi|Thriller
2154,71,51,10,0.6634945646545898,0.29657041406712104,0.50599706,0.027642128266639893,The Pope of Greenwich Village,Action
2155,230,125,28,0.5510101511543049,0.2740206389758813,0.5340061,-0.26489923636288326,Sid and Nancy,Drama
2156,135,82,14,0.6015288774227316,0.25722433197560024,0.53416723,-0.12815277771090058,Mona Lisa,Comedy|Thriller
2157,16,4,1,0.5042854897455359,0.38802984853294864,0.54436535,0.03254303001695645,Heart Condition,Comedy
2158,91,73,50,0.7254102292425912,0.568728551388449,0.5409929,1.4831064118040118,Nights of Cabiria (Le Notti di Cabiria),Drama
2159,692,475,198,0.6796264721337,0.41514973680148426,0.5727613,1.0202776776515003,The Big Chill,Comedy|Drama
2160,812,510,140,0.6256181465466419,0.2856314496799629,0.53839666,0.09589085768820804,Enemy of the State,Action|Thriller
2161,119,37,9,0.3922061675929311,0.3328001358710256,0.52600425,-0.7321814443163668,The Rugrats Movie,Animation|Children's|Comedy
2162,1408,981,322,0.6929237601668076,0.33167178644110495,0.51660585,0.3449952500756904,A Bug's Life,Animation|Children's|Comedy
2163,72,18,4,0.3875642813377489,0.35225899736440036,0.5123551,-0.788363328509001,Celebrity,Comedy
2164,160,140,65,0.8061087729676446,0.4471242727409433,0.50650823,1.1022745135994159,Central Station (Central do Brasil),Drama
2165,3,2,1,0.5902423079850069,0.40295407347652357,0.5560312,0.0,Savior,Drama
2166,554,391,160,0.695832520402658,0.4080580766911094,0.5253078,0.6892682988123007,Waking Ned Devine,Comedy
2167,93,80,49,0.7642156805818556,0.5304123986213787,0.5562176,1.617088079212924,"Celebration, The (Festen)",Drama
2168,130,62,22,0.5071269017955853,0.37458581982838596,0.48628867,-0.45434453938078945,Pink Flamingos,Comedy
2169,45,18,6,0.4977141297179512,0.3816707620702827,0.5537164,0.057845043904865306,Glen or Glenda,Drama
2170,267,128,49,0.4961603858776194,0.38737984168977097,0.48252645,-0.4811783890389025,Godzilla (Gojira),Action|Sci-Fi
2171,98,25,9,0.36677596164327947,0.3860481576103897,0.48252645,-0.9823584646540053,Godzilla (Gojira),Action|Sci-Fi
2172,111,30,7,0.36821641194537497,0.33692014775974033,0.46250668,-1.3030894966958835,King Kong vs. Godzilla (Kingukongu tai Gojira),Action|Sci-Fi
2173,633,367,159,0.5802091395654544,0.4291453520881996,0.5096277,0.19704927565313546,King Kong,Action|Adventure|Horror
2174,251,51,14,0.26672040638938654,0.3361743744631607,0.5096277,-1.3292316022573591,King Kong,Action|Adventure|Horror
2175,46,1,1,0.3154462742000559,0.41085513374076915,0.51698494,-0.8254940421632658,King Kong Lives,Action|Adventure|Horror
2176,697,204,39,0.3122929616107167,0.23210083394007572,0.54383034,-1.2504629466795678,Desperately Seeking Susan,Comedy|Romance
2177,122,66,14,0.5539700135070079,0.2927035501791313,0.5506339,-0.05945470978032971,The Emerald Forest,Action|Adventure|Drama
2178,478,271,101,0.5687175044000102,0.3768025290366954,0.5323888,0.14777555273238843,Fletch,Comedy
2179,200,68,13,0.38913136929282144,0.2792678967862647,0.49676868,-1.1571262257029484,Fletch Lives,Comedy
2180,157,29,6,0.28155962474978435,0.3285267319085978,0.51222235,-1.2787138990663367,Red Sonja,Action|Adventure
2181,197,53,6,0.3331289162882808,0.2519768137939731,0.5421865,-1.1141752576463928,Gung Ho,Comedy|Drama
2182,327,96,13,0.3323152316265394,0.2257096700053372,0.50292546,-1.513530611358427,The Money Pit,Comedy
2183,268,109,22,0.4348517054188848,0.2638591938413788,0.5667265,-0.49188676493402395,A View to a Kill,Action
2184,160,47,9,0.3632516301105017,0.2984908435131879,0.50233406,-1.1464026035008186,Lifeforce,Horror|Sci-Fi
2185,330,115,24,0.3796916903242246,0.26638552618654077,0.53569317,-0.9358221656429679,Police Academy,Comedy
2186,173,28,4,0.25687373239105543,0.3070975874458875,0.52372175,-1.3586313021405276,Police Academy 2: Their First Assignment,Comedy
2187,157,11,1,0.19460310301065395,0.3435018331275283,0.5279149,-1.438502563112401,Police Academy 3: Back in Training,Comedy
2188,141,10,2,0.20566933153510664,0.36589353034632044,0.5195782,-1.3829449105936478,Police Academy 4: Citizens on Patrol,Comedy
2189,116,9,2,0.2306195320675022,0.37209511560642755,0.50265366,-1.3970805847405354,Police Academy 5: Assignment: Miami Beach,Comedy
2190,119,6,2,0.20877421493020926,0.39202878251391476,0.53676987,-1.1466595603650482,Police Academy 6: City Under Siege,Comedy
2191,409,198,75,0.49516959111809444,0.3828774670192711,0.50852597,-0.29870302886858713,Babe: Pig in the City,Children's|Comedy
2192,116,17,2,0.2788123031518395,0.32766584807133176,0.51019377,-1.3080053177364697,Home Fries,Comedy|Romance
2193,48,4,1,0.3396208400327078,0.38802984853294864,0.5338845,-0.6808069039338631,Jerry Springer: Ringmaster,Drama
2194,157,53,18,0.39750165373529156,0.3684816681629051,0.56425154,-0.29077409158072126,Very Bad Things,Comedy|Crime
2195,10,5,2,0.5713807053867561,0.3991565785596223,0.5130531,0.08552794960933585,Steam: The Turkish Bath (Hamam),Drama|Romance
2196,217,57,15,0.32315671282099384,0.32666926935307694,0.55357915,-0.804326726766142,Psycho,Crime|Horror|Thriller
2197,264,160,51,0.6028115997554311,0.33787434200371064,0.522146,0.06375189960178634,Little Voice,Comedy
2198,591,391,121,0.6556674607226293,0.3196227025414495,0.56117976,0.506318273475222,A Simple Plan,Crime|Thriller
2199,164,21,2,0.2349665529121746,0.30920580029266514,0.5416244,-1.2963349353948994,Jack Frost,Comedy|Drama
2200,673,313,80,0.4734202521759411,0.2753543025365819,0.5110159,-0.7365939604791228,Star Trek: Insurrection,Action|Sci-Fi
2201,455,240,80,0.5332333511350602,0.34466762696820424,0.49376887,-0.40005557532687286,The Prince of Egypt,Animation|Musical
2202,1004,671,330,0.6644049737411816,0.4853725545364483,0.530107,0.8746814656570097,Rushmore,Comedy
2203,1995,1572,831,0.7830233947790736,0.5246323130830944,0.5377345,1.5256248717387306,Shakespeare in Love,Comedy|Romance
2204,21,10,0,0.5532794693409206,0.3325601970129871,0.5678758,0.21035155195906274,Mass Appeal,Drama
2205,278,190,89,0.6685452509853822,0.4539733825865801,0.5402742,0.8603894751542025,Miracle on 34th Street,Drama
2206,175,42,10,0.31681263254757935,0.3255827371823829,0.51031,-1.1685061691121494,Santa Claus: The Movie,Adventure|Children's|Fantasy
2207,31,7,2,0.447936324977844,0.38515108457507413,0.53984356,-0.22883942054411546,Prancer,Children's|Drama
2208,267,183,45,0.6696619631646856,0.27877086618360186,0.5257499,0.14285163317278604,Pale Rider,Western
2209,329,89,16,0.31209193225120146,0.2586590778473326,0.5235578,-1.3163650269929668,Rambo: First Blood Part II,Action|War
2210,323,181,67,0.5637609713758857,0.3764225619947153,0.5386551,0.1761005564983159,First Blood,Action
2211,244,39,7,0.2322545657251883,0.3028495710199913,0.508641,-1.5850076253956664,Rambo III,Action|War
2212,558,211,32,0.3952020432947457,0.1990559839876599,0.54407626,-1.0452314905455173,The Jewel of the Nile,Action|Adventure|Comedy|Romance
2213,1124,670,196,0.5956412626262397,0.2999355719733045,0.55184895,0.13504693429698708,Romancing the Stone,Action|Adventure|Comedy|Romance
2214,831,450,107,0.5440213874270209,0.25390722364155843,0.52971905,-0.3949326520645557,Cocoon,Comedy|Sci-Fi
2215,208,28,6,0.22202652063257894,0.33273861308691316,0.5463581,-1.2274293447062399,Cocoon: The Return,Comedy|Sci-Fi
2216,348,132,27,0.4052332721688577,0.2579868781361496,0.5509163,-0.748760755721108,Rocky II,Action|Drama
2217,313,82,17,0.3065643039206759,0.27995160470287295,0.55189383,-1.0434888610281994,Rocky III,Action|Drama
2218,284,59,21,0.26431988719522564,0.3757212093649471,0.5466039,-0.9137957412417312,Rocky IV,Action|Drama
2219,207,30,8,0.23067253822258896,0.34942014775974034,0.559463,-1.0344802996351192,Rocky V,Action|Drama
2220,358,148,55,0.43451677040001313,0.37855359505444053,0.55574816,-0.17974928087964162,Clue,Comedy|Mystery
2221,327,149,27,0.47289878600319724,0.235947798094368,0.5271185,-0.7505126862593922,Young Sherlock Holmes,Action|Adventure|Mystery
2222,10,3,0,0.5380473720534228,0.37648324190149485,0.5093527,-0.1499529295367209,Violets Are Blue...,Drama|Romance
2223,278,114,22,0.4368379339122115,0.2558147062242636,0.53238493,-0.778945443427676,Back to School,Comedy
2224,63,21,4,0.44498090551509173,0.3373748143771722,0.5676796,-0.19006417854163837,Heartburn,Comedy|Drama
2225,87,32,4,0.4473200169577034,0.2921172173265759,0.5457681,-0.5085848195371504,Nothing in Common,Comedy
2226,59,21,5,0.461310480029407,0.3514593214194257,0.5835504,0.04482695891939503,Extremities,Drama|Thriller
2227,384,187,32,0.49834756295669436,0.21921355198641027,0.546619,-0.5595621362779212,The Karate Kid,Drama
2228,374,71,7,0.2365161375547296,0.22275712248577872,0.5470778,-1.5485368355496243,"The Karate Kid, Part II",Action|Adventure|Drama
2229,219,20,1,0.18320759227957384,0.2993373117254175,0.52740496,-1.6397162002741137,The Karate Kid III,Action|Adventure|Drama
2230,392,220,85,0.563988331047976,0.38871708081770084,0.51939756,0.07014379967500328,Christmas Vacation,Comedy
2231,637,308,102,0.49095027994644164,0.34065254698541686,0.5173847,-0.39287081092263165,You've Got Mail,Comedy|Romance
2232,43,28,3,0.6159445411097351,0.2942770746253747,0.53105646,0.0318099469918452,The General,Crime
2233,23,9,4,0.5244224975781557,0.40599342069117333,0.5594255,0.2892340135650824,The Theory of Flight,Comedy|Drama|Romance
2234,648,319,140,0.49897255347164093,0.4334786228205399,0.5507399,0.21964552887839356,The Thin Red Line,Action|Drama|War
2235,429,104,19,0.2782522804242283,0.25294553130376124,0.5130176,-1.5479571566267307,The Faculty,Horror|Sci-Fi
2236,136,34,6,0.3402303350709966,0.3089715692949908,0.52622956,-1.0127343583452377,Mighty Joe Young,Adventure|Children's|Drama
2237,118,44,10,0.43620739478098425,0.31865544490190667,0.52622956,-0.6107320014188812,Mighty Joe Young,Adventure|Children's|Drama
2238,375,155,49,0.4336066878193067,0.3363590820525816,0.53589785,-0.48408364976565993,Patch Adams,Comedy|Drama
2239,103,33,4,0.40707740080526383,0.2885977327804726,0.5602832,-0.5625284614000393,Stepmom,Drama
2240,488,220,36,0.4633510080356977,0.20723559933621938,0.57411444,-0.521961388125019,A Civil Action,Drama
2241,37,22,5,0.5894579577379927,0.34657794195526703,0.56971335,0.41219566280161835,Down in the Delta,Drama
2242,74,28,11,0.46195840583230136,0.39684117718947726,0.5644997,0.05710501729309905,Hurlyburly,Drama
2243,92,59,22,0.6217101572056716,0.3848955212915526,0.50758934,0.18667434797247356,Tea with Mussolini,Comedy
2244,61,37,6,0.5971427236324807,0.2983173772503359,0.56244695,0.21749496363096696,Wilde,Drama
2245,1,1,0,0.5937812220236346,0.39124729060351426,0.53968495,0.0,Outside Ozona,Drama|Thriller
2246,162,92,29,0.5720888788830442,0.34474374521675516,0.55956936,0.26037625896552574,Affliction,Drama
2247,36,19,5,0.5614283991070391,0.3616465481272352,0.566871,0.3349281041806955,Another Day in Paradise,Drama
2248,17,7,1,0.5415349600478413,0.3676072249259513,0.5391514,0.06401312255603282,The Hi-Lo Country,Drama|Western
2249,110,74,24,0.6455177645200335,0.35446461145789704,0.5225452,0.288419327727694,Hilary and Jackie,Drama
2250,102,60,23,0.5873871205474037,0.3904873801889021,0.5738321,0.5888698827015009,Playing by Heart,Drama|Romance
2251,3,3,2,0.6091102325133088,0.4142190909580986,0.56813455,0.0,24 7: Twenty Four Seven,Comedy|Drama
2252,52,12,2,0.40473374826671926,0.3540905132383746,0.57819957,-0.20471461979166644,At First Sight,Drama
2253,44,8,3,0.3966259821617592,0.3957519279444694,0.54995745,-0.3103577924986792,In Dreams,Thriller
2254,194,72,17,0.4150936160787105,0.3028984575473707,0.52926517,-0.7229586099877129,Varsity Blues,Comedy|Drama
2255,152,23,7,0.2588259520950761,0.36922755918875655,0.51694345,-1.1878144938730748,Virus,Horror|Sci-Fi
2256,29,1,0,0.38332711801525776,0.39124729060351426,0.49932218,-0.7703197934024351,The Garbage Pail Kids Movie,Adventure|Children's
2257,361,47,9,0.18560302268419795,0.2984908435131879,0.48349935,-1.9744638335902414,Howard the Duck,Adventure|Children's|Sci-Fi
2258,96,22,3,0.3512523446794888,0.31880016417748924,0.51516294,-1.0222193401832245,The Gate,Horror
2259,19,2,1,0.45337452642326614,0.40295407347652357,0.50285995,-0.4333217891244328,The Gate II: Trespassers,Horror
2260,132,58,9,0.4795760567209086,0.2680889983405484,0.54612964,-0.46550874768876743,The Boy Who Could Fly,Drama|Fantasy
2261,428,204,55,0.4880394190862037,0.29509295992432766,0.5130627,-0.5959784107705535,The Fly,Horror|Sci-Fi
2262,924,467,115,0.5095306389355292,0.2610321311813912,0.5130627,-0.6318978455042399,The Fly,Horror|Sci-Fi
2263,248,29,3,0.19558000779599116,0.290552048364294,0.5015852,-1.8233042314707184,The Fly II,Horror|Sci-Fi
2264,217,105,18,0.5029319937198703,0.24486201174696276,0.5515502,-0.4145129217728398,Running Scared,Action|Comedy
2265,106,15,2,0.28386437386670105,0.33774787416583424,0.5706612,-0.7839427835189974,Armed and Dangerous,Comedy|Crime
2266,190,95,39,0.517845176346689,0.4065766332467533,0.52250147,-0.020755967953981783,The Texas Chainsaw Massacre,Horror
2267,98,17,7,0.31272190758922547,0.40229271374297354,0.49989074,-0.9984774941977893,The Texas Chainsaw Massacre 2,Horror
2268,42,3,2,0.35090046003484093,0.4142190909580986,0.50617373,-0.7617013069893162,Leatherface: Texas Chainsaw Massacre III,Horror
2269,40,3,0,0.3586982480356152,0.37648324190149485,0.5363677,-0.6284426991199747,The Return of the Texas Chainsaw Massacre,Horror
2270,384,194,49,0.5144765952147589,0.2825967697572919,0.5504177,-0.24783346172000437,Ruthless People,Comedy
2271,6,1,0,0.5407650414858101,0.39124729060351426,0.5378783,0.13334556657317392,Trick or Treat,Horror
2272,35,2,1,0.3680334390965337,0.40295407347652357,0.5346433,-0.5139942036096959,Deadly Friend,Horror
2273,11,6,2,0.578407251200088,0.39202878251391476,0.5358337,0.2646459043855304,Belizaire the Cajun,Drama
2274,265,179,73,0.6612153724546201,0.40591096864969095,0.49274486,0.29604732423164953,The Name of the Rose,Mystery
2275,86,86,22,0.8476679582588629,0.3084824398586708,0.5319998,0.9778229617423608,Jumpin' Jack Flash,Action|Comedy|Romance|Thriller
2276,406,172,33,0.44140974193685384,0.23852978297648303,0.4810093,-1.2204988309014533,Peggy Sue Got Married,Comedy|Romance
2277,735,370,71,0.5086405634690514,0.21655621862090293,0.5377333,-0.5983085663264316,Crocodile Dundee,Adventure|Comedy
2278,310,59,8,0.24523011756445934,0.25645515431907545,0.5344176,-1.4962837104579971,Crocodile Dundee II,Adventure|Comedy
2279,74,14,1,0.34905518002584973,0.3274001846996754,0.53230745,-0.8676023083173702,Tough Guys,Comedy
2280,152,19,1,0.23902397189705626,0.3036755336344815,0.5260859,-1.4206688622403205,Soul Man,Comedy
2281,283,145,23,0.5233718988684846,0.22027493241425247,0.55608374,-0.3863253075393722,The Color of Money,Drama
2282,123,50,9,0.458282325567661,0.28953611820779224,0.5367021,-0.5458979386465167,52 Pick-Up,Action|Mystery|Thriller
2283,259,101,23,0.4216273214343215,0.284461005435624,0.5290101,-0.7639546054684342,Heartbreak Ridge,Action|War
2284,34,3,0,0.3843195514667305,0.37648324190149485,0.52400815,-0.6261054149514024,Firewalker,Adventure
2285,458,176,50,0.40410008331339636,0.30952925584415586,0.5244258,-0.7796858196800399,Three Amigos!,Comedy|Western
2286,37,4,1,0.3825614060138548,0.38802984853294864,0.55266184,-0.3701734572471056,Gloria,Drama|Thriller
2287,2,2,1,0.6015931216001031,0.40295407347652357,0.5598337,0.0,Dry Cleaning (Nettoyage à sec),Drama
2288,27,13,3,0.5491278223792905,0.36434304477427343,0.5308363,0.017226260534870943,My Name Is Joe,Drama|Romance
2289,23,11,5,0.5518197578521283,0.4090756036193316,0.55012083,0.33282737987196287,Still Crazy,Comedy|Romance
2290,17,7,5,0.5415349600478413,0.43778266352244255,0.53441197,0.2711397797473909,"Day of the Beast, The (El Día de la bestia)",Comedy|Horror|Thriller
2291,1,0,0,0.5741733788863798,0.39907223641558454,0.5484828,0.0,Tinseltown,Comedy
2292,334,106,18,0.35229906855001397,0.24329238346653353,0.5190138,-1.2507654125358012,She's All That,Comedy|Romance
2293,7,0,0,0.5137340758457082,0.39907223641558454,0.52529484,-0.040924390444706735,24-hour Woman,Drama
2294,5,0,0,0.5324153149673703,0.39907223641558454,0.56794345,0.3620061406613275,"Blood, Guts, Bullets and Octane",Action|Comedy
2295,71,55,17,0.6965524158942592,0.35193916019789745,0.5631595,0.7909372770577889,Peeping Tom,Drama|Horror|Thriller
2296,643,356,83,0.5559636974360828,0.25358032468172226,0.53643686,-0.2980621956218684,Payback,Action|Thriller
2297,94,29,5,0.40474196057781503,0.31586850406049655,0.54423183,-0.6013606885033049,Simply Irresistible,Comedy|Romance
2298,99,34,7,0.4247170625718481,0.3208763311997527,0.51671433,-0.7210107439697951,20 Dates,Comedy
2299,21,16,8,0.6377865115944418,0.4235395730421095,0.5483671,0.6994075420116805,The Harmonists,Drama
2300,20,15,6,0.6326120331886481,0.3992863357042958,0.4904971,0.1457883172110871,The Last Days,Documentary
2301,88,54,21,0.6034988574145316,0.39378472904595413,0.4961228,0.05862648999798298,"Fantastic Planet, The (La Planète sauvage)",Animation|Sci-Fi
2302,271,132,25,0.5024387611314809,0.24699786714713862,0.5724494,-0.2466653847268666,Blast from the Past,Comedy|Romance
2303,41,41,14,0.7723389266286304,0.3731166134151564,0.49519378,0.6275406885255661,Message in a Bottle,Romance
2304,106,12,4,0.26463360463593183,0.38634857775450365,0.5087163,-1.1699091162643322,My Favorite Martian,Comedy|Sci-Fi
2305,40,23,3,0.5809204702578374,0.31443303864081135,0.47697002,-0.45261053553439945,God Said 'Ha!',Comedy
2306,95,24,5,0.3674678780910715,0.33721097055107063,0.5252078,-0.8179751435646088,Jawbreaker,Comedy
2307,444,353,174,0.773851907536853,0.4812744710193033,0.56782335,1.5733997313561217,October Sky,Drama
2308,650,436,167,0.6646897747474363,0.38467821362300253,0.52036726,0.45010730867314575,Office Space,Comedy|Romance
2309,9,9,6,0.6488617342916163,0.4398917257759191,0.55661696,0.8628271760169811,"Apple, The (Sib)",Drama
2310,136,43,9,0.3886174318451901,0.3113291593632175,0.52379006,-0.8377860372530137,200 Cigarettes,Comedy|Drama
2311,202,61,13,0.358265247314307,0.29687938577278583,0.54799837,-0.8164833575797419,8MM,Thriller
2312,127,70,18,0.560920013125454,0.3162800985064936,0.5369182,-0.057352495461253164,The Other Sister,Comedy|Drama|Romance
2313,41,20,7,0.5415696958593996,0.38505159743970324,0.5367976,0.10650357978628593,Breakfast of Champions,Comedy
2314,10,4,0,0.5547140387200894,0.3695113300144301,0.5152425,-0.06448050606793647,Eight Days a Week,Comedy
2315,3,2,0,0.5902423079850069,0.38372330424575435,0.5426277,0.0,Just the Ticket,Comedy|Romance
2316,67,49,19,0.6690841224205586,0.39347082647251747,0.53192157,0.587273702744972,The Long Goodbye,Crime
2317,16,11,7,0.6103460958061419,0.4418624888652332,0.4872111,0.1828133816157992,"Ballad of Narayama, The (Narayama Bushiko)",Drama
2318,256,92,20,0.39634915791897174,0.2813634635266143,0.5341594,-0.8317416462928546,Pet Sematary,Horror
2319,92,13,6,0.2977664952338406,0.41196209239332104,0.50853014,-0.9551627946708604,Pet Sematary II,Horror
2320,45,4,0,0.3503457086653196,0.3695113300144301,0.5112352,-0.8799279680995422,Children of the Corn II: The Final Sacrifice,Horror
2321,35,3,0,0.37979814497888664,0.37648324190149485,0.5223553,-0.6562946127618867,Children of the Corn III,Horror
2322,226,73,12,0.37059000841741074,0.2597854619575547,0.52718186,-1.0597990565266995,Christine,Horror
2323,248,132,32,0.5412175916886086,0.2854594056086771,0.53252524,-0.27422036931892474,Night Shift,Comedy
2324,77,34,8,0.4982900970331131,0.3327810931045146,0.5179333,-0.3878031579097851,House on Haunted Hill,Horror
2325,146,58,11,0.4453206240979865,0.28660751685906694,0.5730427,-0.32357864073937115,Airport,Drama
2326,76,14,4,0.343514621612741,0.3742751846996754,0.5411019,-0.6576213264412524,Airport 1975,Drama
2327,70,7,2,0.3023570193600447,0.38515108457507413,0.5503859,-0.7056647619360967,Airport '77,Drama
2328,32,3,0,0.39369319906348005,0.37648324190149485,0.5611353,-0.3017787517832454,Rollercoaster,Drama|Thriller
2329,68,68,10,0.8244308671458082,0.2538441679727053,0.56021583,0.9178595393350353,The Towering Inferno,Action|Drama
2330,127,17,2,0.26148498487686644,0.32766584807133176,0.5164864,-1.3256314527283457,Alligator,Action|Horror|Sci-Fi
2331,112,15,1,0.2733508785383047,0.32236325878121885,0.516615,-1.2975262937576448,Meteor,Sci-Fi
2332,544,276,67,0.5139441789952952,0.2667288706158872,0.51482666,-0.5814573680597082,Westworld,Action|Sci-Fi|Thriller|Western
2333,517,272,72,0.5313630376070642,0.28557022304589824,0.5149146,-0.4484303728996762,Logan's Run,Action|Adventure|Sci-Fi
2334,979,593,233,0.6047452306347963,0.39339597483791483,0.52177596,0.2612968729203796,Planet of the Apes,Action|Sci-Fi
2335,318,101,18,0.3540294628347972,0.25134842265416707,0.52439237,-1.1743478996590258,Beneath the Planet of the Apes,Action|Sci-Fi
2336,266,73,17,0.3236798807696372,0.30043586846161974,0.5186491,-1.1647970276996154,Battle for the Planet of the Apes,Action|Sci-Fi
2337,310,83,22,0.311896784231126,0.3154406903817987,0.5213615,-1.1367941548814224,Conquest of the Planet of the Apes,Action|Sci-Fi
2338,403,131,30,0.3538252589916233,0.27598680563966427,0.53321046,-1.0209996773145225,Escape from the Planet of the Apes,Action|Sci-Fi
2339,12,0,0,0.4723039084387962,0.39907223641558454,0.55796456,0.053808534042245365,Avalanche,Action
2340,99,24,5,0.35760296861211655,0.33721097055107063,0.5415725,-0.7287362310088954,Earthquake,Action
2341,29,1,0,0.38332711801525776,0.39124729060351426,0.5373898,-0.47466275461620616,The Concorde: Airport '79,Drama
2342,29,2,0,0.39598534586335904,0.38372330424575435,0.523693,-0.5586148943503582,Beyond the Poseidon Adventure,Adventure
2343,5,3,2,0.5869607695128248,0.4142190909580986,0.48660466,-0.007735594305768478,Dancemaker,Documentary
2344,480,231,54,0.49109970249661394,0.2631801132412072,0.5552098,-0.3678247712999812,Analyze This,Comedy
2345,131,39,8,0.377253272503897,0.3140855260761711,0.5433251,-0.7200964934838128,The Corruptor,Action|Crime|Drama|Thriller
2346,438,179,46,0.4268091031213225,0.2880070385186866,0.54935163,-0.573756766819429,Cruel Intentions,Drama
2347,468,330,149,0.6935962207011687,0.444614767949419,0.548069,0.9845379033078121,"Lock, Stock & Two Smoking Barrels",Comedy|Crime|Thriller
2348,2,1,0,0.582362352369334,0.39124729060351426,0.50174105,0.0,Six Ways to Sunday,Comedy
2349,8,1,0,0.5221179710897477,0.39124729060351426,0.51667196,-0.10291959518989803,"School of Flesh, The (L' École de la chair)",Drama
2350,6,2,1,0.558622184342953,0.40295407347652357,0.5220831,0.11989625975534829,Relax... It's Just Sex,Comedy
2351,136,36,7,0.35098302324303954,0.31341409093929334,0.5516626,-0.7584961073235679,The Deep End of the Ocean,Drama
2352,83,9,3,0.28784091972334863,0.38904426814880044,0.50058526,-1.1346243559952849,The Rage: Carrie 2,Horror
2353,141,24,4,0.27896776085447833,0.3236974570375571,0.49389592,-1.4477824196611757,Wing Commander,Action|Sci-Fi
2354,149,83,38,0.5642353885588209,0.43574144226149797,0.5344056,0.3511144010695899,The Haunting,Horror|Thriller
2355,160,78,20,0.5108706777295493,0.31213759234983773,0.56402254,-0.053322292462965104,Dead Ringers,Drama|Thriller
2356,29,5,1,0.4339600294076629,0.3809747603778041,0.51116335,-0.5197432239363161,My Boyfriend's Back,Comedy
2357,188,95,18,0.5221968164840561,0.26174904703985674,0.51864105,-0.5374707164588448,Village of the Damned,Horror|Sci-Fi|Thriller
2358,115,49,14,0.47444146862548703,0.34296577596746697,0.5339288,-0.31969544681613493,Children of the Damned,Horror|Sci-Fi|Thriller
2359,128,7,0,0.20383619282699644,0.3500633652768285,0.5099374,-1.5198836990880435,Baby Geniuses,Comedy
2360,1,0,0,0.5741733788863798,0.39907223641558454,0.57213384,0.0,Telling You,Comedy|Drama|Romance
2361,3,2,1,0.5902423079850069,0.40295407347652357,0.53611207,0.0,I Stand Alone (Seul contre tous),Drama
2362,183,36,6,0.2801838726317826,0.30178618396254914,0.55919266,-1.012145464449302,Forces of Nature,Comedy|Romance
2363,21,4,1,0.4687724270873995,0.38802984853294864,0.47483823,-0.6437398565288235,The King and I,Animation|Children's
2364,136,54,16,0.44775721679142666,0.34570780596903106,0.56419516,-0.17750531268121383,Ravenous,Drama|Horror
2365,94,34,3,0.43946418280003724,0.27325728358070506,0.56112635,-0.4850107479394965,True Crime,Crime|Thriller
2366,6,4,2,0.5943364700572387,0.40654836705146713,0.58165234,0.732106362711002,Bandits,Drama
2367,1,0,0,0.5741733788863798,0.39907223641558454,0.576539,0.0,Beauty,Drama
2368,287,212,81,0.7159728258848823,0.3853191290869436,0.46930867,0.2525961998270123,The King and I,Musical
2369,32,5,2,0.4180834429659191,0.3991565785596223,0.4903942,-0.6787789419047136,Doug's 1st Movie,Animation|Children's
2370,240,94,9,0.4251132493903633,0.2010667487554113,0.5365532,-0.9818775700685107,EDtv,Comedy
2371,171,15,2,0.20037485214120074,0.33774787416583424,0.5163837,-1.525911315048609,The Mod Squad,Action|Crime
2372,6,4,3,0.5943364700572387,0.4250668855699857,0.55632836,0.599796430290864,Among Giants,Drama|Romance
2373,80,49,12,0.6021757101785028,0.32276375576544675,0.5365063,0.12031691370475031,A Walk on the Moon,Drama|Romance
2374,2172,1823,1208,0.8336106401094534,0.6556079080730268,0.54049885,2.1965203881779156,The Matrix,Action|Sci-Fi|Thriller
2375,536,263,63,0.49877618143891705,0.2650275138044065,0.50046134,-0.757153114439838,10 Things I Hate About You,Comedy|Romance
2376,34,14,4,0.5152719324191115,0.3742751846996754,0.5608874,0.155214918320522,Tango,Drama
2377,160,35,4,0.30610877296764455,0.2818071978915203,0.52091134,-1.2794162804554485,The Out-of-Towners,Comedy
2378,112,84,44,0.6992768044642306,0.47726575985656144,0.5304249,0.9828013162893332,"Dreamlife of Angels, The (La Vie rêvée des anges)",Drama
2379,3,0,0,0.5525064589284031,0.39907223641558454,0.56925297,0.0,"Love, etc.",Drama
2380,23,7,2,0.4970252373041831,0.38515108457507413,0.54504293,-6.46148944290631e-05,Metroland,Comedy|Drama
2381,3,2,0,0.5902423079850069,0.38372330424575435,0.51426864,0.0,The Sticky Fingers of Time,Sci-Fi
2382,2,0,0,0.5631315831385647,0.39907223641558454,0.6070146,0.0,Following,Drama
2383,584,411,155,0.6944524326864439,0.37950891935093106,0.55764884,0.8359133691950871,Go,Crime
2384,486,186,32,0.40164709388657716,0.2201424229694035,0.5228819,-1.111806897404602,Never Been Kissed,Comedy|Romance
2385,51,19,6,0.47804794379411253,0.3761393017504236,0.4810485,-0.6012420595027135,Twin Dragons (Shuang long hui),Action|Comedy
2386,164,96,30,0.5854338426318008,0.34214802616972073,0.5187666,-0.014331260471116922,Cookie's Fortune,Mystery
2387,1,0,0,0.5741733788863798,0.39907223641558454,0.5239392,0.0,Foolish,Comedy
2388,36,26,10,0.6428237479442485,0.39412647132604245,0.5225015,0.4156089319481131,"Lovers of the Arctic Circle, The (Los Amantes del Círculo Polar)",Drama|Romance
2389,15,6,0,0.5428129588185441,0.35631449679962907,0.5641372,0.22371903460931808,"Goodbye, Lover",Comedy|Crime|Thriller
2390,81,22,4,0.39147207880309437,0.33268905306637814,0.57054454,-0.38945720469476663,Life,Comedy
2391,43,13,2,0.45465421852908994,0.34847002890125756,0.5502422,-0.24980177981636395,Friends & Lovers,Comedy|Drama|Romance
2392,31,11,5,0.49731904102722674,0.4090756036193316,0.5496739,0.12019372030870837,Hideous Kinky,Drama
2393,2,0,0,0.5631315831385647,0.39907223641558454,0.51475954,0.0,Jeanne and the Perfect Guy (Jeanne et le garçon formidable),Comedy|Romance
2394,0,0,0,0.5856568464641073,0.39907223641558454,0.53829896,0.0,The Joyriders,Drama
2395,29,20,7,0.6238334471291819,0.38505159743970324,0.5491901,0.5184631273310892,"Monster, The (Il Mostro)",Comedy
2396,32,21,11,0.6132053941854313,0.43596636367294683,0.52976507,0.5037919684626113,Open Your Eyes (Abre los ojos),Drama|Romance|Sci-Fi
2397,108,61,26,0.5714103944506668,0.413996502889903,0.539358,0.3415270092811521,SLC Punk!,Comedy|Drama
2398,49,11,3,0.4068973972040946,0.3762887183734299,0.5450734,-0.3765266675487128,Lost & Found,Comedy|Romance
2399,429,142,22,0.3575842219691135,0.21850839489989182,0.523901,-1.2786765723523892,Pushing Tin,Comedy
2400,1263,945,360,0.7420280596520985,0.3818629264530444,0.527566,0.7930396837836539,Election,Comedy
2401,316,149,47,0.4871115910470092,0.33645031065718206,0.5572627,-0.11249273212887045,eXistenZ,Action|Sci-Fi|Thriller
2402,1,0,0,0.5741733788863798,0.39907223641558454,0.46844172,0.0,Mighty Peking Man (Hsing hsing wang),Adventure|Sci-Fi
2403,633,257,44,0.4191549667982509,0.20831795381361312,0.5392593,-0.9585210919005954,Entrapment,Crime|Thriller
2404,162,60,15,0.42114548265662904,0.31776010746162936,0.5198854,-0.7209213641262417,Idle Hands,Comedy|Horror
2405,49,38,19,0.6796246699313673,0.4426546797815822,0.5939028,1.2800786022101631,Get Real,Drama
2406,3,0,0,0.5525064589284031,0.39907223641558454,0.54713464,0.0,Heaven,Thriller
2407,44,39,19,0.7264132162043123,0.4376810316941486,0.52014405,0.8694979522606697,"King of Masks, The (Bian Lian)",Drama
2408,31,21,8,0.6207758311506835,0.39371284254618627,0.5662192,0.6690945180061891,Three Seasons,Drama
2409,98,71,27,0.6775867724540903,0.3880463786841259,0.5196836,0.5060016136436483,The Winslow Boy,Drama
2410,107,82,36,0.7088079128866583,0.42389099864226687,0.53400326,0.8616363475176378,Mildred Pierce,Drama
2411,229,82,16,0.39886323413335256,0.2723758471271154,0.54003733,-0.8076833246693256,Night of the Comet,Action|Horror|Sci-Fi
2412,39,2,0,0.351492610373094,0.38372330424575435,0.51156354,-0.8235740917414409,Chopping Mall (a.k.a. Killbots),Action|Horror|Sci-Fi
2413,154,50,5,0.38864138393728115,0.24953611820779226,0.5045546,-1.2018863774299924,My Science Project,Adventure|Sci-Fi
2414,475,89,13,0.2253006520442007,0.23707634403438294,0.5203807,-1.7491510750792003,Dick Tracy,Action|Crime
2415,802,399,109,0.5026793923981284,0.2872018080640963,0.52078176,-0.5072726171193848,The Mummy,Action|Adventure|Horror|Thriller
2416,32,23,13,0.6375956380878703,0.4514193400106744,0.5345246,0.6880782523435816,The Castle,Comedy
2417,1,0,0,0.5741733788863798,0.39907223641558454,0.52842325,0.0,Mascara,Drama
2418,22,15,3,0.6150394767111856,0.3531324895504496,0.5457134,0.3467580536376507,This Is My Father,Drama|Romance
2419,50,34,9,0.6328284232320537,0.3446858550092765,0.46551815,-0.23717939459419485,Xiu Xiu: The Sent-Down Girl (Tian yu),Drama|Romance
2420,335,153,42,0.4734619281122217,0.3051902060136908,0.53751576,-0.42690735829737164,A Midsummer Night's Dream,Comedy|Fantasy
2421,4,1,0,0.560793376355655,0.39124729060351426,0.53608555,0.0,Trippin',Comedy
2422,79,65,31,0.7308747466915144,0.44307488539808026,0.57823557,1.3565448976929855,After Life,Drama
2423,51,19,5,0.47804794379411253,0.3616465481272352,0.5112605,-0.41697474914361976,Black Mask (Hak hap),Action
2424,23,16,4,0.6203129085370598,0.3629335124360489,0.5695668,0.5863256941700469,Edge of Seventeen,Comedy|Drama|Romance
2425,8,3,1,0.5566007297104373,0.39535116642979673,0.5299231,0.14660013384070686,Endurance,Documentary|Drama
2426,1902,962,345,0.5078293249606585,0.3606260986371336,0.4936862,-0.44272011349022955,Star Wars: Episode I - The Phantom Menace,Action|Adventure|Fantasy|Sci-Fi
2427,114,28,3,0.3492856239219839,0.2942770746253747,0.5254003,-1.035502028098713,The Love Letter,Comedy|Romance
2428,29,18,7,0.5985169914329793,0.3963766444232239,0.5421611,0.4060789894692282,Besieged (L' Assedio),Drama
2429,2,0,0,0.5631315831385647,0.39907223641558454,0.52819675,0.0,Frogs for Snakes,Comedy|Film-Noir|Thriller
2430,8,5,3,0.591083488331127,0.41733839674144046,0.4753917,-0.06815742627736798,"Saragossa Manuscript, The (Rekopis znaleziony w Saragossie)",Drama
2431,123,68,31,0.5623285683422276,0.4318102696676206,0.5173594,0.19773979337071207,The Mummy,Horror|Romance
2432,75,32,7,0.4902627385856429,0.3287025831802345,0.5072638,-0.5156539950662551,The Mummy,Horror
2433,24,11,1,0.5443627340973698,0.3435018331275283,0.50523275,-0.2723600227332254,The Mummy's Curse,Horror
2434,10,2,0,0.5213807053867561,0.38372330424575435,0.5131038,-0.15961574431777095,The Mummy's Ghost,Horror
2435,25,3,1,0.4304378976427382,0.39535116642979673,0.49155998,-0.6355388477444703,The Mummy's Hand,Horror
2436,30,8,1,0.46603552904006706,0.3612691693237798,0.4859254,-0.6611559694643154,The Mummy's Tomb,Horror
2437,121,49,8,0.4577943995509085,0.2823597153614063,0.53077024,-0.6187867707292932,Mommie Dearest,Drama
2438,1001,532,138,0.5340464722390156,0.27139795845494713,0.514226,-0.4927436326602044,Superman,Action|Adventure|Sci-Fi
2439,707,268,56,0.3927118128443928,0.2388478359144001,0.50993824,-1.1816058041861126,Superman II,Action|Adventure|Sci-Fi
2440,413,50,6,0.17123724043888847,0.25953611820779227,0.5108059,-1.9529269715505615,Superman III,Action|Adventure|Sci-Fi
2441,261,19,6,0.15525029685918124,0.3761393017504236,0.50131804,-1.6826476638155383,Superman IV: The Quest for Peace,Action|Adventure|Sci-Fi
2442,189,133,58,0.6790077084652943,0.425976020878575,0.53202647,0.7391639877282863,Dracula,Horror
2443,84,38,9,0.5021107636060101,0.3290183161452185,0.53202647,-0.27676367337610003,Dracula,Horror
2444,30,11,2,0.503535529040067,0.35989527575047914,0.5219938,-0.2418846130696264,House of Dracula,Horror
2445,41,16,5,0.49761365190335566,0.378085027587564,0.5311424,-0.1303287182221126,House of Frankenstein,Horror
2446,338,238,119,0.688873304956715,0.48247781882215013,0.5424284,1.054218896853859,Frankenstein,Horror
2447,57,23,9,0.48862469460939595,0.39662481946272915,0.54070926,-0.026078524464792682,Son of Frankenstein,Horror
2448,27,6,3,0.45821873147019954,0.4098859253710576,0.5224275,-0.23866121046804573,The Ghost of Frankenstein,Horror
2449,33,33,7,0.7503956906410285,0.32474231109372564,0.5321656,0.6623199427024242,Frankenstein Meets the Wolf Man,Horror
2450,42,19,4,0.5248135035131017,0.34715379450404676,0.5245023,-0.18503228834618635,The Curse of Frankenstein,Horror
2451,36,11,3,0.46840514329308564,0.3762887183734299,0.5323406,-0.2393633847431766,Son of Dracula,Horror
2452,108,68,26,0.6157141919190212,0.3894373883116884,0.5110981,0.20670209017869198,The Wolf Man,Horror
2453,40,2,1,0.34758713692450405,0.40295407347652357,0.49627295,-0.8904709535117216,Howling II: Your Sister Is a Werewolf,Horror
2454,13,13,4,0.6711562273524662,0.3802160606472893,0.49261978,0.24390914858881468,Tarantula,Horror|Sci-Fi
2455,1045,509,215,0.49158250440475376,0.42031057570801295,0.53066254,-0.010422441029796083,The Rocky Horror Picture Show,Comedy|Horror|Musical|Sci-Fi
2456,10,4,2,0.5547140387200894,0.40654836705146713,0.49918106,-0.060479881359149695,The Flying Saucer,Sci-Fi
2457,34,14,2,0.5152719324191115,0.3430251846996754,0.52262014,-0.25062013418382273,It Came from Hollywood,Comedy|Documentary
2458,104,75,42,0.6771613137870478,0.4956288945662338,0.52224684,0.8982425197373641,The Thing From Another World,Sci-Fi
2459,76,33,17,0.4943082724063918,0.445224238804569,0.49766508,-0.16963833588781727,It Came from Outer Space,Sci-Fi
2460,478,330,121,0.6804599286424344,0.3709305574231032,0.52701396,0.5144642778395361,The War of the Worlds,Action|Sci-Fi|War
2461,46,15,5,0.4612796075333892,0.3839017203196804,0.49017742,-0.56771173003736,It Came from Beneath the Sea,Sci-Fi
2462,520,369,166,0.6987418286372025,0.4438033695006664,0.5234309,0.8101102200345973,Invasion of the Body Snatchers,Horror|Sci-Fi
2463,59,31,11,0.553053599295462,0.3821433558120892,0.4886373,-0.23357566270141872,Earth Vs. the Flying Saucers,Sci-Fi
2464,23,11,3,0.5518197578521283,0.3762887183734299,0.490079,-0.24746507116311522,It Conquered the World,Sci-Fi
2465,48,13,4,0.43145757472658536,0.3802160606472893,0.5037008,-0.589943346259174,The Mole People,Sci-Fi
2466,234,31,5,0.21226352930706113,0.3080692817380151,0.50798744,-1.648660977711013,Swamp Thing,Horror|Sci-Fi
2467,94,61,23,0.6269641828000372,0.38696947586287594,0.48166886,0.012732843265078064,Pork Chop Hill,War
2468,189,147,45,0.737585114323035,0.3297137655877118,0.5060166,0.42734750804242777,"Run Silent, Run Deep",War
2469,594,360,120,0.604476463234791,0.34135027273360785,0.52487624,0.10342876645272664,Notting Hill,Comedy|Romance
2470,319,131,25,0.4343708464043506,0.24836249624739906,0.55489904,-0.6394595533713767,The Thirteenth Floor,Drama|Sci-Fi|Thriller
2471,5,4,3,0.605142587694643,0.4250668855699857,0.52186745,0.3736232343337616,Eternity and a Day (Mia eoniotita ke mia mera ),Drama
2472,20,5,1,0.4897548903315052,0.3809747603778041,0.555167,0.03614599645389657,The Loss of Sexual Innocence,Drama
2473,7,4,1,0.5839095144421994,0.38802984853294864,0.5563708,0.4313655983652678,Twice Upon a Yesterday,Comedy|Drama|Romance
2474,214,83,19,0.4253137966788082,0.2928842994043551,0.5686509,-0.4126515079273288,Instinct,Drama|Thriller
2475,177,130,64,0.7016865300581734,0.4664089545598846,0.48278117,0.5842792990575372,Buena Vista Social Club,Documentary
2476,21,6,2,0.49694144117190653,0.39202878251391476,0.56039405,0.14274761016446635,Desert Blue,Drama
2477,3,0,0,0.5525064589284031,0.39907223641558454,0.5376313,0.0,Finding North,Drama|Romance
2478,29,17,6,0.5858587635848781,0.3873673406086452,0.5317319,0.2451824801908017,Free Enterprise,Comedy|Romance|Sci-Fi
2479,49,49,18,0.7907357810424783,0.38336981637150735,0.5830784,1.4163517575460802,Limbo,Drama
2480,1153,573,214,0.5006507417483004,0.37552746680702925,0.5248186,-0.17667797564859708,Austin Powers: The Spy Who Shagged Me,Comedy
2481,3,0,0,0.5525064589284031,0.39907223641558454,0.53523374,0.0,"Red Dwarf, The (Le Nain rouge)",Comedy|Drama
2482,431,309,136,0.7032907324806765,0.434411174988243,0.48474234,0.49444056604318265,"Red Violin, The (Le Violon rouge)",Drama|Mystery
2483,358,210,76,0.5864775547137386,0.3690523531568432,0.49728662,-0.08363077219701945,Tarzan,Animation|Children's
2484,566,210,46,0.3884461726026061,0.2536677377722278,0.54894036,-0.8435464092675732,The General's Daughter,Drama|Thriller
2485,29,13,6,0.535225852192473,0.41196209239332104,0.4979149,-0.12628671781723472,Get Bruce,Documentary
2486,319,200,63,0.6213627163230497,0.33181444728311693,0.51819754,0.08321646140678413,An Ideal Husband,Comedy
2487,16,4,2,0.5042854897455359,0.40654836705146713,0.50000983,-0.24757759911194283,"Legend of 1900, The (Leggenda del pianista sull'oceano)",Drama
2488,691,691,370,0.9720416225684283,0.526253187342482,0.5098509,2.0401112164605473,Run Lola Run (Lola rennt),Action|Crime|Romance
2489,153,116,40,0.7156790262226865,0.3611663362697544,0.4952596,0.36906266616659344,Trekkies,Documentary
2490,644,246,61,0.39666115608531033,0.27349193182695686,0.5188405,-0.9768827491046886,Big Daddy,Comedy
2491,10,2,0,0.5213807053867561,0.38372330424575435,0.5508708,0.1337062913547359,The Boys,Drama
2492,63,41,15,0.6219720559575695,0.38410562440416735,0.5370598,0.41381956921705026,"Dinner Game, The (Le Dîner de cons)",Comedy
2493,33,20,5,0.5937691846169321,0.35648016886827466,0.52803844,0.1394888867237303,My Son the Fanatic,Comedy|Drama|Romance
2494,1167,374,45,0.33137456230337337,0.153192480709385,0.5445284,-1.4461020380048764,Arachnophobia,Action|Comedy|Sci-Fi|Thriller
2495,1055,708,356,0.6672242916952085,0.49598101823321794,0.52006614,0.8443936255779654,"South Park: Bigger, Longer and Uncut",Animation|Comedy
2496,738,83,14,0.14249091665381391,0.2552903144419491,0.5192898,-2.0121171168881364,Wild Wild West,Action|Sci-Fi|Western
2497,311,119,20,0.4107557959091561,0.23641190426496586,0.56940055,-0.6590027875643074,Summer of Sam,Drama
2498,0,0,0,0.5856568464641073,0.39907223641558454,0.55266374,0.0,Broken Vessels,Drama
2499,29,13,7,0.535225852192473,0.4278351082663369,0.48854825,-0.14385809441599245,"Lovers on the Bridge, The (Les Amants du Pont-Neuf)",Drama|Romance
2500,5,2,2,0.5687789513310066,0.42218484270729284,0.53942424,0.36040574835517575,"Late August, Early September (Fin août, début septembre)",Drama
2501,1099,733,297,0.6634315424919107,0.40479388482858136,0.50477517,0.39410429797166013,American Pie,Comedy
2502,505,290,76,0.5752844005823521,0.282216505355233,0.5191861,-0.2583517595025293,Arlington Road,Thriller
2503,30,21,9,0.628535529040067,0.40779734958843983,0.5021774,0.25044507522352544,"Autumn Tale, An (Conte d'automne)",Romance
2504,78,78,19,0.8381472056500419,0.30432509234983773,0.50329703,0.7039091386870431,Muppets From Space,Children's|Comedy
2505,1011,422,154,0.425337268919138,0.3685457877558882,0.5331381,-0.42537022876701097,The Blair Witch Project,Horror
2506,26,13,4,0.5563531884632285,0.3802160606472893,0.5299331,0.093116971102741,My Life So Far,Drama
2507,756,349,134,0.4693335512694856,0.3858486511798978,0.5626715,0.03299946803964199,Eyes Wide Shut,Drama
2508,340,69,12,0.25200728800821887,0.2685177463931027,0.50867057,-1.6283114522987951,Lake Placid,Horror|Thriller
2509,66,28,7,0.493817606234529,0.345559125907426,0.5498457,-0.11269862367501896,The Wood,Drama
2510,13,2,1,0.4965530527492915,0.40295407347652357,0.53648055,-0.006492884581049768,The Velocity of Gary,Comedy|Romance
2511,1834,1295,479,0.702910213547349,0.3709692281195384,0.5058847,0.4366553696186616,Ghostbusters,Comedy|Horror
2512,444,114,22,0.2900462395206586,0.2558147062242636,0.5058249,-1.548583623812017,Ghostbusters II,Comedy|Horror
2513,293,115,36,0.420649686073485,0.3391127989138135,0.54203844,-0.47654617259572074,Drop Dead Gorgeous,Comedy
2514,390,59,12,0.20064282346183035,0.29315240202549747,0.5344056,-1.539931391002971,The Haunting,Horror|Thriller
2515,298,28,4,0.164605868744843,0.3070975874458875,0.5303938,-1.660917434118148,Inspector Gadget,Action|Adventure|Children's|Comedy
2516,63,47,24,0.6750694010903129,0.4531300187709199,0.52750075,0.7832896114793475,Trick,Romance
2517,491,149,26,0.3295431466233001,0.23092267246622727,0.5131455,-1.426673173707023,Deep Blue Sea,Action|Sci-Fi|Thriller
2518,684,237,65,0.36278316392807275,0.29600561610027604,0.55118865,-0.7774041156866724,Mystery Men,Action|Adventure|Comedy
2519,512,188,40,0.3866242745964508,0.2519059320200808,0.52904975,-1.011145531226624,Runaway Bride,Comedy|Romance
2520,64,39,19,0.5989723010807487,0.4376810316941486,0.53745556,0.5148577320050369,Twin Falls Idaho,Drama
2521,106,90,43,0.7646336046359318,0.44966865586270877,0.5257635,1.1014942952199864,The Killing,Crime|Film-Noir
2522,28,15,2,0.5677287477334021,0.33774787416583424,0.5074446,-0.18550852887184638,Killer's Kiss,Film-Noir
2523,332,250,115,0.7311069170764539,0.4498453727359308,0.58358264,1.4224994193349252,Spartacus,Drama
2524,149,104,41,0.6697630267497756,0.3958026741609041,0.55252635,0.7580145523409147,Lolita,Drama
2525,133,71,34,0.547993673897297,0.44589761835354735,0.5523999,0.4638405929972795,Barry Lyndon,Drama
2526,150,128,80,0.7864142116160268,0.5615371450605575,0.5308767,1.613660435525858,"400 Blows, The (Les Quatre cents coups)",Drama
2527,90,90,43,0.8520203023086097,0.44966865586270877,0.52502286,1.4311142861904793,Jules and Jim (Jules et Jim),Drama
2528,44,9,3,0.40726428003409965,0.38904426814880044,0.56519127,-0.1745312627870057,Vibes,Adventure|Comedy
2529,372,165,29,0.4603858822824772,0.22769121777106618,0.5484352,-0.6616763875553494,The Mosquito Coast,Drama
2530,378,102,12,0.30673561290468543,0.21022113039986334,0.5468109,-1.3246975165857438,The Golden Child,Action|Adventure|Comedy
2531,171,78,17,0.4854427254443681,0.28870009234983773,0.47342813,-0.9359930686914479,Brighton Beach Memoirs,Comedy
2532,19,7,0,0.5258382945392082,0.3500633652768285,0.5470323,0.00399675645174169,Assassination,Action
2533,64,32,10,0.537568792308819,0.365287949033893,0.57396686,0.3111286016313658,Crimes of the Heart,Comedy|Drama
2534,375,254,111,0.666547864289895,0.43076845993677376,0.5631699,0.949883862924264,The Color Purple,Drama
2535,15,3,0,0.4966591126646979,0.37648324190149485,0.52708906,-0.17104086771252594,The Kindred,Horror
2536,53,21,3,0.4881829351767511,0.3232903073349187,0.5418391,-0.27391569908978053,No Mercy,Action|Thriller
2537,1,0,0,0.5741733788863798,0.39907223641558454,0.5279723,0.0,Ménage (Tenue de soirée),Comedy|Drama
2538,17,6,1,0.5266095869135129,0.3741716396567719,0.5483478,0.10097603801601435,Native Son,Drama
2539,31,17,8,0.5713931151013008,0.4172180868773019,0.5634692,0.5399214461350335,Otello,Drama
2540,176,120,46,0.6605435501026786,0.38796242247517193,0.5615049,0.7651116849570879,The Mission,Drama
2541,779,369,97,0.48043768675899323,0.2791255652047237,0.51982445,-0.6281405254563089,Little Shop of Horrors,Comedy|Horror|Musical
2542,299,125,46,0.44207118144184915,0.3768777818330242,0.5467785,-0.22624627470967992,The Little Shop of Horrors,Comedy|Horror
2543,117,10,1,0.23522660073775667,0.3492268636796538,0.50346076,-1.4526231010169588,Allan Quartermain and the Lost City of Gold,Action|Adventure
2544,73,26,2,0.4494540026276859,0.2888633134313056,0.5707506,-0.317676087989385,The Morning After,Drama|Mystery
2545,231,146,41,0.6237823570220832,0.31098781541213893,0.53492415,0.15001671072490352,Radio Days,Comedy|Drama
2546,45,12,1,0.4345562349811091,0.3379614809803101,0.5240955,-0.5665340175118032,From the Hip,Comedy
2547,147,44,8,0.3719941234680475,0.2973788491572258,0.5451605,-0.7840994279023074,Outrageous Fortune,Comedy|Mystery
2548,48,26,4,0.5641106359510751,0.3151791029049898,0.5285304,-0.11407961106526147,The Bedroom Window,Thriller
2549,9,0,0,0.49631936141026045,0.39907223641558454,0.5286021,-0.08207208909964064,Deadtime Stories,Horror
2550,25,5,3,0.4571045643094049,0.41733839674144046,0.5768501,0.20564827541792824,Light of Day,Drama
2551,30,10,2,0.4910355290400671,0.36589353034632044,0.5597686,0.024376061599164944,Wanted: Dead or Alive,Action
2552,111,76,18,0.6539306976596606,0.3012191414347558,0.5664693,0.47676256116096427,Frances,Drama
2553,27,8,1,0.4841927574442255,0.3612691693237798,0.580729,0.14483169879466545,Plenty,Drama
2554,329,159,33,0.4967885021720458,0.2533665637357858,0.51837957,-0.6661517326755377,Dick,Comedy
2555,6,3,3,0.5764793272000958,0.4330870154864005,0.54672664,0.48457012692544066,"Gambler, The (A Játékos)",Drama
2556,526,395,194,0.7366021568111205,0.48079463330512184,0.46829867,0.6558040832347751,The Iron Giant,Animation|Children's
2557,2024,1788,1159,0.8762212354499543,0.6414328682376383,0.54928154,2.378989321727689,The Sixth Sense,Thriller
2558,868,552,142,0.633205710591727,0.26902593325710833,0.5332747,0.027507954543548502,The Thomas Crown Affair,Action|Thriller
2559,228,127,51,0.5621684975654869,0.4008678633942329,0.5360774,0.2349427262211894,The Thomas Crown Affair,Crime|Drama|Thriller
2560,5,1,1,0.5505971331491885,0.41085513374076915,0.5490143,0.32572675722298694,The Acid House,Comedy|Drama
2561,10,10,1,0.6547140387200894,0.3492268636796538,0.558958,0.5883102304220653,The Adventures of Sebastian Cole,Comedy|Drama
2562,20,10,2,0.5611834617600766,0.36589353034632044,0.52703214,0.039337584339411105,Illuminata,Comedy
2563,6,2,0,0.558622184342953,0.38372330424575435,0.5215271,0.04873028001227263,Stiff Upper Lips,Comedy
2564,10,10,2,0.6547140387200894,0.36589353034632044,0.51146144,0.2773570859351826,The Yards,Crime|Mystery
2565,739,319,74,0.44142312081521595,0.25461683420265374,0.5214446,-0.8504816374127624,Bowfinger,Comedy
2566,132,41,7,0.3861694633143152,0.2961935364920794,0.55608857,-0.6489432128173207,Brokedown Palace,Drama
2567,189,65,20,0.39448888001341154,0.3474227114850368,0.5085972,-0.8077856246207271,Detroit Rock City,Comedy
2568,10,3,2,0.5380473720534228,0.4142190909580986,0.52763134,0.12318357537900805,Alice and Martin (Alice et Martin),Drama
2569,49,30,12,0.5988165891232865,0.39942014775974033,0.535994,0.36991060800864106,Better Than Chocolate,Comedy|Romance
2570,7,3,3,0.5663656547930765,0.4330870154864005,0.6068342,0.912588495542906,Head On,Drama
2571,13,7,6,0.5759181321143709,0.45532652317156536,0.42884204,-0.355842609813682,"Marcello Mastroianni: I Remember Yes, I Remember",Documentary
2572,4,1,0,0.560793376355655,0.39124729060351426,0.57099795,0.0,Cobra,Drama
2573,19,1,0,0.43888177280007773,0.39124729060351426,0.50108063,-0.5434550921685888,Never Talk to Strangers,Thriller
2574,278,154,43,0.5587891534244066,0.3085961363763688,0.5344125,-0.11170139215260551,Heaven Can Wait,Comedy
2575,67,26,10,0.4725029258393621,0.39412647132604245,0.5406107,-0.09740073717738776,The Raven,Comedy|Horror
2576,51,22,5,0.5077509140911423,0.34657794195526703,0.51183295,-0.3509146217469875,The Tingler,Horror
2577,87,51,13,0.5860061483445647,0.32627338436415076,0.51211387,-0.11898559922414184,Pit and the Pendulum,Horror
2578,9,1,0,0.5132685139526333,0.39124729060351426,0.47773886,-0.4392607434229049,The Tomb of Ligeia,Horror
2579,57,23,5,0.48862469460939595,0.34183029891478395,0.52898973,-0.307570105796684,The Masque of the Red Death,Horror
2580,18,7,1,0.533571210635373,0.3676072249259513,0.5526241,0.1380875510143607,Tales of Terror,Horror
2581,63,11,2,0.35648533029385276,0.35989527575047914,0.5474689,-0.6083778744309896,Haunted Honeymoon,Comedy
2582,125,29,3,0.3330448132754592,0.290552048364294,0.53476316,-1.038061515303782,Cat's Eye,Horror
2583,371,298,140,0.7773939247582076,0.4596368155769518,0.54429096,1.3290117005233693,And Now for Something Completely Different,Comedy
2584,135,37,9,0.35828563417948844,0.3328001358710256,0.48589697,-1.1738596970117066,Damien: Omen II,Horror
2585,49,9,1,0.3866953770020744,0.35514596306405466,0.5241126,-0.6903466387242336,"Final Conflict, The (a.k.a. Omen III: The Final Conflict)",Horror
2586,1389,1020,472,0.7291750120383638,0.4597697306736254,0.52958333,1.0301907805677952,Airplane!,Comedy
2587,435,140,25,0.3490367882952688,0.23659795695146962,0.5305516,-1.1969460982243663,Airplane II: The Sequel,Comedy
2588,207,59,9,0.34351300514865896,0.26562946624568096,0.51656014,-1.225895769641077,An American Werewolf in Paris,Comedy|Horror
2589,286,88,22,0.3490560783428731,0.30401167986071903,0.5405673,-0.884748286769337,European Vacation,Comedy
2590,443,303,117,0.6740017085663396,0.3879705717302528,0.54789364,0.7110761631377331,Vacation,Comedy
2591,177,60,14,0.39331648600530994,0.30866919837072027,0.50930834,-0.9414723779553458,Funny Farm,Comedy
2592,1220,862,286,0.7017975136403192,0.33547545155787195,0.55896556,0.7212647104406382,Big,Comedy|Fantasy
2593,128,9,2,0.21507214788317622,0.37209511560642755,0.5259375,-1.2759114486222014,Problem Child,Comedy
2594,79,5,2,0.26575846762174704,0.3991565785596223,0.5199888,-1.0335212239054667,Problem Child 2,Comedy
2595,14,5,1,0.5356694113000838,0.3809747603778041,0.4850699,-0.33206140364976844,Little Nemo: Adventures in Slumberland,Animation|Children's
2596,73,41,12,0.571405222139881,0.35113859143713433,0.51223356,-0.08765783292398398,Oscar and Lucinda (a.k.a. Oscar & Lucinda),Drama|Romance
2597,276,84,10,0.3474933813595256,0.2235344165729793,0.5095466,-1.4114175676579028,Tequila Sunrise,Action|Romance|Thriller
2598,278,121,24,0.4581793973268456,0.257038665618592,0.52643865,-0.738969182695393,The Pelican Brief,Thriller
2599,1111,912,540,0.8107518021733036,0.5820723615600616,0.5484151,1.9146596904826017,A Christmas Story,Comedy|Drama
2600,355,91,10,0.29699467240297617,0.21243696326793776,0.50223964,-1.7005472127032562,Mickey Blue Eyes,Comedy|Romance
2601,146,35,6,0.32797368532247634,0.30533660965622617,0.5394684,-0.9695871611850868,Teaching Mrs. Tingle,Comedy|Thriller
2602,76,3,0,0.25621303431115366,0.37648324190149485,0.5296682,-1.0737925609355001,Universal Soldier: The Return,Action|Sci-Fi
2603,304,47,8,0.21548825515029763,0.28818156516267246,0.51933193,-1.6173081332438957,Universal Soldier,Action|Sci-Fi
2604,10,1,0,0.5047140387200895,0.39124729060351426,0.5112081,-0.2121479174891317,Love Stinks,Comedy
2605,29,20,14,0.6238334471291819,0.4850515974397033,0.5216641,0.6522874204524722,Perfect Blue,Animation|Mystery
2606,1,1,0,0.5937812220236346,0.39124729060351426,0.5414888,0.0,With Friends Like These...,Comedy
2607,35,13,4,0.4974452038024161,0.3802160606472893,0.55708057,0.07788434984705082,In Too Deep,Action|Thriller
2608,25,17,8,0.6171045643094049,0.4172180868773019,0.4757404,0.03399630171163226,The Source,Documentary
2609,7,0,0,0.5137340758457082,0.39907223641558454,0.5246297,-0.04609019134598037,The Bat,Horror
2610,222,44,3,0.26942221442354913,0.2441873597955237,0.50238407,-1.6948759175480843,Iron Eagle,Action|War
2611,119,6,0,0.20877421493020926,0.35631449679962907,0.49049202,-1.6302281393381235,Iron Eagle II,Action|War
2612,107,7,0,0.2311009065172316,0.3500633652768285,0.49032348,-1.5675812446199395,Aces: Iron Eagle III,Action|War
2613,44,0,0,0.3115195991830358,0.39907223641558454,0.4854883,-1.1261447706160819,Iron Eagle IV,Action|War
2614,265,205,76,0.7437550549943027,0.3762886738069774,0.5226537,0.7421388431855039,Three Days of the Condor,Thriller
2615,42,24,12,0.5791613296000583,0.4318055651456652,0.563208,0.6184130448462428,Hamlet,Drama
2616,2,0,0,0.5631315831385647,0.39907223641558454,0.5782401,0.0,Male and Female,Adventure|Drama
2617,210,72,18,0.3895493935507898,0.31109517885884613,0.5268182,-0.8115041580520878,Medicine Man,Adventure|Romance
2618,3,1,1,0.571374383456705,0.41085513374076915,0.56361014,0.0,"Spiders, The (Die Spinnen, 1. Teil: Der Goldene See)",Action|Drama
2619,8,6,2,0.6083248676414719,0.39202878251391476,0.5179711,0.24073137565003078,On the Ropes,Documentary
2620,2,1,1,0.582362352369334,0.41085513374076915,0.5331457,0.0,Rosie,Drama
2621,607,271,62,0.4570515103853963,0.25530720193389167,0.51540667,-0.8349977804813429,The 13th Warrior,Action|Horror|Thriller
2622,266,43,7,0.22874317190887772,0.2898237830191315,0.49250335,-1.7690975257168882,The Astronaut's Wife,Sci-Fi|Thriller
2623,94,7,3,0.25196418280003724,0.40269494422419694,0.5086044,-1.1625793193023148,Dudley Do-Right,Children's|Comedy
2624,115,35,5,0.3895929837770022,0.29357190377387327,0.56315786,-0.5900129439560393,The Muse,Comedy|Drama
2625,4,2,0,0.5793118948741734,0.38372330424575435,0.5143638,0.0,Cabaret Balkan (Bure Baruta),Drama
2626,6,4,1,0.5943364700572387,0.38802984853294864,0.560128,0.5005627221059986,A Dog of Flanders,Drama
2627,5,4,1,0.605142587694643,0.38802984853294864,0.48445946,-0.04565449995511156,Lucie Aubrac,Romance|War
2628,11,5,4,0.5620138085771371,0.43552021492325865,0.5259487,0.2761379725506447,The Very Thought of You,Comedy|Romance
2629,7,7,1,0.6365410933895678,0.3676072249259513,0.5674072,0.6480796153118759,Chill Factor,Action|Thriller
2630,132,53,8,0.4521035292483811,0.2713942895221284,0.50370336,-0.8889622582700729,Outside Providence,Comedy
2631,13,7,2,0.5759181321143709,0.38515108457507413,0.55606866,0.38834289718640663,Bedrooms & Hallways,Comedy|Romance
2632,6,5,2,0.6121936129143816,0.3991565785596223,0.5218872,0.3107704173193525,West Beirut (West Beyrouth),Drama
2633,326,99,29,0.34117777213618444,0.3285477303408002,0.55590886,-0.7105419266308495,Stigmata,Thriller
2634,380,230,46,0.6029833542400125,0.23554861364564011,0.55437416,-0.04097782789084428,Stir of Echoes,Thriller
2635,32,16,5,0.5522297844293337,0.378085027587564,0.57481706,0.41848142671631067,Best Laid Plans,Crime|Drama
2636,16,12,7,0.6254976109576571,0.4347356745286972,0.478365,0.14748402517142278,"Black Cat, White Cat (Crna macka, beli macor)",Comedy|Romance
2637,53,23,4,0.5076004109049065,0.32813166877779765,0.54782987,-0.1360385483363762,The Minus Man,Drama|Mystery
2638,1,0,0,0.5741733788863798,0.39907223641558454,0.5353834,0.0,White Boys,Drama
2639,136,61,16,0.4853916253935772,0.32390641279981286,0.49568546,-0.6409447017858438,The Adventures of Milo and Otis,Children's
2640,25,17,7,0.6171045643094049,0.40229271374297354,0.52995974,0.40321562117346993,Only Angels Have Wings,Drama
2641,34,27,11,0.6700338371810163,0.40199495871141855,0.55729645,0.8176263522118137,Othello,Drama
2642,22,4,0,0.46226169893340785,0.3695113300144301,0.5287466,-0.3144125536442762,Queens Logic,Comedy|Drama
2643,6,2,1,0.558622184342953,0.40295407347652357,0.57481104,0.529414327654971,Public Access,Drama|Thriller
2644,111,15,1,0.2750487100820209,0.32236325878121885,0.5095981,-1.3455079650334618,Saturn 3,Adventure|Sci-Fi|Thriller
2645,135,91,18,0.6501775260713804,0.26917455192042006,0.5452221,0.18594984435409045,A Soldier's Story,Drama
2646,24,6,3,0.47679516652980225,0.4098859253710576,0.5138456,-0.23402085221092728,"Communion (a.k.a. Alice, Sweet Alice/Holy Terror)",Horror
2647,9,1,0,0.5132685139526333,0.39124729060351426,0.5071133,-0.2111206622358297,Don't Look in the Basement!,Horror
2648,7,1,0,0.5312779354948309,0.39124729060351426,0.54555285,0.15654152644790417,Nightmares,Horror
2649,71,18,4,0.3907672919273171,0.35225899736440036,0.528289,-0.6523179768350488,I Saw What You Did,Thriller
2650,338,204,82,0.6012444389773334,0.4013921725227529,0.49262825,0.04927767656021048,Yellow Submarine,Animation|Musical
2651,2903,2424,1675,0.8307764450806655,0.6851065528782455,0.54748386,2.3424330735819927,American Beauty,Comedy|Drama
2652,201,170,81,0.7939555471044039,0.4588800537308147,0.4967417,1.0206441298672289,Stop Making Sense,Documentary
2653,94,38,8,0.467241960577815,0.3176546797815821,0.5217105,-0.5302041397742956,Blue Streak,Comedy
2654,285,122,30,0.45159057409912046,0.2904279757022048,0.5756393,-0.2660686640382285,For Love of the Game,Comedy|Drama
2655,74,21,1,0.40550679292907554,0.29512129325041164,0.5531661,-0.6011554626141205,Caligula,Drama
2656,431,289,132,0.661710690900635,0.44824074283415705,0.5334462,0.7612020946384558,A Hard Day's Night,Comedy|Musical
2657,19,8,2,0.5403310481623966,0.3785105486341246,0.55870396,0.2491512430549315,Splendor,Comedy
2658,15,4,2,0.5120437280493133,0.40654836705146713,0.5199342,-0.06305818481632432,Sugar Town,Comedy
2659,159,92,19,0.5803006809722744,0.27432121000548754,0.5537248,0.001704433435781083,The Buddy Holly Story,Drama
2660,258,133,38,0.5268923452052122,0.31668640339223625,0.5565475,-0.03407800308172637,Fright Night,Comedy|Horror
2661,51,5,0,0.3394340824079739,0.36279294219598596,0.540848,-0.715166465658828,Fright Night Part II,Horror
2662,1,0,0,0.5741733788863798,0.39907223641558454,0.56273025,0.0,"Separation, The (La Séparation)",Drama
2663,153,87,18,0.5728218833655436,0.27703366292539583,0.51442766,-0.3227752421670438,Barefoot in the Park,Comedy
2664,595,438,179,0.7244695229817137,0.40769182750159677,0.5429388,0.93483192679416,Deliverance,Adventure|Thriller
2665,630,419,167,0.6592394740047138,0.398621773605073,0.5443614,0.6640126974349565,Excalibur,Action|Drama|Fantasy|Romance
2666,14,3,0,0.5044194113000838,0.37648324190149485,0.5107464,-0.26818556443914593,Lulu on the Bridge,Drama|Mystery|Romance
2667,49,25,7,0.548311538618236,0.359381490943723,0.53574884,0.03500071407278568,The Pajama Game,Comedy
2668,225,96,23,0.4555739720843831,0.2942028206902687,0.52697337,-0.6156295761058144,Sommersby,Drama|Mystery|Romance
2669,31,10,3,0.48497336201488106,0.3825601970129871,0.48212224,-0.5440047401385513,Thumbelina,Animation|Children's
2670,168,51,10,0.368269918913786,0.29657041406712104,0.5345981,-0.883236235993281,Tommy,Drama|Musical
2671,29,4,2,0.4213018015595616,0.40654836705146713,0.56077385,-0.09412081025766461,Hell Night,Horror
2672,125,59,17,0.5044733847040306,0.33902396165852505,0.5123317,-0.38587762027565103,Operation Condor (Feiying gaiwak),Action|Adventure|Comedy
2673,52,30,7,0.5812043365020134,0.33692014775974033,0.5158193,-0.07162613930401701,Operation Condor 2 (Longxiong hudi),Action|Adventure|Comedy
2674,638,279,61,0.44808552663256596,0.24605961039750526,0.5476212,-0.6513547325511885,Double Jeopardy,Action|Thriller
2675,95,30,9,0.40884718843589907,0.36192014775974035,0.52979034,-0.5376878353984775,Jakob the Liar,Drama
2676,201,115,18,0.5748320411283082,0.23002188982290442,0.50464296,-0.5544716835496184,Mumford,Comedy
2677,29,3,1,0.4086435737114603,0.39535116642979673,0.5097064,-0.5782447845633744,Dog Park,Comedy|Romance
2678,45,21,3,0.5292930770863723,0.3232903073349187,0.5223204,-0.2677380211509511,Guinevere,Drama|Romance
2679,27,6,2,0.45821873147019954,0.39202878251391476,0.49684814,-0.49939946183750483,The Adventures of Elmo in Grouchland,Children's|Comedy
2680,2,1,0,0.582362352369334,0.39124729060351426,0.53924143,0.0,Simon Sez,Drama
2681,89,21,9,0.3617470670734199,0.40779734958843983,0.5582112,-0.3382412406375376,Drive Me Crazy,Comedy|Romance
2682,230,127,20,0.558153008297162,0.22572662045637984,0.536681,-0.38458577584823067,"Mystery, Alaska",Comedy
2683,794,530,201,0.6626573961175419,0.38095450313927454,0.5329129,0.5268008278226421,Three Kings,Drama|War
2684,140,73,22,0.5383307490695018,0.3410862749656848,0.49750203,-0.363947852088592,"Happy, Texas",Comedy
2685,7,2,1,0.5488217951439538,0.40295407347652357,0.52955735,0.1403340053846414,New Rose Hotel,Action|Drama
2686,27,11,1,0.5231537964052645,0.3435018331275283,0.5488764,-0.014791752188757862,Plunkett & MaCleane,Action|Drama
2687,20,4,0,0.4754691760457909,0.3695113300144301,0.5593022,-0.026411047699201745,Romance,Drama|Romance
2688,1,0,0,0.5741733788863798,0.39907223641558454,0.51306593,0.0,Napoleon and Samantha,Adventure
2689,22,8,1,0.5178172544889634,0.3612691693237798,0.4759327,-0.5400379589547741,Alvarez Kelly,Western
2690,15,6,1,0.5428129588185441,0.3741716396567719,0.5139849,-0.10372208231838936,And the Ship Sails On (E la nave va),Comedy|War
2691,87,17,3,0.33783096586281286,0.3425912212056601,0.5458337,-0.7528198285487611,The Dark Half,Horror|Mystery
2692,97,53,14,0.5597472266884719,0.32964671670659446,0.50042987,-0.29878123150325153,Gulliver's Travels,Adventure|Animation|Children's
2693,129,31,4,0.33677565543690147,0.29572360272566944,0.5245092,-1.0854052366230664,Monkey Shines,Horror|Sci-Fi
2694,284,115,40,0.43198455785390827,0.36335522315623775,0.49282816,-0.7309742521104052,Phantasm,Horror|Sci-Fi
2695,141,19,3,0.25278975038327417,0.33266104088085835,0.5324377,-1.2177507096603832,Psycho II,Horror|Thriller
2696,6,6,0,0.6300507557715244,0.35631449679962907,0.5408149,0.377384028270362,Psycho III,Horror|Thriller
2697,14,11,2,0.6294194113000838,0.35989527575047914,0.562455,0.5554788417493538,Rain,Drama
2698,50,48,32,0.7728284232320536,0.5301388961304003,0.50263137,1.2330070958301071,Sanjuro,Action|Adventure
2699,195,26,5,0.22564425438043006,0.32833699764183194,0.5545541,-1.1651903904526837,Random Hearts,Drama|Romance
2700,170,38,10,0.30583110146911524,0.34038195250885483,0.55336136,-0.8248439647809797,Superstar,Comedy
2701,687,520,271,0.74529557981439,0.5104449330189109,0.533259,1.296756878131044,Boys Don't Cry,Drama
2702,1,1,0,0.5937812220236346,0.39124729060351426,0.47342402,0.0,"Five Wives, Three Secretaries and Me",Documentary
2703,4,2,1,0.5793118948741734,0.40295407347652357,0.5207392,0.0,"Grandfather, The (El Abuelo)",Drama
2704,357,215,79,0.6002035437916594,0.3734098559274688,0.58035016,0.6293171339046697,The Limey,Action|Crime|Drama
2705,6,6,4,0.6300507557715244,0.42774306822820046,0.53492296,0.5799155284323982,The Mating Habits of the Earthbound Human,Comedy
2706,8,0,0,0.5048765917794028,0.39907223641558454,0.5628718,0.21692861731329646,Molly,Comedy|Drama
2707,686,391,120,0.5710364705478334,0.31735512884530437,0.53898084,0.0012288861079119973,Risky Business,Comedy
2708,1694,1057,308,0.6228686022495443,0.2962543918886894,0.53731984,0.11390168607120159,Total Recall,Action|Adventure|Sci-Fi|Thriller
2709,417,319,124,0.7457876709276346,0.3901181892162039,0.5464765,0.9830347963316173,Body Heat,Crime|Thriller
2710,1184,935,446,0.7814285594191291,0.4730493521023139,0.5266445,1.2540657267977136,Ferris Bueller's Day Off,Comedy
2711,336,245,81,0.7105773117181486,0.34221563329077703,0.5513707,0.7194026282337859,Year of Living Dangerously,Drama|Romance
2712,75,62,35,0.7302627385856428,0.49065724839981456,0.5136422,1.017924040903575,Children of Paradise (Les enfants du paradis),Drama|Romance
2713,267,192,64,0.6980531303571147,0.346915751325534,0.4985747,0.2776288880946483,High Plains Drifter,Western
2714,209,138,31,0.6458797000895959,0.2710298501105278,0.5146644,-0.06142526529207745,Hang 'em High,Western
2715,12,5,1,0.5529490697291188,0.3809747603778041,0.52791744,0.06703516507383471,Citizen's Band (a.k.a. Handle with Care),Comedy
2716,99,73,30,0.686462029014801,0.40612692537218886,0.50226206,0.467605984834088,Drunken Master (Zui quan),Action|Comedy
2717,44,38,21,0.7157749183319719,0.4653819525088549,0.53673494,1.0538163343536602,"Conformist, The (Il Conformista)",Drama
2718,371,183,48,0.5042347798650959,0.29164640266428854,0.55252546,-0.2393121423613458,Hairspray,Comedy|Drama
2719,82,64,31,0.7066881994182224,0.4469615071998178,0.5690303,1.2057381302703594,Brief Encounter,Drama|Romance
2720,24,24,9,0.7200384097730455,0.3912650246051247,0.5772584,1.12727251851439,The Razor's Edge,Drama
2721,174,94,28,0.550369831800024,0.3330111931998558,0.56615716,0.18740462463443175,Reds,Drama
2722,3,3,2,0.6091102325133088,0.4142190909580986,0.5130796,0.0,Return with Honor,Documentary
2723,9,7,5,0.6149634292068706,0.43778266352244255,0.51904565,0.4335988683286456,Time of the Gypsies (Dom za vesanje),Drama
2724,86,59,30,0.649138546494157,0.4582900167043966,0.5641851,0.9866223070402154,Days of Heaven,Drama
2725,5,1,1,0.5505971331491885,0.41085513374076915,0.5420216,0.27141710311996525,"Fire Within, The (Le Feu Follet)",Drama
2726,4,1,0,0.560793376355655,0.39124729060351426,0.48036984,0.0,"Love Bewitched, A (El Amor Brujo)",Musical
2727,123,101,55,0.7530800134289327,0.49638153523694856,0.52699983,1.2291339602812548,The Lady Eve,Comedy|Romance
2728,130,102,51,0.7293491240178075,0.4668000777682844,0.52013475,0.9819134445963434,Sullivan's Travels,Comedy
2729,89,74,46,0.7430420311021968,0.5318839662966067,0.5284814,1.3255266903689513,The Palm Beach Story,Comedy
2730,24,17,6,0.6254438151784509,0.3873673406086452,0.51165324,0.2411584376078882,Man Facing Southeast (Hombre Mirando al Sudeste),Drama
2731,44,24,8,0.566838748119206,0.37775151109161115,0.53088206,0.1321616838622779,Niagara,Drama|Thriller
2732,88,68,28,0.7049481327768504,0.4063865408540613,0.48688242,0.420006463820767,Gilda,Film-Noir
2733,218,120,41,0.5570255310567364,0.35855065776928957,0.5082095,-0.14833229643129772,South Pacific,Musical|Romance|War
2734,105,105,26,0.8663409182142281,0.29647491497276923,0.5493151,1.1422279705351497,Flashdance,Drama|Romance
2735,127,82,25,0.6287166232949455,0.34055766530893355,0.51702,0.13268584645511883,Indochine,Drama|Romance
2736,596,456,176,0.7512118302216801,0.38726010241260717,0.53653127,0.9166759227617182,The Dirty Dozen,Action|War
2737,23,5,1,0.4696279770302105,0.3809747603778041,0.5310744,-0.22821527109043804,Mike's Murder,Mystery
2738,242,149,68,0.6105576791890595,0.44197794884813685,0.56085765,0.7560117734475327,Help!,Comedy|Musical
2739,739,553,192,0.7380010675832768,0.35149852706596885,0.52413565,0.6453932944534972,Goldfinger,Action
2740,621,439,143,0.6978879915397994,0.3332384699811436,0.53232986,0.49161530535799774,From Russia with Love,Action
2741,545,397,118,0.7164417518037065,0.3086210555274703,0.5230921,0.40550235789053696,Dr. No,Action
2742,288,39,8,0.20202024355977916,0.3140855260761711,0.5318452,-1.4817652912811679,The Blue Lagoon,Adventure|Drama|Romance
2743,445,339,121,0.7440057420670816,0.3623486165058592,0.51209617,0.6126477139608242,A Fistful of Dollars,Action|Western
2744,119,84,22,0.6703126764686708,0.3130866553789495,0.53684133,0.3507763751522184,"Hard 8 (a.k.a. Sydney, a.k.a. Hard Eight)",Crime|Thriller
2745,268,43,8,0.22730453560756403,0.3005764711911745,0.50026953,-1.6769243989748335,Home Alone 2: Lost in New York,Children's|Comedy
2746,4,1,0,0.560793376355655,0.39124729060351426,0.54381007,0.0,Penitentiary II,Drama
2747,42,42,7,0.7748135035131017,0.292974041530209,0.564677,0.8981052288789346,Someone to Watch Over Me,Action|Crime|Thriller
2748,1130,853,509,0.7476973240027164,0.5857736565014167,0.5601902,1.7769880742172575,Fight Club,Drama
2749,3,1,0,0.571374383456705,0.39124729060351426,0.55653185,0.0,Beefcake,Drama
2750,224,60,19,0.3258497895007495,0.35412374382526574,0.5712772,-0.5611030505384764,The Story of Us,Comedy|Drama
2751,6,3,3,0.5764793272000958,0.4330870154864005,0.5563995,0.5596957504994429,Fever Pitch,Comedy|Romance
2752,6,4,1,0.5943364700572387,0.38802984853294864,0.54608047,0.39146104410524885,Joe the King,Crime|Drama
2753,2,2,2,0.6015931216001031,0.42218484270729284,0.5253811,0.0,Julien Donkey-Boy,Drama
2754,55,4,1,0.31697945069719397,0.38802984853294864,0.5191921,-0.8818104844249818,The Omega Code,Action
2755,241,241,123,0.928807018292802,0.49124952515731696,0.5748462,2.2573038742046494,The Straight Story,Drama
2756,104,64,23,0.6057327423584764,0.3767860686033266,0.56364536,0.5325331904854014,The Bad Seed,Drama|Thriller
2757,867,526,188,0.6055429032968433,0.3610305760777417,0.5307484,0.22153905476153676,Time Bandits,Adventure|Fantasy|Sci-Fi
2758,68,48,20,0.6549393417220793,0.40768991653856357,0.5330951,0.5915302594951248,"Man and a Woman, A (Un Homme et une Femme)",Drama|Romance
2759,80,59,26,0.6790987871015797,0.4215927689979746,0.55582136,0.9090829308410162,Fitzcarraldo,Adventure|Drama
2760,256,170,70,0.6512511187032854,0.4088800537308147,0.48463184,0.20511651697305133,All That Jazz,Musical
2761,51,37,17,0.6562657655762907,0.4247541588595314,0.47495383,0.20437602002669708,Red Sorghum (Hong Gao Liang),Drama|War
2762,365,278,127,0.7404405839113383,0.448029304331644,0.54714036,1.1689738336297286,Crimes and Misdemeanors,Comedy
2763,55,4,3,0.31697945069719397,0.4250668855699857,0.52150977,-0.735066129022748,Bats,Horror|Thriller
2764,83,26,9,0.4156604685955291,0.38096857658920036,0.5502558,-0.2863785605013035,The Best Man,Drama
2765,454,184,62,0.42318024270477256,0.35022911034521037,0.5766846,-0.15910951566059855,Bringing Out the Dead,Drama|Horror
2766,33,14,4,0.521480027990426,0.3742751846996754,0.5379102,0.000585256294720872,Crazy in Alabama,Comedy|Drama
2767,72,16,3,0.37117083871479806,0.34778199728453374,0.55160874,-0.5619720947574295,Three to Tango,Comedy|Romance
2768,20,3,0,0.46118346176007663,0.37648324190149485,0.57100934,0.033923111284937135,Body Shots,Drama
2769,12,9,5,0.6174651987613768,0.4229425732335462,0.45503926,-0.1054988254745769,"Brother, Can You Spare a Dime?",Documentary
2770,32,2,1,0.3814980771122605,0.40295407347652357,0.5427446,-0.3994000385814362,The Guardian,Horror|Thriller
2771,67,49,22,0.6690841224205586,0.4237738567755478,0.53231025,0.6956283728575179,The Ipcress File,Thriller
2772,6,3,1,0.5764793272000958,0.39535116642979673,0.5088167,0.0589649551720309,On Any Sunday,Documentary
2773,1016,529,132,0.5237174881080726,0.26244147119305566,0.5290973,-0.4480178920263008,Robocop,Action|Crime|Sci-Fi
2774,393,42,7,0.16090935061671638,0.292974041530209,0.52023697,-1.8030826965274835,Robocop 2,Action|Crime|Sci-Fi
2775,1493,931,294,0.6223479211427125,0.32003426281424996,0.48451468,-0.21555350712181018,Who Framed Roger Rabbit?,Adventure|Animation|Film-Noir
2776,88,52,12,0.5890061037913432,0.3132707041252865,0.56351906,0.24657398457816515,Melvin and Howard,Drama
2777,353,178,39,0.5143494846729662,0.25856847289815454,0.5459426,-0.36660224929750773,For Your Eyes Only,Action
2778,305,125,25,0.4345995558400151,0.2568777818330242,0.5310803,-0.7939730834251795,Licence to Kill,Action
2779,346,196,44,0.5688960664727408,0.25997403179178546,0.54896057,-0.12893837605854463,Live and Let Die,Action
2780,27,6,1,0.45821873147019954,0.3741716396567719,0.5099401,-0.45979215111863814,Rawhead Rex,Horror|Thriller
2781,319,196,57,0.6105226079219658,0.31281956024707,0.5238805,0.019723784451635078,Thunderball,Action
2782,8,3,1,0.5566007297104373,0.39535116642979673,0.56637067,0.4296748204003369,The City,Drama
2783,274,37,7,0.20457667383705358,0.3098116301238992,0.5061182,-1.686622858519685,The House on Haunted Hill,Horror
2784,99,54,23,0.5589452504913112,0.41301549827672335,0.5652473,0.4913505579329501,Music of the Heart,Drama
2785,1899,1505,876,0.787215414224323,0.576175956154842,0.5527228,1.837291612840885,Being John Malkovich,Comedy
2786,7,5,3,0.6014533740913222,0.41733839674144046,0.49907824,0.15560467056137195,Dreaming of Joseph Lees,Romance
2787,3,2,1,0.5902423079850069,0.40295407347652357,0.51482147,0.0,Man of the Century,Comedy
2788,210,166,94,0.7510878550892514,0.5275630176887928,0.48680413,1.0176930450344563,"Princess Mononoke, The (Mononoke Hime)",Action|Adventure|Animation
2789,3,0,0,0.5525064589284031,0.39907223641558454,0.54011226,0.0,The Suburbans,Drama
2790,27,18,7,0.6140628873143554,0.3963766444232239,0.4949041,0.09871356713294366,My Best Fiend (Mein liebster Feind),Documentary
2791,5,2,0,0.5687789513310066,0.38372330424575435,0.5426554,0.2518054179103545,Train of Life (Train De Vie),Comedy|Drama
2792,194,34,3,0.25935591116067774,0.27325728358070506,0.5148267,-1.535821423645,The Bachelor,Comedy|Romance
2793,518,253,57,0.4969768350760658,0.2539723162401955,0.524364,-0.6168445186817335,The Bone Collector,Thriller
2794,718,561,251,0.7685974509416736,0.4434592664824537,0.54209584,1.2219694140066435,The Insider,Drama
2795,224,172,88,0.7346089135883407,0.48627753072423074,0.5379345,1.2080485857988001,American Movie,Documentary
2796,39,23,8,0.5874476665528693,0.38292618932574285,0.5502511,0.37967438441967616,Last Night,Thriller
2797,22,15,5,0.6150394767111856,0.3839017203196804,0.5551562,0.527052793275245,Rosetta,Drama
2798,120,72,20,0.5957814254306197,0.32748862148179697,0.50571275,-0.1269609166045325,"They Shoot Horses, Don't They?",Drama
2799,7,4,4,0.5839095144421994,0.44358540408850416,0.53678554,0.47237017176671103,Battling Butler,Comedy
2800,56,18,4,0.44606455021891855,0.35225899736440036,0.515932,-0.5360705254658578,Bride of Re-Animator,Comedy|Horror
2801,40,10,4,0.43647602581339295,0.39922686367965377,0.5227173,-0.3569063389085539,Bustin' Loose,Comedy
2802,56,56,9,0.8045551162566543,0.2731472813281059,0.54750633,0.8099698383409588,Coma,Thriller
2803,367,126,26,0.3723809168422191,0.26110006716351836,0.5277471,-1.0439662997500705,Creepshow,Horror
2804,85,13,4,0.31320623943115083,0.3802160606472893,0.49604192,-1.103251406010154,Creepshow 2,Horror
2805,201,112,45,0.5628798498932485,0.40094822111592116,0.50506353,-0.002920802983748111,Re-Animator,Horror
2806,345,251,91,0.709576816008115,0.36861665056737286,0.54455036,0.754364253322068,Drugstore Cowboy,Crime|Drama
2807,437,225,69,0.5221413600065818,0.32346767934828813,0.5708162,0.08208057942277722,Falling Down,Action|Drama
2808,9,9,4,0.6488617342916163,0.40599342069117333,0.5218169,0.47471484444153256,The Funhouse,Horror
2809,157,157,108,0.8999171126724896,0.618133390438547,0.5307883,2.2453082839956897,The General,Comedy
2810,130,20,3,0.273793568462252,0.3279087402968461,0.49794382,-1.4215626131602352,Piranha,Horror|Sci-Fi
2811,4,4,1,0.6163489319112104,0.38802984853294864,0.5332579,0.0,Rough Night in Jericho,Western
2812,7,1,0,0.5312779354948309,0.39124729060351426,0.53373307,0.06474174007589373,Slaughterhouse,Horror
2813,6,0,0,0.5229078986286673,0.39907223641558454,0.5088218,-0.13365715381224627,Slaughterhouse 2,Horror
2814,109,65,31,0.5929738510893419,0.44307488539808026,0.5455564,0.5735027915345966,The Taming of the Shrew,Comedy
2815,172,71,14,0.45172451496939353,0.28060836215520024,0.5570552,-0.4440244101434083,Nighthawks,Action|Drama
2816,172,157,100,0.8391119023567809,0.579486047443378,0.5219132,1.808679011364854,Yojimbo,Comedy|Drama|Western
2817,37,8,0,0.42853841750810767,0.3440277900134349,0.50492,-0.7174708297043282,Repossessed,Comedy
2818,179,93,29,0.533986211018364,0.3423329497956589,0.4896438,-0.43731956975263087,The Omega Man,Sci-Fi
2819,737,348,112,0.4793937005377451,0.3315417382431639,0.534198,-0.3383101449828768,Spaceballs,Comedy|Sci-Fi
2820,276,177,60,0.6327694549791575,0.35221855427656046,0.49686393,0.03222952828641423,Robin Hood,Animation|Children's
2821,349,292,130,0.8052201561985097,0.43846085327713225,0.5447085,1.365436448052348,Mister Roberts,Comedy|Drama|War
2822,138,65,19,0.5015044804425817,0.33872705931112373,0.5460726,-0.13625101253258012,Quest for Fire,Adventure
2823,499,379,174,0.7436845943956383,0.45210632126055766,0.5367705,1.115057116121085,Little Big Man,Comedy|Drama|Western
2824,64,54,27,0.7305512484491699,0.45147703673826184,0.54282016,1.1094517917916433,A Face in the Crowd,Drama
2825,678,466,136,0.6803335746197876,0.3022356818232156,0.5402197,0.3777543211826789,Trading Places,Comedy
2826,248,102,27,0.4405464507490113,0.30890534092617916,0.5279151,-0.6148806758383958,Meatballs,Comedy
2827,61,3,0,0.29083641732617443,0.37648324190149485,0.5343907,-0.904237383908818,Meatballs Part II,Comedy
2828,53,2,1,0.3037169157592754,0.40295407347652357,0.5373614,-0.7397175097018376,Meatballs III,Comedy
2829,31,4,2,0.410899287940807,0.40654836705146713,0.53008944,-0.37235782343896506,Meatballs 4,Comedy
2830,481,333,114,0.6822652397800478,0.349748333735716,0.5553536,0.6678646811325503,Dead Again,Mystery|Romance|Thriller
2831,93,30,6,0.41456533093150605,0.3244201477597403,0.5376387,-0.5851405446832826,Peter's Friends,Comedy|Drama
2832,72,42,11,0.5842855928131587,0.3364523023997742,0.52033013,-0.02639333425996135,The Incredibly True Adventure of Two Girls in Love,Comedy|Romance
2833,11,8,2,0.6111941364459896,0.3785105486341246,0.5716358,0.6215459338939014,Experience Preferred... But Not Essential,Drama
2834,62,9,3,0.3418110921714765,0.38904426814880044,0.5316401,-0.6863064648421329,Under the Rainbow,Comedy
2835,31,11,4,0.49731904102722674,0.39268216099638076,0.5243521,-0.13345650838526588,How I Won the War,Comedy|War
2836,11,5,1,0.5620138085771371,0.3809747603778041,0.568318,0.4155997800481622,Light It Up,Drama
2837,121,33,3,0.36422714808892026,0.27654954000938825,0.58025604,-0.6137378379696927,Anywhere But Here,Drama
2838,778,501,218,0.6404382153661901,0.43185773470195865,0.55756855,0.8099632162423965,Dogma,Comedy
2839,273,104,28,0.4126403787096141,0.3113870897453197,0.5018729,-0.9156118716025516,The Messenger: The Story of Joan of Arc,Drama|War
2840,105,14,3,0.27924414402067976,0.3586501846996754,0.4863562,-1.3837812133135843,Pokémon: The First Movie,Animation|Children's
2841,63,29,5,0.5157773656920829,0.31586850406049655,0.52493346,-0.32511267336970145,Felicia's Journey,Thriller
2842,2,2,0,0.6015931216001031,0.38372330424575435,0.5319207,0.0,Oxygen,Thriller
2843,1,1,0,0.5937812220236346,0.39124729060351426,0.49901083,0.0,Where's Marlowe?,Comedy
2844,10,1,0,0.5047140387200895,0.39124729060351426,0.5087718,-0.23107005314999376,The Ape,Horror|Sci-Fi
2845,465,322,100,0.6821026064528259,0.32245594575478287,0.54969835,0.5284478155294512,The Commitments,Comedy|Drama
2846,217,159,50,0.7051791847311062,0.3347062766544461,0.48778287,0.17871990377203517,Holiday Inn,Comedy|Musical
2847,293,221,86,0.7296875869481205,0.3909727373460488,0.54003084,0.8741555292048416,The Longest Day,Action|Drama|War
2848,107,26,4,0.3521200147974864,0.3151791029049898,0.52648365,-0.9435528180975906,Poison Ivy,Thriller
2849,49,9,1,0.3866953770020744,0.35514596306405466,0.52190757,-0.7074721552169047,Poison Ivy: New Seduction,Thriller
2850,1,1,0,0.5937812220236346,0.39124729060351426,0.5438096,0.0,Ten Benny,Drama
2851,155,91,34,0.5867455723083188,0.3826497292253846,0.5005827,-0.009737140870678146,Tora! Tora! Tora!,War
2852,293,200,75,0.6684630971522022,0.3798144472831169,0.5281952,0.5084783310340619,Women on the Verge of a Nervous Breakdown,Comedy|Drama
2853,301,203,62,0.6617744795532916,0.32392731944972025,0.556757,0.5103688830665729,The Verdict,Drama
2854,44,27,11,0.5987536417362272,0.40199495871141855,0.46614355,-0.1638828511612785,The Effect of Gamma Rays on Man-in-the-Moon Marigolds,Drama
2855,529,264,102,0.5065334064304066,0.38838729879229056,0.5154804,-0.18192592238476413,The Adventures of Buckaroo Bonzai Across the 8th Dimension,Adventure|Comedy|Sci-Fi
2856,254,161,38,0.625930402378965,0.27466166739705794,0.5869523,0.43607098101136244,Stand and Deliver,Drama
2857,803,525,209,0.6498040355488925,0.3981801944709204,0.5192508,0.43124183468969207,Moonstruck,Comedy
2858,28,11,4,0.5164466964513509,0.39268216099638076,0.54250056,0.08090396658803672,The Sandpiper,Drama|Romance
2859,182,115,52,0.6219088031172645,0.4360824958835105,0.47814485,0.13668275852986245,Jeremiah Johnson,Western
2860,56,43,18,0.6819136068226921,0.4081033529116046,0.53748524,0.7305855422330183,Repulsion,Thriller
2861,74,47,16,0.6151842122839142,0.3706557919667962,0.5309616,0.29365393177340837,Irma la Douce,Comedy
2862,65,53,31,0.7155029767235248,0.4946952603959148,0.50940394,0.9423986827885207,42 Up,Documentary
2863,117,66,20,0.570555942055122,0.3444276881101658,0.5438443,0.13126376393760125,Liberty Heights,Drama
2864,106,75,23,0.6684797584820856,0.34362889456623386,0.5643398,0.6634798282778589,Mansfield Park,Drama
2865,884,505,106,0.5720373044145668,0.22694344472212474,0.5079202,-0.5504451434399783,Sleepy Hollow,Horror|Romance
2866,743,352,77,0.4808106460570055,0.24117813885765976,0.5645664,-0.41112394438415806,The World Is Not Enough,Action|Thriller
2867,309,248,130,0.772375605357118,0.5032000396670444,0.54051757,1.4318753944599967,All About My Mother (Todo Sobre Mi Madre),Comedy|Drama
2868,2,1,0,0.582362352369334,0.39124729060351426,0.50282335,0.0,Home Page,Documentary
2869,2,1,0,0.582362352369334,0.39124729060351426,0.49543875,0.0,"Living Dead Girl, The (La Morte Vivante)",Horror
2870,66,39,12,0.5886451924414255,0.3590293463008902,0.5128925,0.011052251436017624,March of the Wooden Soldiers (a.k.a. Laurel & Hardy in Toyland),Comedy
2871,412,203,49,0.502776714985293,0.2725439202402341,0.53021866,-0.4845582879880677,Scrooged,Comedy
2872,276,212,101,0.7401314181693416,0.46165500694953904,0.5289806,1.0741114974108799,Harvey,Comedy
2873,201,174,109,0.8098918020844835,0.5756857670570501,0.5160975,1.6381598901496817,"Bicycle Thief, The (Ladri di biciclette)",Drama
2874,140,116,47,0.7646465385431861,0.40333501096854957,0.5505667,1.1331210531115887,Matewan,Drama
2875,124,109,59,0.7947289788689963,0.49656359635710207,0.5235159,1.3625485156880166,Kagemusha,Drama|War
2876,17,11,6,0.6012364525851547,0.4254690462422824,0.55355626,0.6061452979292858,Chushingura,Drama
2877,174,101,52,0.581619831800024,0.4765139855680744,0.52923644,0.5194143248157445,McCabe & Mrs. Miller,Drama|Western
2878,87,56,26,0.6225024987095281,0.43352463981867195,0.5614941,0.7774122624164131,Maurice,Drama|Romance
2879,421,337,183,0.7776705781809031,0.5244279375213934,0.56879616,1.7456155785888985,The Grapes of Wrath,Drama
2880,76,58,21,0.6927209708190901,0.37920010945165955,0.5166993,0.5101553693544126,My Man Godfrey,Comedy
2881,164,132,48,0.7536581416972213,0.373371493520765,0.5122178,0.6889529514217827,The Shop Around the Corner,Comedy|Romance
2882,403,260,89,0.6385934709121531,0.35146326393799754,0.5708485,0.6265659785631859,The Natural,Drama
2883,225,97,21,0.45921033572074677,0.2785959987808111,0.50953066,-0.7913955196128286,Shampoo,Comedy|Romance
2884,467,299,112,0.6349764841841496,0.37809057828303505,0.53144914,0.39924332864766066,A River Runs Through It,Drama
2885,666,414,118,0.6191101149765439,0.2973138185792656,0.5536097,0.22967748597548346,Fatal Attraction,Thriller
2886,207,129,29,0.6158865460046901,0.2734838649205544,0.5485521,0.09519039622725364,Jagged Edge,Thriller
2887,50,13,3,0.42282842323205366,0.36434304477427343,0.520523,-0.5475843802072942,Stanley & Iris,Drama|Romance
2888,639,441,149,0.6825585519930412,0.3441010424048457,0.5429696,0.5531780340189701,Midnight Run,Action|Adventure|Comedy|Crime
2889,523,340,102,0.6444726742115278,0.3127015687712288,0.56699634,0.4844716948848536,Awakenings,Drama
2890,19,11,3,0.5838093090319618,0.3762887183734299,0.5643449,0.4520996031841561,Come See the Paradise,Drama|Romance
2891,693,331,78,0.4849028833421338,0.25709609401779326,0.5620287,-0.35979571076336725,Backdraft,Action|Drama
2892,449,449,164,0.9584826499463034,0.36864451266689224,0.5426953,1.6953032494391984,The Fisher King,Comedy|Drama|Romance
2893,52,18,4,0.463557277678484,0.35225899736440036,0.56008184,-0.12604198362686478,The River,Drama
2894,24,10,2,0.5308492205838563,0.36589353034632044,0.60636497,0.5390692066369953,Country,Drama
2895,169,105,30,0.6131636635762802,0.32228136658567247,0.56142575,0.3543496127976729,Places in the Heart,Drama
2896,58,27,9,0.5211374289185682,0.37602093273739257,0.54174805,0.03514573543778838,'Night Mother,Drama
2897,470,100,21,0.24862085062154876,0.27302407880519486,0.5595957,-1.230127129587768,End of Days,Action|Thriller
2898,1258,1038,583,0.8159654757822671,0.5541853049823339,0.50630426,1.5106716936531566,Toy Story 2,Animation|Children's|Comedy
2899,68,25,7,0.46002408748479123,0.359381490943723,0.577804,0.022798331961023155,Flawless,Drama
2900,8,3,0,0.5566007297104373,0.37648324190149485,0.53494513,0.12001798116169803,Miss Julie,Drama
2901,56,27,11,0.530970210596277,0.40199495871141855,0.5705708,0.38702557370149504,Ride with the Devil,Drama|Romance|War
2902,50,28,5,0.5728284232320536,0.31991810026640033,0.5700877,0.2586101933123566,Tumbleweeds,Drama
2903,1,0,0,0.5741733788863798,0.39907223641558454,0.52569884,0.0,Bay of Blood (Reazione a catena),Horror
2904,106,33,3,0.39924898925131647,0.27654954000938825,0.51751995,-0.9665788105676005,The Distinguished Gentleman,Comedy
2905,11,5,2,0.5620138085771371,0.3991565785596223,0.4890505,-0.13683954993909192,The Hitch-Hiker,Film-Noir
2906,26,11,1,0.5300373989895443,0.3435018331275283,0.5022521,-0.35048732054721876,Santa Fe Trail,Drama|Romance|Western
2907,3,0,0,0.5525064589284031,0.39907223641558454,0.5240891,0.0,Spring Fever USA (a.k.a. Lauderdale),Comedy
2908,24,15,2,0.5984167881514239,0.33774787416583424,0.52502495,0.06880572668889914,Agnes Browne,Comedy|Drama
2909,163,99,32,0.6022668653671613,0.34868195852871964,0.53494704,0.19865047052059973,The End of the Affair,Drama
2910,1,1,0,0.5937812220236346,0.39124729060351426,0.53494704,0.0,The End of the Affair,Drama
2911,38,20,4,0.5600322991273337,0.34219445458256037,0.56576025,0.2533263749154928,Holy Smoke,Drama
2912,33,15,6,0.5335282207615104,0.3992863357042958,0.56123304,0.3149042410519989,A Map of the World,Drama
2913,220,131,39,0.5936401567526124,0.3257105625457416,0.5727612,0.37938059706861166,Sweet and Lowdown,Comedy|Drama
2914,97,11,2,0.2740329409741862,0.35989527575047914,0.5511519,-0.8962090746317256,Bonfire of the Vanities,Comedy
2915,1,0,0,0.5741733788863798,0.39907223641558454,0.50907373,0.0,Broadway Damage,Comedy
2916,30,18,5,0.5910355290400671,0.36696487971734154,0.5095256,0.021661118398920376,Daddy Long Legs,Comedy
2917,33,23,7,0.6299137629301851,0.36922755918875655,0.5278429,0.32099656090023754,Go West,Comedy
2918,136,117,82,0.7864668942107815,0.6105006695855044,0.50593925,1.5903842125862393,"Grand Illusion (Grande illusion, La)",Drama|War
2919,156,113,45,0.6906934093359484,0.3984884160784002,0.5246692,0.631320681962415,The Great Santini,Drama
2920,2,1,0,0.582362352369334,0.39124729060351426,0.507925,0.0,The James Dean Story,Documentary
2921,13,10,1,0.6235371797334185,0.3492268636796538,0.52023554,0.16791705186065353,The Sea Wolves,Action|War
2922,49,18,4,0.4776044679111653,0.35225899736440036,0.5463417,-0.17884609706190885,Stealing Home,Drama
2923,13,5,1,0.5441721003683392,0.3809747603778041,0.5005482,-0.17921581145189064,Tarzan the Fearless,Action|Adventure
2924,4,3,2,0.5978304133926919,0.4142190909580986,0.5491848,0.0,The Three Ages,Comedy
2925,45,14,2,0.4556088665600565,0.3430251846996754,0.53449243,-0.3873871857205186,The Two Jakes,Drama
2926,107,46,14,0.4795085498293335,0.35368345646645033,0.46929616,-0.7649709741170463,U2: Rattle and Hum,Documentary|Musical
2927,28,15,6,0.5677287477334021,0.3992863357042958,0.56145906,0.44791430589935743,Hell in the Pacific,Drama|War
2928,40,16,4,0.5031426924800596,0.3629335124360489,0.53454393,-0.13535903992396353,The Glass Bottom Boat,Comedy|Romance
2929,201,92,27,0.48319857499285,0.3306592381745016,0.54629874,-0.23279343502233296,The Cradle Will Rock,Drama
2930,251,85,17,0.3796772170206158,0.273730457931698,0.4905615,-1.2608669168948816,Deuce Bigalow: Male Gigolo,Comedy
2931,973,789,422,0.7998854763667697,0.5267623502035509,0.5465271,1.6660309491019571,The Green Mile,Drama|Thriller
2932,543,416,159,0.7508985536647645,0.3840206262248481,0.54263335,0.9516055359262292,The Cider House Rules,Drama
2933,7,2,0,0.5488217951439538,0.38372330424575435,0.52929276,0.07143127509100805,Diamonds,Mystery
2934,36,24,8,0.61956793399076,0.37775151109161115,0.5659195,0.6066483061024497,The War Zone,Drama
2935,1,0,0,0.5741733788863798,0.39907223641558454,0.54988146,0.0,The Bat Whispers,Crime|Drama|Mystery
2936,290,215,91,0.7184789480094276,0.4186928747953933,0.54650486,0.9777778914890718,The Last Picture Show,Drama
2937,211,123,35,0.5834591659892926,0.31765093538022676,0.51660323,-0.1238655791399806,The 7th Voyage of Sinbad,Action|Adventure|Fantasy
2938,4,1,0,0.560793376355655,0.39124729060351426,0.5519083,0.0,Blood on the Sun,Drama|War
2939,226,115,31,0.522763921460889,0.3088097686107832,0.53452986,-0.24830477696019798,Anna and the King,Drama|Romance
2940,315,108,32,0.3761173762279599,0.32882032797961536,0.53613675,-0.7290658435593065,Bicentennial Man,Comedy|Drama|Sci-Fi
2941,405,167,30,0.43139086224880296,0.2302009761326232,0.5000256,-1.140208704666058,Stuart Little,Children's|Comedy
2942,37,23,6,0.6009522106115559,0.35552892905177025,0.5117333,0.03711332542884774,"Emperor and the Assassin, The (Jing ke ci qin wang)",Drama
2943,309,206,96,0.655383961903079,0.45294379617491887,0.4791605,0.33165295323270993,Fantasia 2000,Animation|Children's|Musical
2944,910,641,340,0.6982112940866723,0.5209169490894056,0.5619499,1.3752903158834513,Magnolia,Drama
2945,12,6,2,0.5690781019871833,0.39202878251391476,0.5867474,0.6242700326427317,Onegin,Drama
2946,14,1,0,0.47316941130008383,0.39124729060351426,0.53594595,-0.14108029975646333,Simpatico,Comedy|Drama
2947,252,158,77,0.6201418619973688,0.4661231337537463,0.5751752,0.9879238386472194,Topsy-Turvy,Drama
2948,1,1,0,0.5937812220236346,0.39124729060351426,0.541492,0.0,The Alley Cats,Drama
2949,11,11,2,0.660374464314842,0.35989527575047914,0.5624302,0.6740854433193351,Boiling Point,Action|Drama
2950,5,0,0,0.5324153149673703,0.39907223641558454,0.5363188,0.11638918149004374,Brenda Starr,Adventure
2951,131,76,23,0.5816731620066594,0.34090168111729546,0.566937,0.3410253662984301,Carnal Knowledge,Drama
2952,386,256,100,0.6543184456954252,0.39200526738816743,0.55990684,0.7428627463993285,Easy Rider,Adventure|Drama
2953,109,109,21,0.8697034108377696,0.25756988566527816,0.5407032,0.9530097980135634,The Falcon and the Snowman,Drama
2954,19,13,4,0.6127948162783386,0.3802160606472893,0.5668525,0.5964676411220871,Room at the Top,Drama
2955,1,1,1,0.5937812220236346,0.41085513374076915,0.5235027,0.0,Ulysses (Ulisse),Adventure
2956,375,160,34,0.4453713937016597,0.25692196105132964,0.5729198,-0.4275278824371434,Any Given Sunday,Drama
2957,720,390,108,0.5445231718483187,0.2908036632290437,0.5509949,-0.09951044542755086,Man on the Moon,Comedy|Drama
2958,1423,951,309,0.6655009112852718,0.32862498683394525,0.512773,0.1993925018288114,Galaxy Quest,Adventure|Comedy|Sci-Fi
2959,1096,614,188,0.5613288327427621,0.3131831503324988,0.5584839,0.10094370957585498,The Talented Mr. Ripley,Drama|Mystery|Thriller
2960,124,29,4,0.3349588639264676,0.30321027621239527,0.519893,-1.102205691765504,Next Friday,Comedy
2961,389,273,103,0.6885713948136797,0.3806613369064372,0.56877154,0.9037349040913745,The Hurricane,Drama
2962,175,81,23,0.4901459658809127,0.3278901665708338,0.5380349,-0.27993832803157903,Angela's Ashes,Drama
2963,61,4,0,0.29984542633518346,0.3695113300144301,0.5708003,-0.6111178046429747,Play it to the Bone,Comedy|Drama
2964,102,65,26,0.6202818573895089,0.399596624528515,0.54723626,0.5402178653508724,Titus,Drama
2965,85,62,30,0.6761692023941137,0.4460143912569574,0.46067402,0.24375780050120865,Mr. Death: The Rise and Fall of Fred A. Leuchter Jr.,Documentary
2966,33,20,6,0.5937691846169321,0.37076588315398895,0.5398727,0.2810595285038259,The Third Miracle,Drama
2967,1,1,0,0.5937812220236346,0.39124729060351426,0.5584715,0.0,Montana,Action|Comedy|Crime|Drama
2968,288,145,47,0.5156297110154004,0.34335185549117553,0.53234804,-0.17255861224144872,Snow Falling on Cedars,Drama
2969,346,175,48,0.5158657634424377,0.3020160525367966,0.5410179,-0.24800398588319827,"Girl, Interrupted",Drama
2970,1,0,0,0.5741733788863798,0.39907223641558454,0.58720267,0.0,Trans,Drama
2971,33,22,8,0.6178655701591008,0.3882446086219337,0.46974114,-0.11039145252480131,The Life and Times of Hank Greenberg,Documentary
2972,210,124,37,0.5895493935507898,0.32731960816539785,0.5046218,-0.15993863889825158,My Dog Skip,Comedy
2973,127,11,2,0.22758667979212072,0.35989527575047914,0.52258885,-1.2962986085271013,Supernova,Adventure|Sci-Fi
2974,11,9,3,0.6275875790689404,0.38904426814880044,0.5641555,0.6629803364049898,"Terrorist, The (Malli)",Drama
2975,174,83,19,0.5012626889428811,0.2928842994043551,0.5537071,-0.23723786103863856,The Way We Were,Drama
2976,325,278,135,0.819420912861881,0.472419548234083,0.54310036,1.525489615437513,Stalag 17,Drama|War
2977,216,91,12,0.4521911365534036,0.22662136043105835,0.5403175,-0.7598924643530499,The Presidio,Action
2978,251,193,80,0.7384812037315792,0.4113317358879804,0.5409531,0.98583612354327,Papillon,Drama
2979,63,31,5,0.5334764807363307,0.3080692817380151,0.5143091,-0.36681316886930715,Pal Joey,Comedy|Musical|Romance
2980,94,94,32,0.8561308494667039,0.3607889709776335,0.5558121,1.3770649206986314,The Last Detail,Comedy|Drama
2981,279,198,90,0.6908293079732686,0.44336133798701305,0.5610422,1.070319911116963,Five Easy Pieces,Drama
2982,1,0,0,0.5741733788863798,0.39907223641558454,0.5267382,0.0,Even Dwarfs Started Small (Auch Zwerge haben klein angefangen),Drama
2983,396,251,66,0.6284368661955277,0.28556017216205726,0.5350528,0.0804901018545479,Dead Calm,Thriller
2984,168,97,26,0.5792790932257127,0.31260960422298795,0.5169246,-0.15493584217587505,The Boys from Brazil,Thriller
2985,2,0,0,0.5631315831385647,0.39907223641558454,0.52305925,0.0,Black Sunday (La Maschera Del Demonio),Horror
2986,118,50,13,0.47192168049527,0.3295361182077923,0.53502774,-0.3675135355385897,Against All Odds,Romance
2987,3,2,0,0.5902423079850069,0.38372330424575435,0.49384227,0.0,The Snows of Kilimanjaro,Adventure
2988,217,58,12,0.3269020311730538,0.2958667761183262,0.5200286,-1.1575996479318644,Loaded Weapon 1,Action|Comedy
2989,1,0,0,0.5741733788863798,0.39907223641558454,0.55407614,0.0,The Loves of Carmen,Drama
2990,728,485,196,0.6610319310066908,0.40365161087996115,0.5109012,0.4285031341382406,Fast Times at Ridgemont High,Comedy
2991,52,31,3,0.5910082580706408,0.28337792371332376,0.55768687,0.10505151595704365,A Cry in the Dark,Drama
2992,1,0,0,0.5741733788863798,0.39907223641558454,0.53998315,0.0,Born to Win,Drama
2993,172,104,31,0.6003731636180422,0.33086760922583913,0.47782323,-0.3142005274338793,Batman: Mask of the Phantasm,Animation|Children's
2994,82,37,7,0.5021427448727679,0.3098116301238992,0.5561839,-0.15578353707837508,American Flyers,Drama
2995,9,3,1,0.5471668190373791,0.39535116642979673,0.5770281,0.47624164515243056,Voyage of the Damned,Drama
2996,3,2,1,0.5902423079850069,0.40295407347652357,0.48617497,0.0,Vampyros Lesbos (Las Vampiras),Horror
2997,74,32,10,0.49421647034843036,0.365287949033893,0.5164389,-0.3020467982596384,A Star Is Born,Drama
2998,29,13,2,0.535225852192473,0.34847002890125756,0.555565,0.10075600990507315,Poison,Drama
2999,362,155,18,0.4472884522407897,0.18513956985745966,0.54476756,-0.888340097256686,Pacific Heights,Thriller
3000,1,0,0,0.5741733788863798,0.39907223641558454,0.57434386,0.0,Night Tide,Drama
3001,19,9,5,0.554823801785585,0.4229425732335462,0.51769483,0.14071851165254273,The Draughtsman's Contract,Drama
3002,22,19,9,0.6705950322667412,0.4196175626199888,0.56612235,0.9495852150676811,Carmen,Drama
3003,24,13,3,0.5713897611243969,0.36434304477427343,0.565393,0.3710518350198456,A Zed & Two Noughts,Drama
3004,69,50,27,0.6662423724639106,0.4695361182077923,0.50195485,0.608036917713223,Woman in the Dunes (Suna no onna),Drama
3005,82,27,10,0.42638516911519214,0.38900794572440556,0.5462943,-0.24804132146622304,Down to You,Comedy|Romance
3006,1,0,0,0.5741733788863798,0.39907223641558454,0.5237504,0.0,Wirey Spindell,Comedy
3007,0,0,0,0.5856568464641073,0.39907223641558454,0.53969187,0.0,Another Man's Poison,Crime|Drama
3008,64,41,11,0.6165161607298716,0.3401495804481234,0.52287257,0.12989921096472018,The Odessa File,Thriller
3009,3,3,2,0.6091102325133088,0.4142190909580986,0.54913145,0.0,Seven Chances,Comedy
3010,2,2,2,0.6015931216001031,0.42218484270729284,0.5585997,0.0,Smashing Time,Comedy
3011,53,13,8,0.4105130322641298,0.4437081241393528,0.5063869,-0.42875858785731813,Where the Buffalo Roam,Comedy
3012,2,1,1,0.582362352369334,0.41085513374076915,0.5164332,0.0,Zachariah,Western
3013,1,0,0,0.5741733788863798,0.39907223641558454,0.4675297,0.0,Kestrel's Eye (Falkens öga),Documentary
3014,215,27,6,0.2123880842385108,0.3370598937763536,0.54389167,-1.2685544701178386,Eye of the Beholder,Thriller
3015,28,4,1,0.42670310670776107,0.38802984853294864,0.49702874,-0.6328479689960378,Isn't She Great?,Comedy
3016,18,9,4,0.5629829753412554,0.40599342069117333,0.5380007,0.2708231252681197,The Big Tease,Comedy
3017,24,24,9,0.7200384097730455,0.3912650246051247,0.52190083,0.6973310431264269,"Cup, The (Phörpa)",Comedy
3018,3,2,0,0.5902423079850069,0.38372330424575435,0.5220141,0.0,Santitos,Comedy
3019,209,36,4,0.25205730626720213,0.2785303700090608,0.5227313,-1.4841103089646568,Encino Man,Comedy
3020,262,168,43,0.6323168023179659,0.28877803587513406,0.5391309,0.13823953081274873,The Goodbye Girl,Comedy|Romance
3021,0,0,0,0.5856568464641073,0.39907223641558454,0.52516186,0.0,I Am Cuba (Soy Cuba/Ya Kuba),Drama
3022,372,259,102,0.683134697448354,0.39467188291514316,0.5549045,0.8238718888748664,Malcolm X,Drama
3023,509,195,45,0.4012215426175409,0.26511678294195606,0.54892856,-0.7548109448179448,Sister Act,Comedy|Crime
3024,154,27,4,0.27589628589806553,0.3110858678023276,0.52913624,-1.2297107420463533,Sister Act 2: Back in the Habit,Comedy
3025,259,100,20,0.418391075479629,0.2663574121385282,0.5205358,-0.9051209225439036,The Hand That Rocks the Cradle,Thriller
3026,292,133,23,0.47451123486317354,0.23471919027748214,0.5915197,-0.248415202222103,Alive,Drama
3027,228,106,22,0.48662892922016315,0.26893340910755914,0.53771424,-0.5008652731654628,Agnes of God,Drama|Mystery
3028,441,289,97,0.6482338947519458,0.34499590507604494,0.53432053,0.35738369155402805,Scent of a Woman,Drama
3029,881,513,134,0.5824735148476965,0.27345224124472334,0.52106476,-0.24663574484183448,Wayne's World,Comedy
3030,323,83,10,0.30102638692548356,0.22521512647202427,0.5218147,-1.488624200231506,Wayne's World 2,Comedy
3031,887,537,143,0.6043573557344775,0.2776041087236443,0.5377612,-0.018542707359478383,A League of Their Own,Comedy|Drama
3032,874,584,144,0.6637260198303089,0.2586019113892417,0.5036373,-0.12177862995283384,Patriot Games,Action|Thriller
3033,498,130,24,0.290662121027747,0.2441867323376624,0.52475005,-1.4396554553003778,The Bodyguard,Action|Drama|Romance|Thriller
3034,263,71,8,0.3203924674862791,0.23102158529569608,0.5388385,-1.2618999179789223,Death Becomes Her,Comedy
3035,310,146,34,0.486896784231126,0.27527352969785324,0.57083106,-0.22059262872360363,Far and Away,Drama|Romance
3036,370,234,82,0.6268639102933462,0.35899159091823674,0.5534556,0.4726350515192256,Howards End,Drama
3037,348,181,32,0.5283488500583049,0.22490741047956378,0.5673334,-0.26375000339631355,Singles,Comedy|Drama|Romance
3038,131,50,16,0.43802675316688044,0.3595361182077923,0.55040175,-0.2739086724266109,Twin Peaks: Fire Walk with Me,Drama|Mystery
3039,551,210,40,0.3981411685910239,0.23059081469530474,0.47540063,-1.4577118140570553,White Men Can't Jump,Comedy
3040,409,148,24,0.38623712924445613,0.22198793848878398,0.51838183,-1.1994825440775636,Buffy the Vampire Slayer,Comedy|Horror
3041,270,213,120,0.7571338822600168,0.5321430107253963,0.5468902,1.523482837995913,Hard-Boiled (Lashou shentan),Action|Crime
3042,115,76,29,0.6380778322618507,0.3885207287363431,0.5177106,0.3406998994959413,Man Bites Dog (C'est arrivé près de chez vous),Action|Comedy|Crime|Drama
3043,390,229,72,0.5870064598254668,0.3295828380673091,0.54183096,0.1271587839398211,"Mariachi, El",Action|Thriller
3044,142,10,0,0.20459813710002794,0.3325601970129871,0.54454625,-1.3090081660077597,Stop! Or My Mom Will Shoot,Action|Comedy
3045,383,146,27,0.40481025940694076,0.2395592439835675,0.50974184,-1.1342268629201724,Forever Young,Adventure|Romance|Sci-Fi
3046,145,66,11,0.48862996063182235,0.266841481213614,0.57180005,-0.23572577058028787,The Cutting Edge,Drama
3047,251,179,53,0.6919695758246025,0.31857472410820625,0.56780887,0.6934813237892987,Of Mice and Men,Drama
3048,135,58,18,0.4717991476930019,0.35142233167388176,0.55284166,-0.1535514156386876,Bad Lieutenant,Crime|Drama
3049,464,128,27,0.30599774771051624,0.2637843360717934,0.52460057,-1.31383852286019,Scream 3,Horror|Mystery|Thriller
3050,115,115,16,0.874441468625487,0.2179006777016923,0.51598215,0.641301021206065,Single White Female,Action
3051,53,33,13,0.6046877895456831,0.3970314677202317,0.5208323,0.2663846516563772,The Boondock Saints,Action|Comedy
3052,36,9,0,0.4451493293395973,0.3381968105216818,0.5324026,-0.4605437392179681,Gun Shy,Comedy
3053,1,1,0,0.5937812220236346,0.39124729060351426,0.5409316,0.0,Beloved/Friend (Amigo/Amado),Drama
3054,0,0,0,0.5856568464641073,0.39907223641558454,0.51350385,0.0,The Baby,Horror
3055,35,27,11,0.6621510861553572,0.40199495871141855,0.49606544,0.31181567293233825,The Brandon Teena Story,Documentary
3056,5,5,0,0.6233244058764612,0.36279294219598596,0.5127377,0.1560243586266318,Different for Girls,Comedy
3057,14,7,0,0.5669194113000838,0.3500633652768285,0.52932423,0.02412583413543387,Minnie and Moskowitz,Action
3058,38,24,9,0.6054868445818792,0.3912650246051247,0.5418295,0.4124841744681474,They Might Be Giants,Comedy|Romance
3059,308,74,15,0.28849955956202616,0.28188396629660667,0.55203253,-1.1050233800441511,The Beach,Adventure|Drama
3060,71,10,1,0.32465158944797823,0.3492268636796538,0.52199775,-0.9654584430825913,Snow Day,Comedy
3061,100,25,4,0.3618856154880358,0.31938149094372303,0.5031142,-1.0729681627602656,The Tigger Movie,Animation|Children's
3062,3,2,0,0.5902423079850069,0.38372330424575435,0.5189475,0.0,Cotton Mary,Drama
3063,40,29,11,0.6475871369245041,0.39181787114910416,0.5413865,0.5725373151622086,Not One Less (Yi ge dou bu neng shao),Drama
3064,1,0,0,0.5741733788863798,0.39907223641558454,0.49205086,0.0,Soft Toilet Seats,Comedy
3065,0,0,0,0.5856568464641073,0.39907223641558454,0.57275563,0.0,Trois,Thriller
3066,2,1,0,0.582362352369334,0.39124729060351426,0.5167434,0.0,The Big Combo,Film-Noir
3067,4,1,1,0.560793376355655,0.41085513374076915,0.5446542,0.0,Conceiving Ada,Drama|Sci-Fi
3068,2,1,0,0.582362352369334,0.39124729060351426,0.52313566,0.0,Eaten Alive,Horror
3069,1,1,0,0.5937812220236346,0.39124729060351426,0.54952806,0.0,Raining Stones,Drama
3070,151,93,32,0.6083723498666933,0.3633119707746799,0.5561571,0.43766792160796214,To Sir with Love,Drama
3071,1,0,0,0.5741733788863798,0.39907223641558454,0.4594909,0.0,With Byrd at the South Pole,Documentary
3072,434,230,44,0.5357083519074491,0.22840575650278297,0.5452229,-0.3950692965002377,Boiler Room,Drama
3073,131,16,2,0.25018144929947717,0.3326304821330186,0.58101994,-0.850546946422881,Hanging Up,Comedy|Drama
3074,196,196,39,0.9157839118829486,0.23964882853975297,0.534528,1.0196020854666823,Pitch Black,Action|Sci-Fi
3075,446,226,45,0.514683149845172,0.23533917326369286,0.5414672,-0.4808276056484228,The Whole Nine Yards,Comedy|Crime
3076,36,14,5,0.5032888642233182,0.3899001846996754,0.528448,-0.08840452375072858,Beautiful People,Comedy
3077,4,2,0,0.5793118948741734,0.38372330424575435,0.48174772,0.0,Black Tar Heroin: The Dark End of the Street,Documentary
3078,41,23,5,0.5745367288264326,0.34183029891478395,0.5442644,0.14077517320373556,Blue Collar,Crime|Drama
3079,2,2,0,0.6015931216001031,0.38372330424575435,0.49717203,0.0,Bluebeard,Film-Noir|Horror
3080,18,18,7,0.695335916517726,0.3963766444232239,0.5357924,0.7281870017285889,The Circus,Comedy
3081,232,206,131,0.8343363202950544,0.5896625461749189,0.53429437,1.9218857756842922,City Lights,Comedy|Drama|Romance
3082,237,85,12,0.39819805687528,0.23669342089466094,0.5288914,-1.0208377016151147,The Flamingo Kid,Comedy|Drama
3083,19,13,7,0.6127948162783386,0.4278351082663369,0.52033657,0.4007236918289804,A Dog's Life,Comedy
3084,51,37,13,0.6562657655762907,0.3787771473652785,0.52233225,0.4125263790271401,The Kid,Action
3085,30,23,5,0.6535355290400671,0.34183029891478395,0.45324194,-0.26298055237792334,The Man from Laramie,Western
3086,1,0,0,0.5741733788863798,0.39907223641558454,0.5428527,0.0,The McCullochs,Drama
3087,16,1,0,0.45883094429099036,0.39124729060351426,0.5288806,-0.25098237327779344,Class Reunion,Comedy
3088,1,0,0,0.5741733788863798,0.39907223641558454,0.5637645,0.0,The Big Trees,Action|Drama
3089,0,0,0,0.5856568464641073,0.39907223641558454,0.47627714,0.0,Happy Go Lovely,Musical
3090,214,65,10,0.35713197849698997,0.2604661897459063,0.4935262,-1.3704729228316488,Reindeer Games,Action|Thriller
3091,199,145,63,0.6999310936674914,0.42540313754245757,0.536207,0.8499410452025187,Wonder Boys,Comedy|Drama
3092,30,12,4,0.5160355290400671,0.38634857775450365,0.54198664,0.05331855767046293,Deterrence,Thriller
3093,20,6,4,0.5040406046172196,0.42774306822820046,0.52240753,-0.0008883335178388879,Judy Berlin,Drama
3094,22,17,5,0.6428172544889634,0.3724419674743168,0.49303266,0.11133323333196893,Mifune (Mifunes sidste sang),Comedy|Romance
3095,0,0,0,0.5856568464641073,0.39907223641558454,0.5544551,0.0,The Waiting Game,Comedy
3096,4,1,0,0.560793376355655,0.39124729060351426,0.53624237,0.0,3 Strikes,Comedy
3097,1,0,0,0.5741733788863798,0.39907223641558454,0.55773884,0.0,Chain of Fools,Comedy|Crime
3098,148,41,9,0.3549638501171988,0.31817155847010137,0.51800364,-0.9880977950576837,Drowning Mona,Comedy
3099,117,21,2,0.30109486421081055,0.30920580029266514,0.5769471,-0.7682100979125683,The Next Best Thing,Comedy|Drama
3100,128,40,7,0.3892294512539627,0.29948457578643584,0.49427295,-1.1058583448459176,What Planet Are You From?,Comedy|Sci-Fi
3101,96,56,20,0.5841290570082559,0.3769208662337663,0.4819033,-0.18476853518263708,Beyond the Mat,Documentary
3102,204,139,67,0.6625308752882101,0.4600720202157631,0.53117925,0.7878698291717675,Ghost Dog: The Way of the Samurai,Crime|Drama
3103,19,16,4,0.6562730771479038,0.3629335124360489,0.5166496,0.3133456253123253,The Year My Voice Broke,Drama
3104,81,51,15,0.6128461246046211,0.3460753645621706,0.5680635,0.48739385878762215,Splendor in the Grass,Drama
3105,23,4,1,0.4559293468932242,0.38802984853294864,0.52202034,-0.3265832465227662,My Tutor,Drama
3106,8,8,3,0.6428076262621615,0.3957519279444694,0.54168886,0.5702180739282618,The Killing of Sister George,Drama
3107,384,304,124,0.7679328164129157,0.4066486209626532,0.5436062,1.1031922981888975,Key Largo,Crime|Drama|Film-Noir|Thriller
3108,10,4,0,0.5547140387200894,0.3695113300144301,0.5502361,0.2073015425146643,Jail Bait,Crime|Drama
3109,0,0,0,0.5856568464641073,0.39907223641558454,0.57024795,0.0,It Happened Here,Drama
3110,1,0,0,0.5741733788863798,0.39907223641558454,0.53847396,0.0,I'll Never Forget What's 'is Name,Comedy|Drama
3111,19,18,10,0.6852585843942807,0.44049429148204744,0.5168805,0.6959873670690929,For All Mankind,Documentary
3112,38,24,6,0.6054868445818792,0.3507244840645841,0.50774294,0.00682409917643742,Cross of Iron,War
3113,24,24,5,0.7200384097730455,0.33721097055107063,0.5290993,0.5653422076601048,Bride of the Monster,Horror|Sci-Fi
3114,147,112,45,0.7171717884426668,0.40094822111592116,0.5029286,0.5726390696403869,Born Yesterday,Comedy
3115,187,126,52,0.6552018663426387,0.40882733989079106,0.57764214,0.9424715229681891,Birdy,Drama|War
3116,35,5,1,0.40332755674359255,0.3809747603778041,0.5368192,-0.43804494271993905,And God Created Woman,Comedy|Drama|Romance
3117,18,5,0,0.5041594459294907,0.36279294219598596,0.53032494,-0.16471293413706659,Blood Feast,Horror
3118,16,6,0,0.5345885200485662,0.35631449679962907,0.48749727,-0.40307836308852735,"Charlie, the Lonesome Cougar",Adventure|Children's
3119,4,1,0,0.560793376355655,0.39124729060351426,0.5173764,0.0,Color Me Blood Red,Horror
3120,172,129,37,0.7129857762306547,0.318176602350722,0.557413,0.6920123822588095,Never Cry Wolf,Drama
3121,23,12,4,0.5655183879891146,0.38634857775450365,0.5391973,0.22156008806019759,The Perils of Pauline,Comedy
3122,112,86,26,0.7116224834765763,0.33789420456455316,0.55665314,0.7494190220699738,A Raisin in the Sun,Drama
3123,12,3,2,0.5206910052129897,0.4142190909580986,0.51863885,-0.013267933534705872,Two Thousand Maniacs!,Horror
3124,2,0,0,0.5631315831385647,0.39907223641558454,0.54124874,0.0,Brown's Requiem,Drama
3125,1,1,0,0.5937812220236346,0.39124729060351426,0.5602964,0.0,The Closer You Get,Comedy|Romance
3126,608,134,23,0.24815021629666467,0.23344354250423494,0.5268858,-1.6235641247752592,Mission to Mars,Sci-Fi
3127,226,67,17,0.3488508779826281,0.31584283607503616,0.51605976,-1.0347504071889106,The Ninth Gate,Thriller
3128,67,46,19,0.6434430967795329,0.40576678979978364,0.5395183,0.5906114513897579,East-West (Est-ouest),Drama|Romance
3129,341,203,80,0.5940737655324945,0.3950735645090088,0.55003154,0.4456238927595422,Defending Your Life,Comedy|Romance
3130,407,328,132,0.7818005302477142,0.4019936820655535,0.58044904,1.426377144141357,Breaking Away,Drama
3131,458,329,123,0.7052811856756012,0.37718631087276844,0.5491951,0.8037414111929255,Hoosiers,Drama
3132,886,592,227,0.663763720430775,0.3846629467613384,0.5133423,0.39194013465167754,Bull Durham,Comedy
3133,635,476,172,0.7376391858732926,0.36493082095205176,0.5614046,0.9801500869554026,Dog Day Afternoon,Comedy|Crime|Drama
3134,822,621,267,0.7457372044990888,0.4276506882574951,0.5253603,0.9493057280321772,American Graffiti,Comedy|Drama
3135,119,86,26,0.6821469959952979,0.33789420456455316,0.5203739,0.35453073254480116,The Asphalt Jungle,Crime|Film-Noir
3136,196,153,84,0.7409871639154689,0.5120867577378287,0.49250346,0.9693964540211342,The Searchers,Western
3137,233,162,42,0.6759111036155666,0.29223401802254356,0.52057886,0.1734719430779595,Where Eagles Dare,Action|Adventure|War
3138,37,16,4,0.5204924404966134,0.3629335124360489,0.5283238,-0.11708344216288878,The Devil's Brigade,War
3139,55,34,11,0.6026937364114797,0.3684953788188003,0.5076719,0.05732606038726701,The Big Country,Romance|Western
3140,75,36,5,0.5222627385856429,0.29015827698580493,0.55542177,-0.15280282399429682,Betrayed,Drama|Thriller
3141,40,25,10,0.6031426924800596,0.399381490943723,0.55863816,0.56224762991676,Bound for Glory,Drama
3142,47,25,5,0.5596169311670656,0.33271482427705634,0.51182055,-0.20014909905956135,The Bridge at Remagen,Action|War
3143,3,0,0,0.5525064589284031,0.39907223641558454,0.51019293,0.0,Buck and the Preacher,Western
3144,11,2,0,0.5128334807082847,0.38372330424575435,0.55755395,0.1528094614189497,Daughters of the Dust,Drama
3145,54,26,6,0.5315657915692824,0.34149489237867403,0.50937694,-0.29626199624914434,Destination Moon,Sci-Fi
3146,1,0,0,0.5741733788863798,0.39907223641558454,0.53838503,0.0,"Fantastic Night, The (La Nuit Fantastique)",Romance
3147,1,0,0,0.5741733788863798,0.39907223641558454,0.5070837,0.0,Hangmen Also Die,Drama|War
3148,4,1,0,0.560793376355655,0.39124729060351426,0.54821664,0.0,"Ogre, The (Der Unhold)",Drama
3149,79,56,18,0.6611073048310493,0.3580529417054644,0.5590996,0.6446263976504494,On the Beach,Drama
3150,2,1,0,0.582362352369334,0.39124729060351426,0.5043455,0.0,Railroaded!,Film-Noir
3151,2,1,0,0.582362352369334,0.39124729060351426,0.554011,0.0,Slaves to the Underground,Comedy|Drama
3152,1,1,1,0.5937812220236346,0.41085513374076915,0.5589685,0.0,Song of Freedom,Drama
3153,245,166,43,0.6619757366888317,0.2914519065776816,0.5409866,0.275771376278152,The Taking of Pelham One Two Three,Action
3154,113,15,1,0.2716738792834685,0.32236325878121885,0.52088404,-1.270806063870807,Volunteers,Comedy
3155,602,367,143,0.6077957704343641,0.3907760475318447,0.5347278,0.364489287454743,JFK,Drama|Mystery
3156,138,32,5,0.3259725655489647,0.30431233927779544,0.4410014,-1.74558384256217,Who's Harry Crumb?,Comedy
3157,228,48,8,0.2779958356949833,0.2852409369467268,0.5159465,-1.413931984870737,Harry and the Hendersons,Comedy
3158,29,8,0,0.47193471295196665,0.3440277900134349,0.52427334,-0.4006146610649108,Let's Get Harry,Action|Adventure
3159,21,2,0,0.44060341300289246,0.38372330424575435,0.5098551,-0.4948538811631682,Shanghai Surprise,Adventure
3160,79,10,2,0.3045181575442276,0.36589353034632044,0.4818121,-1.2968986031465455,Who's That Girl?,Comedy
3161,121,11,2,0.23557217732868635,0.35989527575047914,0.5343882,-1.1740108954357242,She-Devil,Comedy
3162,42,6,1,0.3835091556870148,0.3741716396567719,0.53847903,-0.5248610281417204,Date with an Angel,Comedy|Fantasy
3163,169,37,5,0.30266138047125735,0.2868231243767727,0.5341575,-1.1723327911478103,Blind Date,Comedy|Romance
3164,46,10,2,0.4091962742000559,0.36589353034632044,0.51978225,-0.6002654221479767,Nadine,Comedy
3165,581,383,152,0.6533800987689468,0.39712150535976726,0.51327556,0.3948784495145343,The Muppet Movie,Children's|Comedy
3166,274,177,60,0.6366754392691524,0.35221855427656046,0.5191967,0.22067003189790724,The Great Muppet Caper,Children's|Comedy
3167,248,139,39,0.5647075245745147,0.31192387206761496,0.48092574,-0.4928319870046629,The Muppets Take Manhattan,Children's|Comedy
3168,69,27,10,0.4729650615395409,0.38900794572440556,0.49465162,-0.47036629139505487,Sesame Street Presents Follow That Bird,Children's|Comedy
3169,23,5,2,0.4696279770302105,0.3991565785596223,0.49889913,-0.41490696277899924,We're Back! A Dinosaur's Story,Animation|Children's
3170,92,5,1,0.2414284670648265,0.3809747603778041,0.50173956,-1.331831139119608,Baby... Secret of the Lost Legend,Adventure|Sci-Fi
3171,22,10,1,0.5455950322667412,0.3492268636796538,0.55634767,0.1492603229621728,Turtle Diary,Drama
3172,23,3,1,0.4422307167562379,0.39535116642979673,0.5354261,-0.2495889233333345,Raise the Titanic,Drama|Thriller
3173,189,102,37,0.5493005954945831,0.37469481461038967,0.5462688,0.17373167505166734,Titanic,Action|Drama
3174,120,78,31,0.6310755430776785,0.39807509234983773,0.58727205,0.887295737266176,A Night to Remember,Action|Drama
3175,83,59,11,0.6637807693474087,0.28397809009889197,0.5118965,0.030787178353870376,Captain Horatio Hornblower,Action|Adventure|War
3176,3,0,0,0.5525064589284031,0.39907223641558454,0.5379179,0.0,"Carriers Are Waiting, The (Les Convoyeurs Attendent)",Comedy|Drama
3177,955,697,244,0.7226694948489606,0.35335155531563484,0.5451199,0.7559717740814285,Erin Brockovich,Drama
3178,346,160,42,0.4779869755636499,0.29501719914656777,0.57941914,-0.11945561938647264,Final Destination,Drama|Thriller
3179,5,5,2,0.6233244058764612,0.3991565785596223,0.5454622,0.536586353155988,Soft Fruit,Comedy|Drama
3180,148,68,20,0.49132748648083513,0.3385899306845697,0.5329283,-0.27787185744230125,The Bear,Adventure
3181,1,1,0,0.5937812220236346,0.39124729060351426,0.56559765,0.0,Impact,Crime|Drama
3182,39,13,5,0.47508811599107154,0.39608907652030517,0.51760525,-0.25933161508142943,Love Is a Many-Splendored Thing,Romance
3183,14,9,8,0.5981694113000838,0.47379003086066485,0.53567386,0.6234565630691047,"Mirror, The (Zerkalo)",Drama
3184,41,29,17,0.6404707947604985,0.46776723823771177,0.5516437,0.8888968972320872,"Trial, The (Le Procès)",Drama
3185,65,37,12,0.5763725419409161,0.36728289449171525,0.5210059,0.05565642933374143,The Crimson Pirate,Adventure|Comedy|Sci-Fi
3186,1185,720,242,0.6067067549175752,0.34019949587114184,0.53847903,0.21363575288257258,Thelma & Louise,Action|Drama
3187,11,5,1,0.5620138085771371,0.3809747603778041,0.5750556,0.46792810716333105,Something for Everyone,Comedy|Crime
3188,160,94,30,0.5870611539200256,0.3469000820887447,0.55275536,0.2724106084183809,...And Justice for All,Drama|Thriller
3189,992,751,395,0.7488319024215023,0.5180444592019715,0.5349118,1.3495821276636142,Animal House,Comedy
3190,177,77,21,0.46820635384671966,0.3224693844155845,0.526078,-0.47584616699663157,She's Gotta Have It,Comedy|Romance
3191,57,18,4,0.4418957226467791,0.35225899736440036,0.554466,-0.25279065672679957,School Daze,Drama
3192,631,427,181,0.6700188580370123,0.42128639794712625,0.56647545,0.955917368930331,Do the Right Thing,Comedy|Drama
3193,56,22,6,0.4838003992755223,0.3604668308441559,0.55834275,-0.033328698497216286,Mo' Better Blues,Drama
3194,175,70,11,0.4412570769920238,0.25794676517316023,0.5430692,-0.6715938878969339,Jungle Fever,Drama|Romance
3195,66,30,3,0.5110589855448738,0.28692014775974034,0.523558,-0.45453031564037044,Coogan's Bluff,Crime
3196,50,13,4,0.42282842323205366,0.3802160606472893,0.5556328,-0.21972366403584664,The Champ,Drama
3197,214,182,118,0.8003137966788082,0.5946276371585312,0.5322642,1.7928055988268896,Creature Comforts,Animation|Comedy
3198,188,90,24,0.5011884131227116,0.3139543701484231,0.5739202,-0.007294253264684247,Death Wish,Action|Drama
3199,72,19,5,0.3957610026492243,0.3616465481272352,0.5477511,-0.4493663243111242,Death Wish II,Action|Drama
3200,58,11,2,0.37298928077042004,0.35989527575047914,0.5577272,-0.46536658778274864,Death Wish 3,Action|Drama
3201,40,9,1,0.4253649147022818,0.35514596306405466,0.54562205,-0.37488488566143097,Death Wish 4: The Crackdown,Action|Drama
3202,32,8,1,0.4546688088195776,0.3612691693237798,0.544943,-0.2464118548946747,Death Wish V: The Face of Death,Action|Drama
3203,454,411,246,0.873577068101598,0.5769058824745753,0.5031445,1.786211223918854,Double Indemnity,Crime|Film-Noir
3204,92,22,4,0.36114677692398145,0.33268905306637814,0.5697935,-0.511672405957099,Dying Young,Drama|Romance
3205,9,2,0,0.5302176664950062,0.38372330424575435,0.57714814,0.37170714670578786,Cool as Ice,Drama
3206,423,97,19,0.26698275332601556,0.26499055660394033,0.52009773,-1.4943489973110524,Teenage Mutant Ninja Turtles,Action|Children's|Fantasy
3207,202,22,7,0.20350334255240224,0.3743557197330448,0.49893248,-1.5221899228228482,Teenage Mutant Ninja Turtles II: The Secret of the Ooze,Action|Children's|Fantasy
3208,151,11,2,0.20041215086171824,0.35989527575047914,0.5109455,-1.491018430250465,Teenage Mutant Ninja Turtles III,Action|Children's|Fantasy
3209,394,187,35,0.487123518745958,0.23187177983451152,0.52031577,-0.762923957725979,Red Dawn,Action|War
3210,34,4,0,0.39622431337149244,0.3695113300144301,0.5255533,-0.5926518757480146,Band of the Hand,Action
3211,5,3,1,0.5869607695128248,0.39535116642979673,0.55569506,0.4632770179644709,Born American,Action|Drama|Thriller
3212,179,81,23,0.4815844642934732,0.3278901665708338,0.52803344,-0.3904733641059757,Bloodsport,Action
3213,127,48,6,0.43662622781471955,0.26483277368142066,0.5286027,-0.7777853790888161,Eyes of Laura Mars,Mystery|Thriller
3214,30,16,6,0.566035529040067,0.3932365427390792,0.527384,0.1557381348112055,Funny Bones,Comedy
3215,60,41,16,0.6389349302109578,0.39509463539317835,0.55864495,0.6847622345719188,The Good Earth,Drama
3216,870,555,152,0.6350900460034841,0.28422084598475905,0.5367679,0.11468875710133034,"Good Morning, Vietnam",Comedy|Drama|War
3217,28,7,2,0.46516464516929956,0.38515108457507413,0.5474489,-0.10365302550963984,The Good Mother,Drama
3218,670,320,85,0.4851150587822297,0.28365841032643035,0.48005795,-0.9032845489009538,Grumpy Old Men,Comedy
3219,188,188,75,0.9129531190050645,0.39896475554949257,0.5512307,1.6922575435654008,Guess Who's Coming to Dinner,Comedy|Drama
3220,244,96,23,0.4261321167455965,0.2942028206902687,0.5273802,-0.7254614724498646,Romeo Must Die,Action|Romance
3221,58,11,4,0.37298928077042004,0.39268216099638076,0.5672997,-0.2770505169017999,Here on Earth,Drama|Romance
3222,26,9,1,0.5037216095158601,0.35514596306405466,0.56676906,0.09007302259777555,Whatever It Takes,Comedy|Romance
3223,44,34,16,0.6732217268426103,0.4280191883426099,0.52683973,0.6837773623062491,"Color of Paradise, The (Rang-e Khoda)",Drama
3224,99,34,8,0.4247170625718481,0.3327810931045146,0.57764757,-0.2063832676490796,Waking the Dead,Drama
3225,1,0,0,0.5741733788863798,0.39907223641558454,0.55017453,0.0,Blood and Sand (Sangre y Arena),Drama|Romance
3226,57,16,3,0.4232041338617324,0.34778199728453374,0.54605997,-0.4053741726906415,Gothic,Drama|Horror
3227,1,0,0,0.5741733788863798,0.39907223641558454,0.48397428,0.0,Hillbillys in a Haunted House,Comedy
3228,288,172,62,0.5955113678201341,0.36916041360711366,0.5527457,0.38214462696009366,Lord of the Flies,Adventure|Drama|Thriller
3229,257,202,127,0.7533643072417112,0.5831492532570605,0.5692964,1.8603387277282033,Modern Times,Comedy
3230,9,0,0,0.49631936141026045,0.39907223641558454,0.52019113,-0.14739708798676543,Last Resort,Comedy
3231,19,4,1,0.482360033669643,0.38802984853294864,0.5314011,-0.15229084310030164,Solar Crisis,Sci-Fi|Thriller
3232,16,3,1,0.4891339745940207,0.39535116642979673,0.55798924,0.10565578921612856,That's Life!,Drama
3233,177,93,21,0.538690935344517,0.286388893851603,0.569932,0.009837925318212759,Heart and Souls,Comedy|Fantasy
3234,234,180,78,0.7369114166310048,0.42588526878599664,0.58353144,1.3610908806833653,Hud,Drama|Western
3235,356,308,149,0.83074591705223,0.4719374631865342,0.55078083,1.6269282697780663,The Hustler,Drama
3236,210,180,100,0.8049340089354052,0.5215374426990401,0.54216707,1.6333813247614015,Inherit the Wind,Drama
3237,73,63,29,0.7502670107577671,0.43321780372371,0.52459985,0.9801359487936833,Dersu Uzala,Adventure|Drama
3238,1190,866,404,0.7220022921961333,0.4628314539528157,0.5824155,1.4236338837926639,Close Encounters of the Third Kind,Drama|Sci-Fi
3239,4,0,0,0.5422748578371364,0.39907223641558454,0.49520493,0.0,Horror Hotel (a.k.a. The City of the Dead),Horror
3240,18,9,2,0.5629829753412554,0.37209511560642755,0.46452698,-0.41765305400687436,Jonah Who Will Be 25 in the Year 2000,Comedy
3241,12,4,0,0.5368200374710542,0.3695113300144301,0.55623716,0.18523595563235032,Retroactive,Sci-Fi|Thriller
3242,111,82,31,0.6911977784050022,0.386012210763479,0.5564544,0.8367520754180386,A Place in the Sun,Drama|Romance
3243,560,321,115,0.5742341677429597,0.36375636609374457,0.5175337,0.008223929481356376,Jacob's Ladder,Horror|Mystery|Thriller
3244,213,84,20,0.43073324077264397,0.29816128224462113,0.53149474,-0.662087504623962,Empire Records,Comedy|Drama
3245,217,89,11,0.44300690008691146,0.22268785482574982,0.5298791,-0.8898838855652119,"Bamba, La",Drama
3246,447,271,86,0.6041908296241557,0.3300735570740786,0.47928995,-0.2909178243458991,Ladyhawke,Adventure|Fantasy|Romance
3247,116,68,15,0.5860412188144901,0.2962170493286375,0.5804944,0.3077565073923886,Lucas,Drama
3248,1001,735,301,0.7271958537804047,0.40885810423029195,0.5535496,1.031758883705165,High Fidelity,Comedy
3249,1,0,0,0.5741733788863798,0.39907223641558454,0.54546833,0.0,Price of Glory,Drama
3250,95,35,6,0.4433299470565887,0.30533660965622617,0.5147339,-0.7189768987176193,The Road to El Dorado,Animation|Children's
3251,193,53,7,0.3386125198485817,0.26168555165805074,0.5317264,-1.1406214016043683,The Skulls,Thriller
3252,2,0,0,0.5631315831385647,0.39907223641558454,0.5209867,0.0,Autopsy (Macchie Solari),Horror
3253,5,5,1,0.6233244058764612,0.3809747603778041,0.50316274,0.14486087830435526,Devil Girl From Mars,Sci-Fi
3254,61,40,13,0.6241697506595077,0.36615124245310254,0.49176025,0.008018488157382542,"Dorado, El",Western
3255,19,2,0,0.45337452642326614,0.38372330424575435,0.4757547,-0.7106858109812779,The Hideous Sun Demon,Horror|Sci-Fi
3256,585,196,53,0.3547761296428431,0.29655939764544403,0.5255024,-1.0057040434539481,Hook,Adventure|Fantasy
3257,13,3,2,0.5124260686223073,0.4142190909580986,0.5278022,0.026181450462765557,Horror Express,Horror
3258,60,15,4,0.4025712938473215,0.368517104935065,0.5105823,-0.6880232746773265,My Chauffeur,Comedy
3259,10,8,2,0.621380705386756,0.3785105486341246,0.5053093,0.1455069268519462,The Son of the Sheik,Adventure
3260,2,0,0,0.5631315831385647,0.39907223641558454,0.5014543,0.0,Torso (Corpi Presentano Tracce di Violenza Carnale),Horror
3261,277,176,64,0.6277762762177533,0.37147615849902316,0.54292494,0.4377463459707363,True Grit,Adventure|Western
3262,9,5,2,0.5810651241221249,0.3991565785596223,0.5344829,0.2891317953547775,Roadside Prophets,Comedy|Drama
3263,47,15,5,0.45652414766191096,0.3839017203196804,0.5132003,-0.4071523150664643,Madame Sousatzka,Drama
3264,76,24,6,0.42287970097782035,0.3507244840645841,0.49247015,-0.8126029346985062,Max Dugan Returns,Comedy
3265,227,171,68,0.7230427520693334,0.39798014398542636,0.56156904,1.0402914390091964,Midnight Express,Drama
3266,716,482,152,0.6674710735289887,0.32322107485108875,0.52712923,0.2996687617608983,Misery,Horror
3267,132,24,3,0.29276286990772177,0.3101839435240436,0.5626822,-0.9075764552433001,Mr. Saturday Night,Comedy|Drama
3268,232,126,41,0.5506483770326431,0.34632733989079106,0.52430934,-0.09025463482731258,Murphy's Romance,Comedy|Romance
3269,53,24,9,0.5173091487689842,0.3912650246051247,0.5577333,0.19759477414385399,My Life,Drama
3270,117,62,20,0.5466038462467386,0.3567286769712431,0.50890976,-0.1892234930732001,Solaris (Solyaris),Drama|Sci-Fi
3271,569,417,196,0.7209738971295725,0.46242743430573713,0.576757,1.374335207341748,Network,Comedy|Drama
3272,283,198,64,0.6825310580276437,0.3385226283095937,0.5389143,0.5021857812030401,No Way Out,Thriller
3273,138,57,12,0.45895128895322,0.2986318861755068,0.52587044,-0.5958383113361155,North Dallas Forty,Comedy|Drama
3274,294,216,94,0.7130315183814109,0.4283970369202227,0.5252107,0.8252204014617476,The Odd Couple,Comedy
3275,304,229,102,0.7296125489356085,0.43710971978773916,0.47840795,0.5556418424780172,The Outlaw Josey Wales,Western
3276,61,16,1,0.4079535344432916,0.3174789669815034,0.5905789,-0.22347685824070362,Black and White,Drama
3277,536,359,107,0.6625987070361866,0.3104000289016607,0.58042747,0.6503499133767594,Frequency,Drama|Thriller
3278,47,12,4,0.42559631261036457,0.38634857775450365,0.54835784,-0.24428599119862207,Ready to Rumble,Comedy
3279,290,192,64,0.6508318891858981,0.346915751325534,0.57334316,0.6771018669774195,Return to Me,Drama|Romance
3280,296,137,28,0.48058624948903284,0.2564364268490868,0.5713984,-0.30588441583893633,Rules of Engagement,Drama|Thriller
3281,27,11,2,0.5231537964052645,0.35989527575047914,0.5353217,-0.06308094278385187,Joe Gould's Secret,Drama
3282,121,52,15,0.4753382592000313,0.34268246883116893,0.5092394,-0.5089921139154586,Me Myself I,Comedy
3283,195,129,41,0.6460524176457362,0.34052297106580576,0.5419357,0.39260732575182283,"Bell, Book and Candle",Comedy|Romance
3284,2,2,1,0.6015931216001031,0.40295407347652357,0.5472969,0.0,The Bells,Crime|Drama
3285,38,11,1,0.4577595718546064,0.3435018331275283,0.584433,0.010393409099390738,The End of Violence,Drama|Thriller
3286,167,79,11,0.49899927337882655,0.23995047923084672,0.4999811,-0.8471966509213403,Force 10 from Navarone,Action|War
3287,25,6,2,0.4704378976427382,0.39202878251391476,0.48996675,-0.5059499327574158,How to Stuff a Wild Bikini,Comedy
3288,157,116,38,0.7018494798222481,0.34911814349867004,0.55909765,0.7699131555174051,Mystery Train,Comedy|Crime|Drama
3289,1,1,1,0.5937812220236346,0.41085513374076915,0.52957785,0.0,Sacco and Vanzetti (Sacco e Vanzetti),Drama
3290,7,3,1,0.5663656547930765,0.39535116642979673,0.5423065,0.280253147242891,Taffin,Action|Thriller
3291,440,222,68,0.512822127190215,0.3233588669881589,0.5467177,-0.141227085836591,Arthur,Comedy|Romance
3292,292,110,26,0.4072597728748695,0.2872100738798702,0.51710945,-0.9019663072872955,Bachelor Party,Comedy
3293,651,424,127,0.6466231702185526,0.31002871692147516,0.5505449,0.35566181690876975,Parenthood,Comedy|Drama
3294,1049,635,221,0.6044429866453188,0.3517570975485828,0.53869814,0.2468248027057848,Predator,Action|Sci-Fi|Thriller
3295,249,101,25,0.4357285696428273,0.2977060385482068,0.5257644,-0.6890042433954486,The Prince of Tides,Drama|Romance
3296,136,70,15,0.5337787221677708,0.29128009850649356,0.5064228,-0.48526371785383826,The Postman Always Rings Twice,Crime|Thriller
3297,1,1,0,0.5937812220236346,0.39124729060351426,0.5276554,0.0,Smoking/No Smoking,Comedy
3298,23,8,3,0.5107238674411694,0.3957519279444694,0.53976727,0.04838325125537982,All the Vermeers in New York,Comedy|Drama|Romance
3299,16,11,6,0.6103460958061419,0.4254690462422824,0.53976136,0.5339664564520041,Freedom for Us (À nous la liberté ),Comedy
3300,7,3,1,0.5663656547930765,0.39535116642979673,0.51553524,0.07233093401550977,"Actor's Revenge, An (Yukinojo Henge)",Drama
3301,364,123,13,0.36783295247151054,0.1904833053224233,0.52236426,-1.3486968230331944,28 Days,Comedy
3302,477,218,62,0.46922740478786595,0.30579705903275833,0.5471573,-0.3661669980247637,American Psycho,Comedy|Horror|Thriller
3303,303,211,70,0.6806879385926498,0.34464985371946066,0.53735924,0.5043332621923724,Keeping the Faith,Comedy|Romance
3304,16,5,2,0.519437004897051,0.3991565785596223,0.54600286,0.14208690913121008,Where the Money Is,Comedy|Drama
3305,123,74,20,0.597010649267083,0.322206546941768,0.52639765,0.020047476112631843,East is East,Comedy
3306,23,16,6,0.6203129085370598,0.3932365427390792,0.48595348,0.04226850450281838,The Filth and the Fury,Documentary
3307,16,6,0,0.5345885200485662,0.35631449679962907,0.5509263,0.08955127975599726,Passion of Mind,Romance|Thriller
3308,1,1,0,0.5937812220236346,0.39124729060351426,0.5705074,0.0,Coming Apart,Drama
3309,714,518,196,0.7163387988523631,0.38020002081123105,0.5468561,0.8384880123009378,Diner,Comedy|Drama
3310,82,31,7,0.4566881994182225,0.3327606397627065,0.50737035,-0.629572362882893,Shakes the Clown,Comedy
3311,376,267,128,0.6954996298666793,0.46673063665860953,0.50993186,0.7725226382839572,Cabaret,Musical|War
3312,176,109,39,0.6118709837309971,0.3707774328350895,0.51688355,0.1720225739329923,What Ever Happened to Baby Jane?,Drama|Thriller
3313,60,43,11,0.657116748392776,0.33283453570730354,0.5639527,0.5793420891953303,Prick Up Your Ears,Drama
3314,218,140,70,0.6316523967283783,0.47344006221462753,0.51053977,0.5555339092382887,Auntie Mame,Comedy|Drama
3315,207,139,57,0.654797051841266,0.4071619673057102,0.504987,0.37084378337614554,Guys and Dolls,Musical
3316,143,68,23,0.5040561778404423,0.3640136594981291,0.544889,-0.04775253606903948,The Hunger,Horror
3317,317,238,72,0.7282911234964724,0.31928337437770565,0.54274493,0.6406772076051944,Marathon Man,Thriller
3318,564,564,250,0.9662587008521261,0.43966386290029186,0.54378545,1.980482412051671,Caddyshack,Comedy
3319,43,11,2,0.43314884218500393,0.35989527575047914,0.57551694,-0.09632038426382872,Gossip,Drama|Thriller
3320,66,35,8,0.5541624338207358,0.3288660214209321,0.5274827,-0.11281921113599422,Love and Basketball,Drama|Romance
3321,657,376,99,0.573243058448664,0.27923383056520945,0.5578623,0.02382947531347618,U-571,Action|Thriller
3322,149,91,38,0.6044363935839465,0.41101852355162577,0.5417518,0.47651395229463983,The Virgin Suicides,Comedy|Drama
3323,91,21,3,0.3566159030014565,0.3232903073349187,0.5218396,-0.9341717600747503,Jennifer 8,Thriller
3324,27,19,4,0.6270499003013684,0.34715379450404676,0.58265936,0.6590143724205344,Limelight,Drama
3325,16,8,2,0.5648915503515964,0.3785105486341246,0.5715506,0.4431845309415229,Committed,Comedy|Drama
3326,6,0,0,0.5229078986286673,0.39907223641558454,0.5300641,0.03132396329521903,The Crow: Salvation,Action|Horror
3327,91,2,1,0.2218641299518111,0.40295407347652357,0.48664486,-1.4477479428707685,The Flintstones in Viva Rock Vegas,Children's|Comedy
3328,197,82,30,0.4505378231708719,0.37843645318772146,0.56719106,-0.029798243724895535,Where the Heart Is,Comedy|Drama
3329,217,107,31,0.51042263042399,0.3245452982215238,0.52196634,-0.33854627615055827,The Big Kahuna,Comedy|Drama
3330,23,12,2,0.5655183879891146,0.3540905132383746,0.5268445,0.013488556639782143,Bossa Nova,Comedy
3331,14,9,3,0.5981694113000838,0.38904426814880044,0.55310464,0.46425137953647666,Smiling Fish and Goat on Fire,Drama
3332,25,13,9,0.5637712309760715,0.45958114001236866,0.55999106,0.6309146325953962,"Idiots, The (Idioterne)",Comedy|Drama
3333,7,4,2,0.5839095144421994,0.40654836705146713,0.5597906,0.5222979808865308,The Last September,Drama
3334,77,40,14,0.545534191521302,0.37726235356421367,0.57067376,0.35774598643043387,Time Code,Drama
3335,69,2,0,0.2628810279260955,0.38372330424575435,0.4996731,-1.2559958560322617,Carnosaur,Horror|Sci-Fi
3336,22,1,0,0.42059503226674116,0.39124729060351426,0.49249145,-0.6803447908936978,Carnosaur 2,Horror|Sci-Fi
3337,16,0,0,0.4436794291394752,0.39907223641558454,0.4922028,-0.566793358731466,Carnosaur 3: Primal Species,Horror|Sci-Fi
3338,2,1,0,0.582362352369334,0.39124729060351426,0.5620325,0.0,Defying Gravity,Drama
3339,240,145,41,0.6009753183558806,0.31258262472194476,0.5294671,0.025648835772793324,The Hidden,Action|Horror|Sci-Fi
3340,48,11,2,0.4110494114612792,0.35989527575047914,0.5513541,-0.3687970991626992,Two Moon Juction,Drama
3341,1307,1061,548,0.80345087864643,0.5112093715758589,0.5477194,1.634911141427484,Gladiator,Action|Drama
3342,51,8,4,0.36913705270500363,0.41299330725481426,0.52821803,-0.5247641151419196,I Dreamed of Africa,Drama
3343,21,8,1,0.5251104552564136,0.3612691693237798,0.56141645,0.151872079573597,Up at the Villa,Drama
3344,8,0,0,0.5048765917794028,0.39907223641558454,0.58204347,0.36582765508477777,Human Traffic,Drama
3345,112,21,4,0.31038791557534173,0.3373748143771722,0.5523007,-0.826046694576667,Breathless,Action|Drama|Romance|Thriller
3346,17,12,4,0.6161618257194831,0.38634857775450365,0.5176054,0.2482230884583395,The Great Locomotive Chase,Adventure|War
3347,24,12,2,0.5578762476108833,0.3540905132383746,0.53648335,0.05902087307304573,The Idolmaker,Drama
3348,26,8,4,0.49056371477901795,0.41299330725481426,0.5591315,0.18133996064843538,Inferno,Horror
3349,42,22,2,0.5574221991652757,0.30491127528860035,0.53846157,-0.09830882804927321,The King of Marvin Gardens,Crime|Drama
3350,72,16,1,0.37117083871479806,0.3174789669815034,0.5314878,-0.8235796298192036,The Lords of Flatbush,Comedy
3351,241,241,45,0.928807018292802,0.22320828804391488,0.5246889,0.9360166604553395,Mr. Mom,Comedy|Drama
3352,7,2,0,0.5488217951439538,0.38372330424575435,0.5287821,0.06746538062723789,Time Masters (Les Maîtres du Temps),Animation|Sci-Fi
3353,228,14,1,0.15569367742160203,0.3274001846996754,0.50591135,-1.8146928642608373,Battlefield Earth,Action|Sci-Fi
3354,123,54,14,0.481403712850898,0.32647703673826184,0.5718943,-0.05542845875095265,Center Stage,Drama
3355,3,2,1,0.5902423079850069,0.40295407347652357,0.52806187,0.0,Held Up,Comedy
3356,44,14,2,0.46045576939580174,0.3430251846996754,0.55097044,-0.24080731449708057,Screwed,Comedy
3357,12,3,1,0.5206910052129897,0.39535116642979673,0.5512827,0.1746780933960641,Whipped,Comedy
3358,124,72,31,0.5820853007080767,0.41765255590802647,0.563208,0.5804375794293961,Hamlet,Drama
3359,84,47,20,0.5692749427104877,0.41189290536885803,0.5071426,0.07581426893105647,Anchors Aweigh,Comedy|Musical
3360,97,22,6,0.34886287294697527,0.3604668308441559,0.49345866,-1.05512178154062,Blue Hawaii,Comedy|Musical
3361,1,1,0,0.5937812220236346,0.39124729060351426,0.50687575,0.0,The Castaway Cowboy,Comedy|Western
3362,45,12,0,0.4345562349811091,0.3218324487222456,0.4651641,-1.08029778845551,G. I. Blues,Musical
3363,3,1,1,0.571374383456705,0.41085513374076915,0.5127165,0.0,The Gay Deceivers,Comedy
3364,102,58,21,0.5742292258105616,0.37920010945165955,0.47345614,-0.28044521912704756,Gypsy,Musical
3365,48,17,3,0.4722739012571976,0.3425912212056601,0.5213199,-0.4272445877562775,King Creole,Drama|Musical
3366,141,105,38,0.7030515304879862,0.3738942698114789,0.49115434,0.33296021055624636,On the Town,Musical
3367,1,1,1,0.5937812220236346,0.41085513374076915,0.5267064,0.0,One Little Indian,Comedy|Drama|Western
3368,712,370,134,0.5239932313952826,0.36655621862090293,0.52613425,-0.1080609028191328,Pee-wee's Big Adventure,Comedy
3369,4,3,1,0.5978304133926919,0.39535116642979673,0.46455216,0.0,Regret to Inform,Documentary
3370,30,3,1,0.40353552904006706,0.39535116642979673,0.48074955,-0.8227452336162877,Roustabout,Musical
3371,11,5,1,0.5620138085771371,0.3809747603778041,0.5201638,0.04160394230879866,Saludos Amigos,Animation|Children's|Comedy
3372,22,12,5,0.573372810044519,0.40247761001256815,0.49680948,-0.02144078820730763,The Slipper and the Rose,Adventure|Musical|Romance
3373,78,55,12,0.6584597056500419,0.3043201125788498,0.55092734,0.3842145674713814,Things Change,Comedy
3374,444,173,24,0.40947943790122543,0.19710139829945844,0.52244896,-1.1652032310924876,Honeymoon in Vegas,Comedy|Romance
3375,267,114,27,0.4519963480227298,0.28630251110231236,0.49054658,-0.9397350441064642,Dinosaur,Animation|Children's
3376,76,14,1,0.343514621612741,0.3274001846996754,0.53049994,-0.9029040985448079,Loser,Comedy|Romance
3377,242,126,38,0.5317905559013882,0.32928188534533653,0.53945816,-0.10422338519209878,Road Trip,Comedy
3378,213,112,26,0.5371971190996402,0.28366427049863724,0.5371653,-0.25985269835550606,Small Time Crooks,Comedy
3379,37,37,13,0.7618717508414409,0.3787771473652785,0.51716214,0.7776663321972475,The Hollywood Knights,Comedy
3380,41,12,2,0.4536576079473117,0.3540905132383746,0.5450795,-0.2741856943978847,The Myth of Fingerprints,Comedy|Drama
3381,3,0,0,0.5525064589284031,0.39907223641558454,0.55008024,0.0,Possession,Drama|Horror
3382,74,49,17,0.6313132445419787,0.37326880627049724,0.5095236,0.19813602262458846,The Twelve Chairs,Comedy
3383,1003,453,118,0.4580083972680013,0.274261653719243,0.5150237,-0.7684124540606074,Mission: Impossible 2,Action|Thriller
3384,588,383,98,0.6462113516037702,0.27241018896253866,0.52463394,0.02207533201382758,Shanghai Noon,Action
3385,9,5,2,0.5810651241221249,0.3991565785596223,0.4865267,-0.08332596787123525,Better Living Through Circuitry,Documentary
3386,38,10,2,0.44639593549097006,0.36589353034632044,0.4869513,-0.7124863833275058,8 1/2 Women,Comedy
3387,82,51,19,0.608203350933374,0.3856793249582102,0.53827935,0.3759203522020508,Carnival of Souls,Horror|Thriller
3388,91,48,5,0.5481052647035841,0.2546286920487676,0.5182192,-0.46606693613806216,Flying Tigers,Action|Drama|War
3389,231,187,99,0.7696898303316917,0.5019139739273385,0.53257155,1.355383756903327,The Gold Rush,Comedy
3390,1,0,0,0.5741733788863798,0.39907223641558454,0.5291741,0.0,It's in the Water,Comedy
3391,34,24,6,0.6343195514667306,0.3507244840645841,0.51085085,0.1416160794638048,Monsieur Verdoux,Comedy
3392,287,146,41,0.5201271285555055,0.31098781541213893,0.52889967,-0.2945807822459195,On Her Majesty's Secret Service,Action
3393,138,119,62,0.7887385229957732,0.4849326143241375,0.5276991,1.3316176763514207,Seven Days in May,Thriller
3394,396,220,49,0.5589301397381286,0.25538374748436754,0.53204817,-0.31449404849825824,The Spy Who Loved Me,Action
3395,8,3,1,0.5566007297104373,0.39535116642979673,0.52957416,0.143890159965265,Those Who Love Me Can Take the Train (Ceux qui m'aiment prendront le train),Drama
3396,17,12,5,0.6161618257194831,0.40247761001256815,0.533264,0.4259031117703228,Vagabond (Sans toit ni loi),Drama
3397,538,208,37,0.4035422488489887,0.220750433413873,0.50073445,-1.2744313074535283,Moonraker,Action|Romance|Sci-Fi
3398,369,216,49,0.5854005783370057,0.2592241045893956,0.5024988,-0.4290552666127351,The Man with the Golden Gun,Action
3399,10,4,1,0.5547140387200894,0.38802984853294864,0.52925885,0.1087510147478358,A King in New York,Comedy|Drama
3400,7,3,1,0.5663656547930765,0.39535116642979673,0.49992025,-0.04894479471574395,A Woman of Paris,Drama
3401,11,4,0,0.5456203659541863,0.3695113300144301,0.49724105,-0.2391907932514743,In Old California,Western
3402,92,49,5,0.551287621994404,0.25205668505837603,0.5280125,-0.3867330154199592,The Fighting Seabees,Action|Drama|War
3403,17,7,1,0.5415349600478413,0.3676072249259513,0.5233072,-0.05904255997622433,Dark Command,Western
3404,13,9,4,0.6076641638604027,0.40599342069117333,0.5425596,0.47770783687071655,Cleo From 5 to 7 (Cléo de 5 à 7),Drama
3405,90,20,3,0.35202030230860976,0.3279087402968461,0.510834,-1.0212313385941294,Big Momma's House,Comedy
3406,1,1,0,0.5937812220236346,0.39124729060351426,0.5700927,0.0,Running Free,Drama
3407,8,1,0,0.5221179710897477,0.39124729060351426,0.48943636,-0.31444824016935136,The Abominable Snowman,Horror|Sci-Fi
3408,246,93,17,0.4131177105513695,0.258416865879575,0.550753,-0.718275634962253,American Gigolo,Drama
3409,1,0,0,0.5741733788863798,0.39907223641558454,0.5008442,0.0,"Blood Spattered Bride, The (La Novia Ensangrentada)",Horror
3410,4,1,1,0.560793376355655,0.41085513374076915,0.51191616,0.0,City of the Living Dead (Paura nella città dei morti viventi),Horror
3411,128,85,31,0.6420384400180076,0.3774341616354017,0.48990533,0.1014087491351684,The Endless Summer,Documentary
3412,418,323,101,0.7527411160752252,0.32427241775007837,0.5384254,0.7183053230102967,The Guns of Navarone,Action|Drama|War
3413,41,29,8,0.6404707947604985,0.3538431876048003,0.5554456,0.5224149477405029,Blow-Out (La Grande Bouffe),Drama
3414,1,1,1,0.5937812220236346,0.41085513374076915,0.53006154,0.0,Lured,Crime
3415,6,4,1,0.5943364700572387,0.38802984853294864,0.5509497,0.42927846566872635,Pandora and the Flying Dutchman,Drama
3416,59,37,17,0.6080994708550951,0.4247541588595314,0.49877018,0.20449621985221417,Quatermass and the Pit,Sci-Fi
3417,34,18,7,0.5628909800381591,0.3963766444232239,0.50914884,0.012959728240022589,Quatermass II,Sci-Fi|Thriller
3418,123,41,11,0.4062592041803778,0.3401495804481234,0.5164411,-0.7269748340234582,Puppet Master,Horror|Sci-Fi|Thriller
3419,70,13,0,0.3523570193600447,0.3167239971552258,0.50969076,-1.0676971479042292,Puppet Master II,Horror|Sci-Fi|Thriller
3420,75,12,2,0.3302627385856429,0.3540905132383746,0.5048242,-1.0603978760346346,Puppet Master III: Toulon's Revenge,Horror|Sci-Fi|Thriller
3421,48,5,2,0.3498249216653609,0.3991565785596223,0.5070705,-0.8112228499853539,Puppet Master 4,Horror|Sci-Fi|Thriller
3422,46,4,1,0.3466962742000559,0.38802984853294864,0.51938105,-0.7662958994004739,Puppet Master 5: The Final Chapter,Horror|Sci-Fi|Thriller
3423,23,2,1,0.4285320866192516,0.40295407347652357,0.51299495,-0.44994731007245137,Curse of the Puppet Master,Horror|Sci-Fi|Thriller
3424,4,0,0,0.5422748578371364,0.39907223641558454,0.5111127,0.0,Retro Puppetmaster,Horror|Sci-Fi|Thriller
3425,30,0,0,0.3660355290400671,0.39907223641558454,0.53533477,-0.5297849577813194,Rent-A-Cop,Action|Comedy
3426,270,187,79,0.6758838822600167,0.4175257882733301,0.53677756,0.7347015495083561,Romeo and Juliet,Drama|Romance
3427,53,8,0,0.3619693429437414,0.3440277900134349,0.5406311,-0.6955945966811105,Stay Tuned,Comedy
3428,17,12,4,0.6161618257194831,0.38634857775450365,0.5042724,0.14467051480417698,The Story of G.I. Joe,War
3429,904,687,348,0.7508205894373222,0.49925863204990395,0.529261,1.2480253799799537,Blazing Saddles,Comedy|Western
3430,122,37,8,0.3853653623442172,0.3213058829974624,0.50910854,-0.9296127034182124,Benji,Adventure|Children's
3431,28,5,1,0.4395236195282739,0.3809747603778041,0.51512134,-0.46765110430358847,Benji the Hunted,Adventure|Children's
3432,40,7,2,0.40314269248005963,0.38515108457507413,0.5229285,-0.532121334442021,For the Love of Benji,Adventure|Children's
3433,195,138,48,0.6827871115232872,0.36145538202542143,0.466908,0.023638698559611704,White Christmas,Musical
3434,162,85,44,0.5390700109585158,0.473730457931698,0.5492537,0.5019075930822082,Eraserhead,Drama|Horror
3435,32,22,9,0.6254005161366508,0.4021334975108226,0.48200634,0.06206433714996373,Baraka,Documentary
3436,74,51,16,0.6474422768000432,0.3559763546611805,0.5087776,0.1941323884702758,The Man with the Golden Arm,Drama
3437,42,35,21,0.6987265469913626,0.4818071978915204,0.47799662,0.5892852641415169,The Decline of Western Civilization,Documentary
3438,37,26,12,0.6354349692322456,0.4204422607997267,0.46681583,0.04623835266933174,The Decline of Western Civilization Part II: The Metal Years,Documentary
3439,279,207,69,0.7181849310735725,0.3461230031936935,0.48100117,0.21564792977445985,For a Few Dollars More,Western
3440,168,107,22,0.6251506528587402,0.26722045745719253,0.5130704,-0.1666009479014514,Magnum Force,Western
3441,505,430,212,0.8275366528346043,0.48323669129329005,0.54512644,1.6099732940738134,Blood Simple,Drama|Film-Noir
3442,287,124,22,0.4548452294457132,0.24111271161367373,0.52010715,-0.8562994229542475,The Fabulous Baker Boys,Drama|Romance
3443,442,248,72,0.5635830128520435,0.30856916718382293,0.5241712,-0.17293784185527084,Prizzi's Honor,Comedy|Drama|Romance
3444,328,138,29,0.4425472019132417,0.2603915522381874,0.54625356,-0.6334124949313211,Flatliners,Thriller
3445,1,0,0,0.5741733788863798,0.39907223641558454,0.52943194,0.0,Light Years,Sci-Fi
3446,269,75,23,0.32690546182822994,0.34362889456623386,0.50313514,-1.1227663218328898,Porky's,Comedy
3447,106,10,2,0.251813091815419,0.36589353034632044,0.5359544,-1.0786668034687799,Porky's II: The Next Day,Comedy
3448,99,10,2,0.2636432370684924,0.36589353034632044,0.53607196,-1.0323522273631447,Porky's Revenge,Comedy
3449,34,4,1,0.39622431337149244,0.38802984853294864,0.50038373,-0.7237623646575153,Private School,Comedy
3450,49,7,1,0.3664933568000542,0.3676072249259513,0.548717,-0.533468026944774,Class of Nuke 'Em High,Comedy|Horror
3451,152,39,12,0.33803387288715525,0.3590293463008902,0.53848493,-0.7519759638128921,The Toxic Avenger,Comedy|Horror
3452,54,5,0,0.3296427146462054,0.36279294219598596,0.54205894,-0.7433389156335233,"The Toxic Avenger, Part II",Comedy|Horror
3453,48,5,0,0.3498249216653609,0.36279294219598596,0.5231612,-0.8126556107547154,The Toxic Avenger Part III: The Last Temptation of Toxie,Comedy|Horror
3454,52,12,3,0.40473374826671926,0.37021954549643915,0.551535,-0.35574229888688425,Night of the Creeps,Comedy|Horror|Sci-Fi
3455,541,146,32,0.2965868736433255,0.26506944806520016,0.51707333,-1.4039495609493344,Predator 2,Action|Sci-Fi|Thriller
3456,609,222,38,0.38130932067254225,0.21306474934110012,0.51414925,-1.2822851362322838,The Running Man,Action|Adventure|Sci-Fi
3457,718,374,87,0.5251078676083404,0.2522490844829699,0.5376652,-0.4115680842972489,Starman,Adventure|Drama|Romance|Sci-Fi
3458,204,113,36,0.5601686705638006,0.3432736921520198,0.51893187,-0.10609722979557827,The Brother from Another Planet,Drama|Sci-Fi
3459,423,165,27,0.410745966856671,0.21838889218967084,0.5504412,-0.8689401325437703,Alien Nation,Crime|Drama|Sci-Fi
3460,895,539,178,0.601357505103921,0.3360842305955505,0.52565974,0.07923880234129241,Mad Max,Action|Sci-Fi
3461,860,532,185,0.6167943322233026,0.3521539722006516,0.49503726,-0.04349131521277577,Mad Max 2 (a.k.a. The Road Warrior),Action|Sci-Fi
3462,595,221,49,0.38803541445458195,0.2544413720323957,0.4950715,-1.2608127789347265,Mad Max Beyond Thunderdome,Action|Sci-Fi
3463,313,50,5,0.2184100339482241,0.24953611820779226,0.5471345,-1.5244975829309235,Bird on a Wire,Action|Adventure|Romance|Thriller
3464,369,176,68,0.4899351845422562,0.3891752735432709,0.5082433,-0.29909509888037356,Angel Heart,Film-Noir|Mystery|Thriller
3465,201,77,19,0.4234376188175512,0.3067213529195215,0.55708677,-0.46156740790762907,Nine 1/2 Weeks,Drama
3466,222,63,15,0.3392751556000197,0.3093239984139755,0.5239886,-1.0325797299592663,Firestarter,Horror|Thriller
3467,85,10,1,0.29098401720892864,0.3492268636796538,0.49963513,-1.2683497767256555,Sleepwalkers,Horror
3468,154,12,1,0.20236687413335963,0.3379614809803101,0.54078954,-1.3279728648962383,Action Jackson,Action|Comedy
3469,10,10,2,0.6547140387200894,0.36589353034632044,0.5440273,0.5302841232525379,Sarafina!,Drama
3470,272,117,22,0.4542945413764142,0.25121923245975586,0.52611375,-0.7766307289128309,Soapdish,Comedy
3471,63,36,10,0.5777242683469501,0.3482978118695259,0.54315346,0.16686189669807933,The Long Walk Home,Drama
3472,56,22,1,0.4838003992755223,0.29102238639971145,0.539336,-0.4223416435024937,Clara's Heart,Drama
3473,72,15,4,0.36297411740332264,0.368517104935065,0.54236937,-0.5931111887382199,Burglar,Comedy
3474,56,6,0,0.3328570030491072,0.35631449679962907,0.5342733,-0.8139907326677916,Fatal Beauty,Action|Crime
3475,361,135,28,0.39971494482531716,0.2592087125447526,0.54371613,-0.8216128720797564,Gone in 60 Seconds,Action|Crime
3476,38,19,9,0.5486686627636973,0.4196175626199888,0.48157704,-0.17497498973052833,American Pimp,Documentary
3477,27,9,2,0.4971797704312385,0.37209511560642755,0.541935,-0.06899314526207222,Love's Labour's Lost,Comedy|Romance
3478,55,36,13,0.6217413554590987,0.3831815327997585,0.5715871,0.6778825380505278,Sunshine,Drama
3479,9,2,1,0.5302176664950062,0.40295407347652357,0.51264507,-0.06241617740893564,Trixie,Comedy
3480,0,0,0,0.5856568464641073,0.39907223641558454,0.51674175,0.0,Live Virgin,Comedy
3481,208,130,40,0.6173753578418812,0.33307562122655127,0.563208,0.4218769644624604,Hamlet,Drama
3482,160,102,30,0.6251563920152636,0.3286421830314423,0.5604712,0.4150722262300499,Coming Home,Drama|War
3483,93,35,9,0.44953036589654094,0.34063072730328503,0.51645905,-0.559097093375946,American Pop,Animation|Musical
3484,78,41,18,0.5490847056500419,0.4170726573712003,0.534304,0.2272860508558044,Assault on Precinct 13,Action|Thriller
3485,129,89,22,0.6607980018056165,0.30182454547323184,0.5640673,0.48656682006490126,Near Dark,Comedy|Horror
3486,114,86,26,0.7029441605073498,0.33789420456455316,0.51848257,0.4196568752655924,One False Move,Thriller
3487,190,90,22,0.49701184301335566,0.2996686558627088,0.53967845,-0.3389241306628342,Shaft,Action|Crime
3488,355,295,172,0.8006983761066799,0.5563872806399398,0.5518543,1.8135040349980966,The Conversation,Drama|Mystery
3489,37,20,2,0.5664694519908663,0.3136230260111318,0.5484611,0.044357935906731344,Cutter's Way,Drama|Thriller
3490,57,15,5,0.413858339469209,0.3839017203196804,0.5218738,-0.503531254976958,The Fury,Horror
3491,232,164,36,0.6854001500822885,0.2614654757980338,0.5537064,0.36022408173159126,The Paper Chase,Drama
3492,51,27,7,0.5572558645861917,0.3500469067633666,0.55288625,0.169979206743976,Prince of the City,Drama
3493,411,311,106,0.7381406557987101,0.34890197180271254,0.549939,0.8373079013145556,Serpico,Crime|Drama
3494,28,19,7,0.6190107990154534,0.39063205537361195,0.5665553,0.6542220497117512,The Big Carnival,Drama
3495,44,30,19,0.6306685353532485,0.48692014775974035,0.53373975,0.7788014668790338,Lonely Are the Brave,Drama|Western
3496,62,29,7,0.520382520742905,0.34118495975669905,0.53337514,-0.15387345706878172,The Sugarland Express,Drama
3497,29,20,12,0.6238334471291819,0.45648016886827464,0.54847485,0.7611998258330857,Trouble in Paradise,Comedy|Romance
3498,472,243,64,0.5216146404659107,0.28653109836443424,0.5469697,-0.23354243085914395,Big Trouble in Little China,Action|Comedy
3499,190,148,69,0.7386785096800224,0.44926066576151125,0.5531242,1.2129658237303946,Badlands,Crime|Drama
3500,193,138,73,0.6884067585317093,0.49443410542967675,0.4959257,0.7328206326000399,"Battleship Potemkin, The (Bronenosets Potyomkin)",Drama|War
3501,45,8,2,0.39245097182321437,0.3785105486341246,0.55209845,-0.36968480599856535,Boys and Girls,Comedy|Romance
3502,274,130,20,0.4916137108740906,0.22196451011544016,0.53967845,-0.6297473144273243,Shaft,Action|Crime
3503,363,187,59,0.5236872695477127,0.3331376026193216,0.49065483,-0.5009564537137366,Titan A.E.,Adventure|Animation|Sci-Fi
3504,43,29,18,0.6266972292817781,0.48042546608581305,0.5109161,0.5637217686416294,Butterfly (La Lengua de las Mariposas),Drama|War
3505,90,56,20,0.6091631594514668,0.3769208662337663,0.5309914,0.29255575640117343,Jesus' Son,Drama
3506,0,0,0,0.5856568464641073,0.39907223641558454,0.54360497,0.0,The Match,Comedy|Romance
3507,14,6,2,0.5512944113000838,0.39202878251391476,0.5555737,0.3139054008668338,Time Regained (Le Temps Retrouvé),Drama
3508,834,623,255,0.7378765184651644,0.4085492003280523,0.5103809,0.7364005367784525,Chicken Run,Animation|Children's|Comedy
3509,380,149,46,0.4146112612167566,0.33142518502904134,0.48644483,-0.9582178843319138,"Me, Myself and Irene",Comedy
3510,874,586,250,0.665890521994811,0.4244553644980805,0.5260562,0.6371679005975217,The Patriot,Action|Drama|War
3511,152,43,10,0.357835853085175,0.3220818475352605,0.49241573,-1.1622148605673601,The Adventures of Rocky and Bullwinkle,Animation|Children's|Comedy
3512,659,331,73,0.508156336139923,0.24397273443774076,0.5335839,-0.5370918958792414,The Perfect Storm,Action|Adventure|Thriller
3513,0,0,0,0.5856568464641073,0.39907223641558454,0.5460301,0.0,The Golden Bowl,Drama
3514,17,4,2,0.4967588406448562,0.40654836705146713,0.53190285,-0.02876228712363993,Asylum,Horror
3515,29,29,8,0.7377574977620932,0.3538431876048003,0.5515027,0.8651583938312093,Communion,Drama|Sci-Fi|Thriller
3516,27,11,5,0.5231537964052645,0.4090756036193316,0.50453216,-0.13125680940636877,Fun and Fancy Free,Animation|Children's|Musical
3517,257,139,42,0.5481525808573464,0.32779688794063083,0.5199438,-0.19815211618430384,The Kentucky Fried Movie,Comedy
3518,20,5,1,0.4897548903315052,0.3809747603778041,0.5311479,-0.1504014945748551,"Blood In, Blood Out (a.k.a. Bound by Honor)",Crime|Drama
3519,3,0,0,0.5525064589284031,0.39907223641558454,0.5213518,0.0,Daughter of Dr. Jeckyll,Horror
3520,605,336,68,0.5576837287377181,0.22785909798129333,0.5580826,-0.2127560431901679,F/X,Action|Crime|Thriller
3521,206,37,3,0.25891735282502093,0.2638346186296463,0.5421496,-1.3580519086410683,F/X 2,Action|Crime|Thriller
3522,35,9,3,0.4503863802730043,0.38904426814880044,0.5614893,-0.03778936301321245,The Hot Spot,Drama|Romance
3523,161,33,3,0.29517934750334296,0.27654954000938825,0.5534583,-1.0868574276786003,Missing in Action,Action|War
3524,88,8,0,0.2701655240811983,0.3440277900134349,0.5309977,-1.1227380929872641,Missing in Action 2: The Beginning,Action|War
3525,62,7,1,0.32395394931433363,0.3676072249259513,0.51940405,-0.924388399119849,Braddock: Missing in Action III,Action|War
3526,162,81,16,0.5202020864302139,0.27445505206701704,0.50402194,-0.6145000704185364,Thunderbolt and Lightfoot,Action
3527,283,151,26,0.5413899168865026,0.22862493443173745,0.54071575,-0.40750786868836253,Dreamscape,Adventure|Crime|Sci-Fi|Thriller
3528,130,59,14,0.4904602351289187,0.31150102587870854,0.51646286,-0.5032443094910506,The Golden Voyage of Sinbad,Action|Adventure
3529,3,0,0,0.5525064589284031,0.39907223641558454,0.5124683,0.0,Hatchet For the Honeymoon (Rosso Segno Della Follia),Horror
3530,145,29,4,0.29888637088823267,0.30321027621239527,0.52684414,-1.1866575677707585,House Party,Comedy
3531,54,3,0,0.3104119454154362,0.37648324190149485,0.5218621,-0.9264154128559279,House Party 2,Comedy
3532,15,8,1,0.5735821895877748,0.3612691693237798,0.49745458,-0.15887103760582444,Make Mine Music,Animation|Children's|Musical
3533,20,11,3,0.575469176045791,0.3762887183734299,0.5031412,-0.055253931329687006,Melody Time,Animation|Children's|Musical
3534,9,1,1,0.5132685139526333,0.41085513374076915,0.5440188,0.1436692305077397,Nekromantik,Comedy|Horror
3535,5,2,1,0.5687789513310066,0.40295407347652357,0.5675995,0.5123844059847075,On Our Merry Way,Comedy|Drama
3536,1,0,0,0.5741733788863798,0.39907223641558454,0.4884738,0.0,Project Moon Base,Sci-Fi
3537,38,16,8,0.5145777536727882,0.4235395730421095,0.47901067,-0.3121077119235405,Rocketship X-M,Sci-Fi
3538,27,8,3,0.4841927574442255,0.3957519279444694,0.533424,-0.1027033399681928,Shaft in Africa,Action|Crime
3539,10,10,4,0.6547140387200894,0.39922686367965377,0.53131765,0.5474423551853528,Shaft's Big Score!,Action|Crime
3540,143,119,44,0.7683048825036547,0.37842373858449246,0.56513983,1.1737515484887202,Croupier,Crime|Drama
3541,80,36,11,0.5021757101785027,0.35992571884627006,0.5135596,-0.3125030380408766,The Kid,Comedy
3542,390,166,57,0.44382464164364854,0.35626672139249643,0.56072545,-0.18284193993889372,Scary Movie,Comedy|Horror
3543,102,49,15,0.5150186994947721,0.3530667860684771,0.47832435,-0.5607152556267578,But I'm a Cheerleader,Comedy
3544,32,22,12,0.6254005161366508,0.44380016417748924,0.5128374,0.4463545520833625,Shower (Xizhao),Comedy
3545,206,137,52,0.6495423528250209,0.3847786728383916,0.5765533,0.8286994938852823,Blowup,Drama|Mystery
3546,138,113,60,0.7568236293787519,0.4905129559557008,0.54975766,1.3998530069692634,The Pawnbroker,Drama
3547,12,12,3,0.6658522955355705,0.37021954549643915,0.58330715,0.8931396618587883,Groove,Drama
3548,345,112,24,0.35767808183089966,0.27131859148629156,0.581612,-0.6465239193572114,Footloose,Drama
3549,65,41,12,0.6111551506365683,0.35113859143713433,0.51018715,0.04900061620995891,Duel in the Sun,Western
3550,1069,767,273,0.7116021825944642,0.35857235228981543,0.5154404,0.501136282931964,X-Men,Action|Sci-Fi
3551,49,25,8,0.548311538618236,0.3727148242770564,0.5253369,0.00048306685087014245,Chuck & Buck,Comedy|Drama
3552,43,23,7,0.5621811002495201,0.36922755918875655,0.5854655,0.5085855771216844,The Five Senses,Drama
3553,4,2,0,0.5793118948741734,0.38372330424575435,0.51668125,0.0,"Wisdom of Crocodiles, The (a.k.a. Immortality)",Romance|Thriller
3554,12,1,0,0.4884329406968607,0.39124729060351426,0.55394834,0.05731581399300589,The In Crowd,Thriller
3555,305,162,42,0.5388249079526911,0.29223401802254356,0.5359198,-0.23348972153558778,What Lies Beneath,Thriller
3556,67,7,2,0.3101097634461997,0.38515108457507413,0.4725461,-1.2804637087349962,Pokémon the Movie 2000,Animation|Children's
3557,3,1,1,0.571374383456705,0.41085513374076915,0.53186387,0.0,Criminal Lovers (Les Amants Criminels),Drama|Romance
3558,172,147,71,0.7940668573117359,0.4616934610191839,0.5492248,1.4384673243300756,Anatomy of a Murder,Drama|Mystery
3559,251,33,3,0.20691974193755935,0.27654954000938825,0.5204403,-1.6820181279232074,Freejack,Action|Sci-Fi
3560,9,5,1,0.5810651241221249,0.3809747603778041,0.5538684,0.37649026031225696,Greaser's Palace,Drama
3561,35,11,6,0.47391579203771017,0.4254690462422824,0.5292347,-0.07138180786897325,H.O.T.S.,Comedy
3562,32,8,2,0.4546688088195776,0.3785105486341246,0.5285018,-0.31417170442741743,Knightriders,Action|Adventure|Drama
3563,51,19,7,0.47804794379411253,0.39063205537361195,0.51568115,-0.28188521394216415,MacKenna's Gold,Western
3564,87,38,8,0.49111563739565955,0.3176546797815821,0.52384585,-0.4219974830008717,Sinbad and the Eye of the Tiger,Action|Adventure
3565,40,30,17,0.6586982480356152,0.4619201477597404,0.482006,0.3976752014676057,Two Women (La Ciociara),Drama|War
3566,659,329,95,0.5053354616688369,0.30330768290443066,0.49776685,-0.6198418663604204,What About Bob?,Comedy
3567,71,26,4,0.4568829944066559,0.3151791029049898,0.5533176,-0.3330846600003625,White Sands,Drama|Thriller
3568,301,237,104,0.7586405764193885,0.43189411784243636,0.54313785,1.1516484026996252,Breaker Morant,Drama|War
3569,228,127,37,0.5621684975654869,0.3217718181964928,0.50884277,-0.25152289569648256,Everything You Always Wanted to Know About Sex,Comedy
3570,69,31,7,0.5065785069176921,0.3327606397627065,0.56937695,0.04347835367351793,Interiors,Drama
3571,175,135,56,0.7301459658809127,0.41056006389610394,0.5445415,0.9790343692416632,Love and Death,Comedy
3572,29,19,8,0.6111752192810805,0.40512480899680037,0.5175556,0.293966288300104,"Official Story, The (La Historia Oficial)",Drama
3573,11,5,3,0.5620138085771371,0.41733839674144046,0.52397627,0.19761724227999658,"Other Side of Sunday, The (Søndagsengler)",Comedy|Drama
3574,7,1,1,0.5312779354948309,0.41085513374076915,0.51009285,-0.05070438579365985,Pot O' Gold,Comedy|Musical
3575,193,156,63,0.7624808326057834,0.4026874360232001,0.5294032,0.9581898247562054,Tampopo,Comedy
3576,19,2,1,0.45337452642326614,0.40295407347652357,0.48491904,-0.5726620814966894,Thomas and the Magic Railroad,Children's
3577,139,41,13,0.37186689059897016,0.3621276024261454,0.5044749,-0.8755052324090978,Nutty Professor II: The Klumps,Comedy
3578,46,32,16,0.6383629408667225,0.43845868074121014,0.4926389,0.32065989916874027,"Girl on the Bridge, The (La Fille sur le Pont)",Drama|Romance
3579,39,24,7,0.5986836216090491,0.36423799757809766,0.5803898,0.5919096652250136,Wonderland,Drama
3580,60,8,1,0.3389349302109579,0.3612691693237798,0.53178734,-0.7927497764771642,Autumn in New York,Drama|Romance
3581,116,36,12,0.3932701344771407,0.37155362582301427,0.5510595,-0.3987931634920391,Coyote Ugly,Drama
3582,225,53,11,0.29921033572074673,0.3005205031143614,0.52410454,-1.2160416456281762,Hollow Man,Horror|Sci-Fi|Thriller
3583,307,159,34,0.5274029196728441,0.2581512527310011,0.49907133,-0.6819876898306032,Space Cowboys,Action|Sci-Fi
3584,2,1,0,0.582362352369334,0.39124729060351426,0.5396932,0.0,Better Living,Comedy
3585,4,0,0,0.5422748578371364,0.39907223641558454,0.53358907,0.0,Psycho Beach Party,Comedy|Horror|Thriller
3586,84,57,19,0.6439018083821295,0.36405244692317035,0.54046893,0.45475249143633356,Saving Grace,Comedy
3587,19,8,2,0.5403310481623966,0.3785105486341246,0.50642043,-0.1569152421294034,"Black Sabbath (Tre Volti Della Paura, I)",Horror
3588,51,11,4,0.3988400230020333,0.39268216099638076,0.5065665,-0.6495325649529679,The Brain That Wouldn't Die,Horror|Sci-Fi
3589,158,32,3,0.294629049630795,0.2799220953753564,0.53157365,-1.247215684900086,Bronco Billy,Adventure|Drama|Romance
3590,142,37,3,0.3452231371000279,0.2638346186296463,0.552317,-0.9478613857774236,The Crush,Thriller
3591,303,221,67,0.7090165504906667,0.32086203623903775,0.53027886,0.4753735893167222,Kelly's Heroes,Action|Comedy|War
3592,68,18,4,0.40070205358648614,0.35225899736440036,0.48571542,-0.9448435406788798,Phantasm II,Horror
3593,31,5,2,0.42324496695315267,0.3991565785596223,0.4993523,-0.5893958611150587,Phantasm III: Lord of the Dead,Horror
3594,38,8,4,0.42366866276369736,0.41299330725481426,0.49619558,-0.5641892209064338,Phantasm IV: Oblivion,Horror
3595,96,18,3,0.3238550844055162,0.33755311501145924,0.50714844,-1.1244231855574802,Pumpkinhead,Horror
3596,254,52,5,0.2673777708000176,0.24464325314489438,0.53222233,-1.4693947728234642,Air America,Action|Comedy
3597,1,0,0,0.5741733788863798,0.39907223641558454,0.4949117,0.0,Make Them Die Slowly (Cannibal Ferox),Horror
3598,23,4,3,0.4559293468932242,0.4250668855699857,0.49562532,-0.4028395582377142,Sleepaway Camp,Horror
3599,334,197,73,0.5892782352166807,0.3763304122298754,0.5580284,0.4241754089145649,Steel Magnolias,Drama
3600,25,11,3,0.5371045643094049,0.3762887183734299,0.49798718,-0.24251900301512636,And God Created Woman (Et Dieu&#8230;Créa la Femme),Drama
3601,121,46,11,0.4402505399017857,0.3224334564664503,0.5164925,-0.6577067397994469,Easy Money,Comedy
3602,24,10,5,0.5308492205838563,0.41589353034632043,0.5013307,-0.10288837280827101,"Ilsa, She Wolf of the SS",Horror
3603,17,7,1,0.5415349600478413,0.3676072249259513,0.5577368,0.20835927459724918,Silent Fall,Drama|Thriller
3604,34,28,12,0.6819385990857781,0.4096616900099901,0.5254135,0.6423417921850126,The Spiral Staircase,Thriller
3605,11,4,1,0.5456203659541863,0.38802984853294864,0.5027991,-0.1316516037912524,Whatever Happened to Aunt Alice?,Crime|Thriller
3606,19,16,8,0.6562730771479038,0.4235395730421095,0.5126818,0.49320089478275286,I'm the One That I Want,Comedy
3607,99,69,25,0.6596163914309084,0.37776144387209437,0.52237,0.42214775811328903,The Tao of Steve,Comedy
3608,7,4,0,0.5839095144421994,0.3695113300144301,0.5570387,0.3721812032631502,The Tic Code,Drama
3609,7,5,2,0.6014533740913222,0.3991565785596223,0.49234053,0.040073863182109704,Aimée & Jaguar,Drama|Romance
3610,19,14,6,0.627287569901527,0.4055251846996754,0.5075078,0.27915650993469243,"Affair of Love, An (Une Liaison Pornographique)",Drama|Romance
3611,31,8,3,0.4602820039901897,0.3957519279444694,0.52475315,-0.2618112943466329,Bless the Child,Thriller
3612,28,14,5,0.5549082349128893,0.3899001846996754,0.5164632,0.016618923510929667,Cecil B. Demented,Comedy
3613,44,34,13,0.6732217268426103,0.3923049026283242,0.4818261,0.21002746216783785,The Eyes of Tammy Faye,Documentary
3614,4,2,0,0.5793118948741734,0.38372330424575435,0.52922696,0.0,The Opportunists,Crime
3615,106,51,11,0.5146336046359318,0.30647140416613095,0.5250457,-0.3612956263204221,The Replacements,Comedy
3616,0,0,0,0.5856568464641073,0.39907223641558454,0.49740788,0.0,About Adam,Comedy
3617,386,177,49,0.4731257851449664,0.3037604044968248,0.51620924,-0.5986472080905578,The Cell,Sci-Fi|Thriller
3618,88,31,14,0.43683219074786495,0.4191803928491263,0.49149415,-0.52867772960661,Godzilla 2000 (Gojira ni-sen mireniamu),Action|Adventure|Sci-Fi
3619,90,41,14,0.5020203023086097,0.3731166134151564,0.49439046,-0.416126147879602,The Original Kings of Comedy,Comedy|Documentary
3620,4,3,2,0.5978304133926919,0.4142190909580986,0.5283398,0.0,Sunset Strip,Comedy
3621,4,2,2,0.5793118948741734,0.42218484270729284,0.55537874,0.0,All the Rage (a.k.a. It's the Rage),Drama
3622,522,327,120,0.6228721019636457,0.37122973957766375,0.5284014,0.305269477435082,The Naked Gun: From the Files of Police Squad!,Comedy
3623,323,109,20,0.3707314807592637,0.25128057748917754,0.5279663,-1.0827272395655712,The Naked Gun 2 1/2: The Smell of Fear,Comedy
3624,36,21,11,0.5846842130605275,0.43596636367294683,0.5658149,0.6743190687401353,Our Town,Drama
3625,233,150,67,0.633508276760443,0.43476805910389615,0.55887574,0.8036365110051424,Shane,Drama|Western
3626,82,57,24,0.6536578963879194,0.4107814188857872,0.55106705,0.7369399059621039,"Suddenly, Last Summer",Drama
3627,224,143,53,0.6287694975299466,0.37799798870870066,0.518614,0.27541458517664474,Cat Ballou,Comedy|Western
3628,13,4,1,0.5282990844953233,0.38802984853294864,0.5134289,-0.11556923435961147,A Couch in New York,Comedy|Romance
3629,4,3,0,0.5978304133926919,0.37648324190149485,0.51799226,0.0,The Devil Rides Out,Horror
3630,3,0,0,0.5525064589284031,0.39907223641558454,0.5416902,0.0,Jerry & Tom,Drama
3631,137,11,2,0.2154162691080501,0.35989527575047914,0.50764626,-1.4590596129202285,Supergirl,Action|Adventure|Fantasy
3632,10,5,0,0.5713807053867561,0.36279294219598596,0.5086236,-0.0752775692820146,X: The Unknown,Sci-Fi
3633,79,22,3,0.3975414133581811,0.31880016417748924,0.52925676,-0.7351099646310658,The Art of War,Action
3634,15,9,3,0.5889668049723902,0.38904426814880044,0.4751215,-0.17673208265024548,The Ballad of Ramblin' Jack,Documentary
3635,1,1,1,0.5937812220236346,0.41085513374076915,0.49036872,0.0,Bittersweet Motel,Documentary
3636,114,56,6,0.520017331239057,0.24484539453565307,0.5556835,-0.316898980805619,Bring It On,Comedy
3637,7,1,1,0.5312779354948309,0.41085513374076915,0.53531647,0.14519793134970224,Catfish in Black Bean Sauce,Comedy|Drama
3638,25,5,0,0.4571045643094049,0.36279294219598596,0.52357227,-0.39774541898145216,The Crew,Comedy
3639,17,9,2,0.571385706316498,0.37209511560642755,0.5497459,0.2764583510659346,Love & Sex,Comedy|Romance
3640,17,9,1,0.571385706316498,0.35514596306405466,0.5474525,0.1997296107666141,Steal This Movie!,Drama
3641,2,1,0,0.582362352369334,0.39124729060351426,0.5388634,0.0,Went to Coney Island on a Mission From God... Be Back by Five,Drama
3642,0,0,0,0.5856568464641073,0.39907223641558454,0.5559866,0.0,Skipped Parts,Drama|Romance
3643,84,16,4,0.33793165912839823,0.3629335124360489,0.50679004,-0.9849593111258693,Highlander: Endgame,Action|Adventure|Fantasy
3644,1,0,0,0.5741733788863798,0.39907223641558454,0.5381802,0.0,Back Stage,Documentary
3645,4,0,0,0.5422748578371364,0.39907223641558454,0.5801193,0.0,Turn It Up,Crime|Drama
3646,1,0,0,0.5741733788863798,0.39907223641558454,0.5211625,0.0,Anatomy (Anatomie),Horror
3647,319,195,45,0.6078125808216948,0.26511678294195606,0.52958935,-0.11215700657428124,Nurse Betty,Comedy|Thriller
3648,12,4,1,0.5368200374710542,0.38802984853294864,0.5566781,0.2530326421554998,Solas,Drama
3649,44,5,0,0.36471108854473794,0.36279294219598596,0.5504162,-0.543846211131674,The Watcher,Crime|Thriller
3650,94,50,20,0.5505752939111483,0.3995361182077923,0.55617625,0.3419214434012554,The Way of the Gun,Crime|Thriller
3651,550,473,276,0.8371380705386756,0.5658768868466142,0.55605876,2.018993229815349,Almost Famous,Comedy|Drama
3652,23,7,0,0.4970252373041831,0.3500633652768285,0.5527945,-0.061828887949405525,Bait,Action|Comedy
3653,1,0,0,0.5741733788863798,0.39907223641558454,0.5424222,0.0,Circus,Comedy
3654,9,2,0,0.5302176664950062,0.38372330424575435,0.56366616,0.26699771881268963,Crime and Punishment in Suburbia,Comedy|Drama
3655,51,11,6,0.3988400230020333,0.4254690462422824,0.54143244,-0.26477208956819537,Duets,Comedy|Drama
3656,11,4,2,0.5456203659541863,0.40654836705146713,0.5149528,0.027113452451995174,Goya in Bordeaux (Goya en Bodeos),Drama
3657,26,14,6,0.5695110832000706,0.4055251846996754,0.5698732,0.5417908523473747,Urbania,Drama
3658,1,0,0,0.5741733788863798,0.39907223641558454,0.53165716,0.0,An Uninvited Guest,Drama
3659,0,0,0,0.5856568464641073,0.39907223641558454,0.5287409,0.0,The Specials,Comedy
3660,3,1,1,0.571374383456705,0.41085513374076915,0.5401389,0.0,Under Suspicion,Crime
3661,56,7,2,0.34229096531325814,0.38515108457507413,0.54419,-0.6005276709932108,Urban Legends: Final Cut,Horror
3662,40,7,1,0.40314269248005963,0.3676072249259513,0.5017667,-0.7574609933630841,Woman on Top,Comedy|Romance
3663,111,75,51,0.647719517535437,0.5676288945662339,0.5201033,1.018880827939871,Dancer in the Dark,Drama|Musical
3664,306,254,120,0.7957383211325993,0.4603737230946685,0.5474926,1.4268414220077312,Best in Show,Comedy
3665,15,1,0,0.46588988189546715,0.39124729060351426,0.5824242,0.1919616114056511,Beautiful,Comedy|Drama
3666,19,7,4,0.5258382945392082,0.42023880387331974,0.4824972,-0.25328736474767566,Barenaked in America,Documentary
3667,35,18,5,0.5562687332141808,0.36696487971734154,0.5412055,0.13427934025296204,The Broken Hearts Club,Drama
3668,71,40,18,0.5725854737454988,0.4217067980086581,0.5503589,0.45827800307913635,Girlfight,Drama
3669,225,168,76,0.7173921539025649,0.4401541826641249,0.55311626,1.0995566492683873,Remember the Titans,Drama
3670,204,90,27,0.46961748946143844,0.3353829415769945,0.5029804,-0.6049320663982318,Hellraiser,Horror
3671,125,36,6,0.3730448132754592,0.30178618396254914,0.4871435,-1.2153429370133366,Hellbound: Hellraiser II,Horror
3672,61,6,0,0.31786344435320146,0.35631449679962907,0.49744654,-1.157552779785219,Hellraiser III: Hell on Earth,Horror
3673,49,29,14,0.5887155790222764,0.429792554693408,0.5484192,0.5332238093515143,"Faraway, So Close (In Weiter Ferne, So Nah!)",Drama|Fantasy
3674,34,7,2,0.43193859908577814,0.38515108457507413,0.5159827,-0.47555384944223655,Beach Party,Comedy
3675,31,4,2,0.410899287940807,0.40654836705146713,0.5037626,-0.5768284539510585,Bikini Beach,Comedy
3676,84,16,1,0.33793165912839823,0.3174789669815034,0.5339398,-0.9321013983232531,Return of the Fly,Horror|Sci-Fi
3677,20,4,1,0.4754691760457909,0.38802984853294864,0.52278954,-0.24561929683074574,Pajama Party,Comedy
3678,95,69,29,0.6778127056772784,0.4113748892502456,0.5471922,0.8016096779003504,Stranger Than Paradise,Comedy
3679,150,62,9,0.4564142116160268,0.25851439125695735,0.5194399,-0.7949707295453671,Voyage to the Bottom of the Sea,Adventure|Sci-Fi
3680,273,152,32,0.5612471898551249,0.25719609812266947,0.4981243,-0.5627756971410249,Fantastic Voyage,Adventure|Sci-Fi
3681,163,88,31,0.5506236728788984,0.36922907116506687,0.5208861,-0.037327884279434044,Abbott and Costello Meet Frankenstein,Comedy|Horror
3682,115,87,44,0.7047444989285173,0.46681468482320604,0.49170798,0.6667566808768006,The Bank Dick,Comedy
3683,178,77,15,0.46615281720704105,0.27522528992739553,0.5033522,-0.8244541741482967,The Creature From the Black Lagoon,Horror
3684,20,2,0,0.44689774747436234,0.38372330424575435,0.47408822,-0.748485339685713,The Giant Gila Monster,Horror|Sci-Fi
3685,178,117,35,0.6415914136982691,0.32906354383700137,0.5095967,0.0844882790927716,The Invisible Man,Horror|Sci-Fi
3686,8,2,0,0.5393593504000925,0.38372330424575435,0.4993754,-0.19724053966443686,The Killer Shrews,Horror|Sci-Fi
3687,25,8,3,0.49710456430940486,0.3957519279444694,0.5021358,-0.29615419602785104,Kronos,Sci-Fi
3688,14,3,1,0.5044194113000838,0.39535116642979673,0.5138979,-0.1781227135084343,Kronos,Horror
3689,95,63,14,0.6364333953324507,0.3004744408918516,0.5430204,0.22490417154032527,The Phantom of the Opera,Drama|Thriller
3690,102,21,2,0.33080817317898265,0.30920580029266514,0.5437579,-0.9119443426800011,Runaway,Sci-Fi|Thriller
3691,17,2,0,0.46690809437619946,0.38372330424575435,0.5254122,-0.27307565303291415,The Slumber Party Massacre,Horror
3692,17,3,1,0.48183346751052786,0.39535116642979673,0.51629686,-0.246171078094131,The Slumber Party Massacre II,Horror
3693,13,1,1,0.48068003687627564,0.41085513374076915,0.52392864,-0.13743143777675465,The Slumber Party Massacre III,Horror
3694,13,3,1,0.5124260686223073,0.39535116642979673,0.51114386,-0.16878433179116636,Sorority House Massacre,Horror
3695,20,3,1,0.46118346176007663,0.39535116642979673,0.50716,-0.39638411016628256,Sorority House Massacre II,Horror
3696,41,13,1,0.4646466189363227,0.3325970130282417,0.548107,-0.28321191174443805,Bamboozled,Comedy
3697,5,1,1,0.5505971331491885,0.41085513374076915,0.5505963,0.33801376210887324,Bootmen,Comedy|Drama
3698,26,1,0,0.3984584516211232,0.39124729060351426,0.48948845,-0.7886236532903412,Digimon: The Movie,Adventure|Animation|Children's
3699,50,7,2,0.36282842323205367,0.38515108457507413,0.5422214,-0.5369981824201938,Get Carter,Action|Drama|Thriller
3700,34,17,7,0.5509862181333972,0.40229271374297354,0.5145778,0.030001210926682703,Get Carter,Thriller
3701,451,291,102,0.6392871104255596,0.3576352252808775,0.50178355,0.11428059811973038,Meet the Parents,Comedy
3702,76,68,38,0.7720860501841695,0.4911323035659257,0.55642426,1.512356951196505,Requiem for a Dream,Drama
3703,15,6,2,0.5428129588185441,0.39202878251391476,0.55501914,0.2770482447559527,Tigerland,Drama
3704,21,14,8,0.6096174975099348,0.4367751846996754,0.5523349,0.6681253082055241,Two Family House,Drama
3705,196,132,42,0.6556213102569324,0.340404460553732,0.5644646,0.6038926874682142,The Contender,Drama|Thriller
